2023-12-11 14:04:34 startup archives install
2023-12-11 14:04:34 install base-passwd:amd64 <none> 3.5.52build1
2023-12-11 14:04:34 status half-installed base-passwd:amd64 3.5.52build1
2023-12-11 14:04:34 status unpacked base-passwd:amd64 3.5.52build1
2023-12-11 14:04:34 configure base-passwd:amd64 3.5.52build1 3.5.52build1
2023-12-11 14:04:34 status half-configured base-passwd:amd64 3.5.52build1
2023-12-11 14:04:34 status installed base-passwd:amd64 3.5.52build1
2023-12-11 14:04:34 startup archives install
2023-12-11 14:04:34 install base-files:amd64 <none> 12ubuntu4
2023-12-11 14:04:34 status half-installed base-files:amd64 12ubuntu4
2023-12-11 14:04:34 status unpacked base-files:amd64 12ubuntu4
2023-12-11 14:04:34 configure base-files:amd64 12ubuntu4 12ubuntu4
2023-12-11 14:04:34 status half-configured base-files:amd64 12ubuntu4
2023-12-11 14:04:34 status installed base-files:amd64 12ubuntu4
2023-12-11 14:04:34 startup archives install
2023-12-11 14:04:34 upgrade dpkg 1.21.1ubuntu2 1.21.1ubuntu2
2023-12-11 14:04:34 status half-configured dpkg 1.21.1ubuntu2
2023-12-11 14:04:34 status unpacked dpkg 1.21.1ubuntu2
2023-12-11 14:04:34 status half-installed dpkg 1.21.1ubuntu2
2023-12-11 14:04:34 status unpacked dpkg:amd64 1.21.1ubuntu2
2023-12-11 14:04:34 configure dpkg:amd64 1.21.1ubuntu2 1.21.1ubuntu2
2023-12-11 14:04:34 status half-configured dpkg:amd64 1.21.1ubuntu2
2023-12-11 14:04:34 status installed dpkg:amd64 1.21.1ubuntu2
2023-12-11 14:04:34 startup archives install
2023-12-11 14:04:34 install libc6:amd64 <none> 2.35-0ubuntu3
2023-12-11 14:04:34 status half-installed libc6:amd64 2.35-0ubuntu3
2023-12-11 14:04:34 status unpacked libc6:amd64 2.35-0ubuntu3
2023-12-11 14:04:34 configure libc6:amd64 2.35-0ubuntu3 2.35-0ubuntu3
2023-12-11 14:04:34 status half-configured libc6:amd64 2.35-0ubuntu3
2023-12-11 14:04:35 status installed libc6:amd64 2.35-0ubuntu3
2023-12-11 14:04:35 startup archives install
2023-12-11 14:04:35 install perl-base:amd64 <none> 5.34.0-3ubuntu1
2023-12-11 14:04:35 status half-installed perl-base:amd64 5.34.0-3ubuntu1
2023-12-11 14:04:35 status unpacked perl-base:amd64 5.34.0-3ubuntu1
2023-12-11 14:04:35 configure perl-base:amd64 5.34.0-3ubuntu1 5.34.0-3ubuntu1
2023-12-11 14:04:35 status half-configured perl-base:amd64 5.34.0-3ubuntu1
2023-12-11 14:04:35 status installed perl-base:amd64 5.34.0-3ubuntu1
2023-12-11 14:04:35 startup archives install
2023-12-11 14:04:35 install mawk:amd64 <none> 1.3.4.20200120-3
2023-12-11 14:04:35 status half-installed mawk:amd64 1.3.4.20200120-3
2023-12-11 14:04:35 status unpacked mawk:amd64 1.3.4.20200120-3
2023-12-11 14:04:35 configure mawk:amd64 1.3.4.20200120-3 1.3.4.20200120-3
2023-12-11 14:04:35 status half-configured mawk:amd64 1.3.4.20200120-3
2023-12-11 14:04:35 status installed mawk:amd64 1.3.4.20200120-3
2023-12-11 14:04:35 startup archives unpack
2023-12-11 14:04:35 upgrade base-files:amd64 12ubuntu4 12ubuntu4
2023-12-11 14:04:35 status half-configured base-files:amd64 12ubuntu4
2023-12-11 14:04:35 status unpacked base-files:amd64 12ubuntu4
2023-12-11 14:04:35 status half-installed base-files:amd64 12ubuntu4
2023-12-11 14:04:35 status unpacked base-files:amd64 12ubuntu4
2023-12-11 14:04:35 upgrade base-passwd:amd64 3.5.52build1 3.5.52build1
2023-12-11 14:04:35 status half-configured base-passwd:amd64 3.5.52build1
2023-12-11 14:04:35 status unpacked base-passwd:amd64 3.5.52build1
2023-12-11 14:04:35 status half-installed base-passwd:amd64 3.5.52build1
2023-12-11 14:04:35 status unpacked base-passwd:amd64 3.5.52build1
2023-12-11 14:04:35 install bash:amd64 <none> 5.1-6ubuntu1
2023-12-11 14:04:35 status half-installed bash:amd64 5.1-6ubuntu1
2023-12-11 14:04:35 status unpacked bash:amd64 5.1-6ubuntu1
2023-12-11 14:04:35 install bsdutils:amd64 <none> 1:2.37.2-4ubuntu3
2023-12-11 14:04:35 status half-installed bsdutils:amd64 1:2.37.2-4ubuntu3
2023-12-11 14:04:35 status unpacked bsdutils:amd64 1:2.37.2-4ubuntu3
2023-12-11 14:04:35 install coreutils:amd64 <none> 8.32-4.1ubuntu1
2023-12-11 14:04:35 status half-installed coreutils:amd64 8.32-4.1ubuntu1
2023-12-11 14:04:35 status unpacked coreutils:amd64 8.32-4.1ubuntu1
2023-12-11 14:04:35 install dash:amd64 <none> 0.5.11+git20210903+057cd650a4ed-3build1
2023-12-11 14:04:35 status half-installed dash:amd64 0.5.11+git20210903+057cd650a4ed-3build1
2023-12-11 14:04:35 status unpacked dash:amd64 0.5.11+git20210903+057cd650a4ed-3build1
2023-12-11 14:04:35 install debconf:all <none> 1.5.79ubuntu1
2023-12-11 14:04:35 status half-installed debconf:all 1.5.79ubuntu1
2023-12-11 14:04:35 status unpacked debconf:all 1.5.79ubuntu1
2023-12-11 14:04:35 install debianutils:amd64 <none> 5.5-1ubuntu2
2023-12-11 14:04:35 status half-installed debianutils:amd64 5.5-1ubuntu2
2023-12-11 14:04:35 status unpacked debianutils:amd64 5.5-1ubuntu2
2023-12-11 14:04:35 install diffutils:amd64 <none> 1:3.8-0ubuntu2
2023-12-11 14:04:35 status half-installed diffutils:amd64 1:3.8-0ubuntu2
2023-12-11 14:04:35 status unpacked diffutils:amd64 1:3.8-0ubuntu2
2023-12-11 14:04:35 upgrade dpkg:amd64 1.21.1ubuntu2 1.21.1ubuntu2
2023-12-11 14:04:35 status half-configured dpkg:amd64 1.21.1ubuntu2
2023-12-11 14:04:35 status unpacked dpkg:amd64 1.21.1ubuntu2
2023-12-11 14:04:35 status half-installed dpkg:amd64 1.21.1ubuntu2
2023-12-11 14:04:35 status unpacked dpkg:amd64 1.21.1ubuntu2
2023-12-11 14:04:35 install e2fsprogs:amd64 <none> 1.46.5-2ubuntu1
2023-12-11 14:04:35 status half-installed e2fsprogs:amd64 1.46.5-2ubuntu1
2023-12-11 14:04:35 status unpacked e2fsprogs:amd64 1.46.5-2ubuntu1
2023-12-11 14:04:35 install findutils:amd64 <none> 4.8.0-1ubuntu3
2023-12-11 14:04:35 status half-installed findutils:amd64 4.8.0-1ubuntu3
2023-12-11 14:04:35 status unpacked findutils:amd64 4.8.0-1ubuntu3
2023-12-11 14:04:35 install gcc-12-base:amd64 <none> 12-20220319-1ubuntu1
2023-12-11 14:04:35 status half-installed gcc-12-base:amd64 12-20220319-1ubuntu1
2023-12-11 14:04:35 status unpacked gcc-12-base:amd64 12-20220319-1ubuntu1
2023-12-11 14:04:35 install grep:amd64 <none> 3.7-1build1
2023-12-11 14:04:35 status half-installed grep:amd64 3.7-1build1
2023-12-11 14:04:35 status unpacked grep:amd64 3.7-1build1
2023-12-11 14:04:35 install gzip:amd64 <none> 1.10-4ubuntu4
2023-12-11 14:04:35 status half-installed gzip:amd64 1.10-4ubuntu4
2023-12-11 14:04:35 status unpacked gzip:amd64 1.10-4ubuntu4
2023-12-11 14:04:35 install hostname:amd64 <none> 3.23ubuntu2
2023-12-11 14:04:35 status half-installed hostname:amd64 3.23ubuntu2
2023-12-11 14:04:35 status unpacked hostname:amd64 3.23ubuntu2
2023-12-11 14:04:35 install init-system-helpers:all <none> 1.62
2023-12-11 14:04:35 status half-installed init-system-helpers:all 1.62
2023-12-11 14:04:35 status unpacked init-system-helpers:all 1.62
2023-12-11 14:04:35 install libacl1:amd64 <none> 2.3.1-1
2023-12-11 14:04:35 status half-installed libacl1:amd64 2.3.1-1
2023-12-11 14:04:35 status unpacked libacl1:amd64 2.3.1-1
2023-12-11 14:04:35 install libattr1:amd64 <none> 1:2.5.1-1build1
2023-12-11 14:04:35 status half-installed libattr1:amd64 1:2.5.1-1build1
2023-12-11 14:04:35 status unpacked libattr1:amd64 1:2.5.1-1build1
2023-12-11 14:04:35 install libaudit-common:all <none> 1:3.0.7-1build1
2023-12-11 14:04:35 status half-installed libaudit-common:all 1:3.0.7-1build1
2023-12-11 14:04:35 status unpacked libaudit-common:all 1:3.0.7-1build1
2023-12-11 14:04:35 install libaudit1:amd64 <none> 1:3.0.7-1build1
2023-12-11 14:04:35 status half-installed libaudit1:amd64 1:3.0.7-1build1
2023-12-11 14:04:35 status unpacked libaudit1:amd64 1:3.0.7-1build1
2023-12-11 14:04:35 install libblkid1:amd64 <none> 2.37.2-4ubuntu3
2023-12-11 14:04:35 status half-installed libblkid1:amd64 2.37.2-4ubuntu3
2023-12-11 14:04:35 status unpacked libblkid1:amd64 2.37.2-4ubuntu3
2023-12-11 14:04:35 install libbz2-1.0:amd64 <none> 1.0.8-5build1
2023-12-11 14:04:35 status half-installed libbz2-1.0:amd64 1.0.8-5build1
2023-12-11 14:04:35 status unpacked libbz2-1.0:amd64 1.0.8-5build1
2023-12-11 14:04:35 install libc-bin:amd64 <none> 2.35-0ubuntu3
2023-12-11 14:04:35 status half-installed libc-bin:amd64 2.35-0ubuntu3
2023-12-11 14:04:35 status unpacked libc-bin:amd64 2.35-0ubuntu3
2023-12-11 14:04:35 upgrade libc6:amd64 2.35-0ubuntu3 2.35-0ubuntu3
2023-12-11 14:04:35 status half-configured libc6:amd64 2.35-0ubuntu3
2023-12-11 14:04:35 status unpacked libc6:amd64 2.35-0ubuntu3
2023-12-11 14:04:35 status half-installed libc6:amd64 2.35-0ubuntu3
2023-12-11 14:04:35 status unpacked libc6:amd64 2.35-0ubuntu3
2023-12-11 14:04:35 install libcap-ng0:amd64 <none> 0.7.9-2.2build3
2023-12-11 14:04:35 status half-installed libcap-ng0:amd64 0.7.9-2.2build3
2023-12-11 14:04:35 status unpacked libcap-ng0:amd64 0.7.9-2.2build3
2023-12-11 14:04:35 install libcap2:amd64 <none> 1:2.44-1build3
2023-12-11 14:04:35 status half-installed libcap2:amd64 1:2.44-1build3
2023-12-11 14:04:35 status unpacked libcap2:amd64 1:2.44-1build3
2023-12-11 14:04:35 install libcom-err2:amd64 <none> 1.46.5-2ubuntu1
2023-12-11 14:04:35 status half-installed libcom-err2:amd64 1.46.5-2ubuntu1
2023-12-11 14:04:35 status unpacked libcom-err2:amd64 1.46.5-2ubuntu1
2023-12-11 14:04:35 install libcrypt1:amd64 <none> 1:4.4.27-1
2023-12-11 14:04:35 status half-installed libcrypt1:amd64 1:4.4.27-1
2023-12-11 14:04:35 status unpacked libcrypt1:amd64 1:4.4.27-1
2023-12-11 14:04:35 install libdb5.3:amd64 <none> 5.3.28+dfsg1-0.8ubuntu3
2023-12-11 14:04:35 status half-installed libdb5.3:amd64 5.3.28+dfsg1-0.8ubuntu3
2023-12-11 14:04:35 status unpacked libdb5.3:amd64 5.3.28+dfsg1-0.8ubuntu3
2023-12-11 14:04:35 install libdebconfclient0:amd64 <none> 0.261ubuntu1
2023-12-11 14:04:35 status half-installed libdebconfclient0:amd64 0.261ubuntu1
2023-12-11 14:04:35 status unpacked libdebconfclient0:amd64 0.261ubuntu1
2023-12-11 14:04:35 install libext2fs2:amd64 <none> 1.46.5-2ubuntu1
2023-12-11 14:04:35 status half-installed libext2fs2:amd64 1.46.5-2ubuntu1
2023-12-11 14:04:35 status unpacked libext2fs2:amd64 1.46.5-2ubuntu1
2023-12-11 14:04:35 install libgcc-s1:amd64 <none> 12-20220319-1ubuntu1
2023-12-11 14:04:35 status half-installed libgcc-s1:amd64 12-20220319-1ubuntu1
2023-12-11 14:04:35 status unpacked libgcc-s1:amd64 12-20220319-1ubuntu1
2023-12-11 14:04:35 install libgcrypt20:amd64 <none> 1.9.4-3ubuntu3
2023-12-11 14:04:35 status half-installed libgcrypt20:amd64 1.9.4-3ubuntu3
2023-12-11 14:04:35 status unpacked libgcrypt20:amd64 1.9.4-3ubuntu3
2023-12-11 14:04:35 install libgmp10:amd64 <none> 2:6.2.1+dfsg-3ubuntu1
2023-12-11 14:04:35 status half-installed libgmp10:amd64 2:6.2.1+dfsg-3ubuntu1
2023-12-11 14:04:35 status unpacked libgmp10:amd64 2:6.2.1+dfsg-3ubuntu1
2023-12-11 14:04:36 install libgpg-error0:amd64 <none> 1.43-3
2023-12-11 14:04:36 status half-installed libgpg-error0:amd64 1.43-3
2023-12-11 14:04:36 status unpacked libgpg-error0:amd64 1.43-3
2023-12-11 14:04:36 install libgssapi-krb5-2:amd64 <none> 1.19.2-2
2023-12-11 14:04:36 status half-installed libgssapi-krb5-2:amd64 1.19.2-2
2023-12-11 14:04:36 status unpacked libgssapi-krb5-2:amd64 1.19.2-2
2023-12-11 14:04:36 install libk5crypto3:amd64 <none> 1.19.2-2
2023-12-11 14:04:36 status half-installed libk5crypto3:amd64 1.19.2-2
2023-12-11 14:04:36 status unpacked libk5crypto3:amd64 1.19.2-2
2023-12-11 14:04:36 install libkeyutils1:amd64 <none> 1.6.1-2ubuntu3
2023-12-11 14:04:36 status half-installed libkeyutils1:amd64 1.6.1-2ubuntu3
2023-12-11 14:04:36 status unpacked libkeyutils1:amd64 1.6.1-2ubuntu3
2023-12-11 14:04:36 install libkrb5-3:amd64 <none> 1.19.2-2
2023-12-11 14:04:36 status half-installed libkrb5-3:amd64 1.19.2-2
2023-12-11 14:04:36 status unpacked libkrb5-3:amd64 1.19.2-2
2023-12-11 14:04:36 install libkrb5support0:amd64 <none> 1.19.2-2
2023-12-11 14:04:36 status half-installed libkrb5support0:amd64 1.19.2-2
2023-12-11 14:04:36 status unpacked libkrb5support0:amd64 1.19.2-2
2023-12-11 14:04:36 install liblz4-1:amd64 <none> 1.9.3-2build2
2023-12-11 14:04:36 status half-installed liblz4-1:amd64 1.9.3-2build2
2023-12-11 14:04:36 status unpacked liblz4-1:amd64 1.9.3-2build2
2023-12-11 14:04:36 install liblzma5:amd64 <none> 5.2.5-2ubuntu1
2023-12-11 14:04:36 status half-installed liblzma5:amd64 5.2.5-2ubuntu1
2023-12-11 14:04:36 status unpacked liblzma5:amd64 5.2.5-2ubuntu1
2023-12-11 14:04:36 install libmount1:amd64 <none> 2.37.2-4ubuntu3
2023-12-11 14:04:36 status half-installed libmount1:amd64 2.37.2-4ubuntu3
2023-12-11 14:04:36 status unpacked libmount1:amd64 2.37.2-4ubuntu3
2023-12-11 14:04:36 install libncurses6:amd64 <none> 6.3-2
2023-12-11 14:04:36 status half-installed libncurses6:amd64 6.3-2
2023-12-11 14:04:36 status unpacked libncurses6:amd64 6.3-2
2023-12-11 14:04:36 install libncursesw6:amd64 <none> 6.3-2
2023-12-11 14:04:36 status half-installed libncursesw6:amd64 6.3-2
2023-12-11 14:04:36 status unpacked libncursesw6:amd64 6.3-2
2023-12-11 14:04:36 install libnsl2:amd64 <none> 1.3.0-2build2
2023-12-11 14:04:36 status half-installed libnsl2:amd64 1.3.0-2build2
2023-12-11 14:04:36 status unpacked libnsl2:amd64 1.3.0-2build2
2023-12-11 14:04:36 install libpam-modules:amd64 <none> 1.4.0-11ubuntu2
2023-12-11 14:04:36 status half-installed libpam-modules:amd64 1.4.0-11ubuntu2
2023-12-11 14:04:36 status unpacked libpam-modules:amd64 1.4.0-11ubuntu2
2023-12-11 14:04:36 install libpam-modules-bin:amd64 <none> 1.4.0-11ubuntu2
2023-12-11 14:04:36 status half-installed libpam-modules-bin:amd64 1.4.0-11ubuntu2
2023-12-11 14:04:36 status unpacked libpam-modules-bin:amd64 1.4.0-11ubuntu2
2023-12-11 14:04:36 install libpam-runtime:all <none> 1.4.0-11ubuntu2
2023-12-11 14:04:36 status half-installed libpam-runtime:all 1.4.0-11ubuntu2
2023-12-11 14:04:36 status unpacked libpam-runtime:all 1.4.0-11ubuntu2
2023-12-11 14:04:36 install libpam0g:amd64 <none> 1.4.0-11ubuntu2
2023-12-11 14:04:36 status half-installed libpam0g:amd64 1.4.0-11ubuntu2
2023-12-11 14:04:36 status unpacked libpam0g:amd64 1.4.0-11ubuntu2
2023-12-11 14:04:36 install libpcre2-8-0:amd64 <none> 10.39-3build1
2023-12-11 14:04:36 status half-installed libpcre2-8-0:amd64 10.39-3build1
2023-12-11 14:04:36 status unpacked libpcre2-8-0:amd64 10.39-3build1
2023-12-11 14:04:36 install libpcre3:amd64 <none> 2:8.39-13build5
2023-12-11 14:04:36 status half-installed libpcre3:amd64 2:8.39-13build5
2023-12-11 14:04:36 status unpacked libpcre3:amd64 2:8.39-13build5
2023-12-11 14:04:36 install libprocps8:amd64 <none> 2:3.3.17-6ubuntu2
2023-12-11 14:04:36 status half-installed libprocps8:amd64 2:3.3.17-6ubuntu2
2023-12-11 14:04:36 status unpacked libprocps8:amd64 2:3.3.17-6ubuntu2
2023-12-11 14:04:36 install libselinux1:amd64 <none> 3.3-1build2
2023-12-11 14:04:36 status half-installed libselinux1:amd64 3.3-1build2
2023-12-11 14:04:36 status unpacked libselinux1:amd64 3.3-1build2
2023-12-11 14:04:36 install libsemanage-common:all <none> 3.3-1build2
2023-12-11 14:04:36 status half-installed libsemanage-common:all 3.3-1build2
2023-12-11 14:04:36 status unpacked libsemanage-common:all 3.3-1build2
2023-12-11 14:04:36 install libsemanage2:amd64 <none> 3.3-1build2
2023-12-11 14:04:36 status half-installed libsemanage2:amd64 3.3-1build2
2023-12-11 14:04:36 status unpacked libsemanage2:amd64 3.3-1build2
2023-12-11 14:04:36 install libsepol2:amd64 <none> 3.3-1build1
2023-12-11 14:04:36 status half-installed libsepol2:amd64 3.3-1build1
2023-12-11 14:04:36 status unpacked libsepol2:amd64 3.3-1build1
2023-12-11 14:04:36 install libsmartcols1:amd64 <none> 2.37.2-4ubuntu3
2023-12-11 14:04:36 status half-installed libsmartcols1:amd64 2.37.2-4ubuntu3
2023-12-11 14:04:36 status unpacked libsmartcols1:amd64 2.37.2-4ubuntu3
2023-12-11 14:04:36 install libss2:amd64 <none> 1.46.5-2ubuntu1
2023-12-11 14:04:36 status half-installed libss2:amd64 1.46.5-2ubuntu1
2023-12-11 14:04:36 status unpacked libss2:amd64 1.46.5-2ubuntu1
2023-12-11 14:04:36 install libssl3:amd64 <none> 3.0.2-0ubuntu1
2023-12-11 14:04:36 status half-installed libssl3:amd64 3.0.2-0ubuntu1
2023-12-11 14:04:36 status unpacked libssl3:amd64 3.0.2-0ubuntu1
2023-12-11 14:04:36 install libsystemd0:amd64 <none> 249.11-0ubuntu3
2023-12-11 14:04:36 status half-installed libsystemd0:amd64 249.11-0ubuntu3
2023-12-11 14:04:36 status unpacked libsystemd0:amd64 249.11-0ubuntu3
2023-12-11 14:04:36 install libtinfo6:amd64 <none> 6.3-2
2023-12-11 14:04:36 status half-installed libtinfo6:amd64 6.3-2
2023-12-11 14:04:36 status unpacked libtinfo6:amd64 6.3-2
2023-12-11 14:04:36 install libtirpc-common:all <none> 1.3.2-2build1
2023-12-11 14:04:36 status half-installed libtirpc-common:all 1.3.2-2build1
2023-12-11 14:04:36 status unpacked libtirpc-common:all 1.3.2-2build1
2023-12-11 14:04:36 install libtirpc3:amd64 <none> 1.3.2-2build1
2023-12-11 14:04:36 status half-installed libtirpc3:amd64 1.3.2-2build1
2023-12-11 14:04:36 status unpacked libtirpc3:amd64 1.3.2-2build1
2023-12-11 14:04:36 install libudev1:amd64 <none> 249.11-0ubuntu3
2023-12-11 14:04:36 status half-installed libudev1:amd64 249.11-0ubuntu3
2023-12-11 14:04:36 status unpacked libudev1:amd64 249.11-0ubuntu3
2023-12-11 14:04:36 install libuuid1:amd64 <none> 2.37.2-4ubuntu3
2023-12-11 14:04:36 status half-installed libuuid1:amd64 2.37.2-4ubuntu3
2023-12-11 14:04:36 status unpacked libuuid1:amd64 2.37.2-4ubuntu3
2023-12-11 14:04:36 install libzstd1:amd64 <none> 1.4.8+dfsg-3build1
2023-12-11 14:04:36 status half-installed libzstd1:amd64 1.4.8+dfsg-3build1
2023-12-11 14:04:36 status unpacked libzstd1:amd64 1.4.8+dfsg-3build1
2023-12-11 14:04:36 install login:amd64 <none> 1:4.8.1-2ubuntu2
2023-12-11 14:04:36 status half-installed login:amd64 1:4.8.1-2ubuntu2
2023-12-11 14:04:36 status unpacked login:amd64 1:4.8.1-2ubuntu2
2023-12-11 14:04:36 install logsave:amd64 <none> 1.46.5-2ubuntu1
2023-12-11 14:04:36 status half-installed logsave:amd64 1.46.5-2ubuntu1
2023-12-11 14:04:36 status unpacked logsave:amd64 1.46.5-2ubuntu1
2023-12-11 14:04:36 install lsb-base:all <none> 11.1.0ubuntu4
2023-12-11 14:04:36 status half-installed lsb-base:all 11.1.0ubuntu4
2023-12-11 14:04:36 status unpacked lsb-base:all 11.1.0ubuntu4
2023-12-11 14:04:36 upgrade mawk:amd64 1.3.4.20200120-3 1.3.4.20200120-3
2023-12-11 14:04:36 status half-configured mawk:amd64 1.3.4.20200120-3
2023-12-11 14:04:36 status unpacked mawk:amd64 1.3.4.20200120-3
2023-12-11 14:04:36 status half-installed mawk:amd64 1.3.4.20200120-3
2023-12-11 14:04:36 status unpacked mawk:amd64 1.3.4.20200120-3
2023-12-11 14:04:36 install mount:amd64 <none> 2.37.2-4ubuntu3
2023-12-11 14:04:36 status half-installed mount:amd64 2.37.2-4ubuntu3
2023-12-11 14:04:36 status unpacked mount:amd64 2.37.2-4ubuntu3
2023-12-11 14:04:36 install ncurses-base:all <none> 6.3-2
2023-12-11 14:04:36 status half-installed ncurses-base:all 6.3-2
2023-12-11 14:04:36 status unpacked ncurses-base:all 6.3-2
2023-12-11 14:04:36 install ncurses-bin:amd64 <none> 6.3-2
2023-12-11 14:04:36 status half-installed ncurses-bin:amd64 6.3-2
2023-12-11 14:04:36 status unpacked ncurses-bin:amd64 6.3-2
2023-12-11 14:04:36 install passwd:amd64 <none> 1:4.8.1-2ubuntu2
2023-12-11 14:04:36 status half-installed passwd:amd64 1:4.8.1-2ubuntu2
2023-12-11 14:04:36 status unpacked passwd:amd64 1:4.8.1-2ubuntu2
2023-12-11 14:04:36 upgrade perl-base:amd64 5.34.0-3ubuntu1 5.34.0-3ubuntu1
2023-12-11 14:04:36 status half-configured perl-base:amd64 5.34.0-3ubuntu1
2023-12-11 14:04:36 status unpacked perl-base:amd64 5.34.0-3ubuntu1
2023-12-11 14:04:36 status half-installed perl-base:amd64 5.34.0-3ubuntu1
2023-12-11 14:04:36 status unpacked perl-base:amd64 5.34.0-3ubuntu1
2023-12-11 14:04:36 install procps:amd64 <none> 2:3.3.17-6ubuntu2
2023-12-11 14:04:36 status half-installed procps:amd64 2:3.3.17-6ubuntu2
2023-12-11 14:04:36 status unpacked procps:amd64 2:3.3.17-6ubuntu2
2023-12-11 14:04:36 install sed:amd64 <none> 4.8-1ubuntu2
2023-12-11 14:04:36 status half-installed sed:amd64 4.8-1ubuntu2
2023-12-11 14:04:36 status unpacked sed:amd64 4.8-1ubuntu2
2023-12-11 14:04:36 install sensible-utils:all <none> 0.0.17
2023-12-11 14:04:36 status half-installed sensible-utils:all 0.0.17
2023-12-11 14:04:36 status unpacked sensible-utils:all 0.0.17
2023-12-11 14:04:37 install sysvinit-utils:amd64 <none> 3.01-1ubuntu1
2023-12-11 14:04:37 status half-installed sysvinit-utils:amd64 3.01-1ubuntu1
2023-12-11 14:04:37 status unpacked sysvinit-utils:amd64 3.01-1ubuntu1
2023-12-11 14:04:37 install tar:amd64 <none> 1.34+dfsg-1build3
2023-12-11 14:04:37 status half-installed tar:amd64 1.34+dfsg-1build3
2023-12-11 14:04:37 status unpacked tar:amd64 1.34+dfsg-1build3
2023-12-11 14:04:37 install usrmerge:all <none> 25ubuntu2
2023-12-11 14:04:37 status half-installed usrmerge:all 25ubuntu2
2023-12-11 14:04:37 status unpacked usrmerge:all 25ubuntu2
2023-12-11 14:04:37 install util-linux:amd64 <none> 2.37.2-4ubuntu3
2023-12-11 14:04:37 status half-installed util-linux:amd64 2.37.2-4ubuntu3
2023-12-11 14:04:37 status unpacked util-linux:amd64 2.37.2-4ubuntu3
2023-12-11 14:04:37 install zlib1g:amd64 <none> 1:1.2.11.dfsg-2ubuntu9
2023-12-11 14:04:37 status half-installed zlib1g:amd64 1:1.2.11.dfsg-2ubuntu9
2023-12-11 14:04:37 status unpacked zlib1g:amd64 1:1.2.11.dfsg-2ubuntu9
2023-12-11 14:04:37 startup packages configure
2023-12-11 14:04:37 configure lsb-base:all 11.1.0ubuntu4 <none>
2023-12-11 14:04:37 status unpacked lsb-base:all 11.1.0ubuntu4
2023-12-11 14:04:37 status half-configured lsb-base:all 11.1.0ubuntu4
2023-12-11 14:04:37 status installed lsb-base:all 11.1.0ubuntu4
2023-12-11 14:04:37 configure libtirpc-common:all 1.3.2-2build1 <none>
2023-12-11 14:04:37 status unpacked libtirpc-common:all 1.3.2-2build1
2023-12-11 14:04:37 status half-configured libtirpc-common:all 1.3.2-2build1
2023-12-11 14:04:37 status installed libtirpc-common:all 1.3.2-2build1
2023-12-11 14:04:37 configure libaudit-common:all 1:3.0.7-1build1 <none>
2023-12-11 14:04:37 status unpacked libaudit-common:all 1:3.0.7-1build1
2023-12-11 14:04:37 status half-configured libaudit-common:all 1:3.0.7-1build1
2023-12-11 14:04:37 status installed libaudit-common:all 1:3.0.7-1build1
2023-12-11 14:04:37 configure libsemanage-common:all 3.3-1build2 <none>
2023-12-11 14:04:37 status unpacked libsemanage-common:all 3.3-1build2
2023-12-11 14:04:37 status half-configured libsemanage-common:all 3.3-1build2
2023-12-11 14:04:37 status installed libsemanage-common:all 3.3-1build2
2023-12-11 14:04:37 configure gcc-12-base:amd64 12-20220319-1ubuntu1 <none>
2023-12-11 14:04:37 status unpacked gcc-12-base:amd64 12-20220319-1ubuntu1
2023-12-11 14:04:37 status half-configured gcc-12-base:amd64 12-20220319-1ubuntu1
2023-12-11 14:04:37 status installed gcc-12-base:amd64 12-20220319-1ubuntu1
2023-12-11 14:04:37 configure ncurses-base:all 6.3-2 <none>
2023-12-11 14:04:37 status unpacked ncurses-base:all 6.3-2
2023-12-11 14:04:37 status half-configured ncurses-base:all 6.3-2
2023-12-11 14:04:37 status installed ncurses-base:all 6.3-2
2023-12-11 14:04:37 configure sensible-utils:all 0.0.17 <none>
2023-12-11 14:04:37 status unpacked sensible-utils:all 0.0.17
2023-12-11 14:04:37 status half-configured sensible-utils:all 0.0.17
2023-12-11 14:04:37 status installed sensible-utils:all 0.0.17
2023-12-11 14:04:37 configure libcrypt1:amd64 1:4.4.27-1 <none>
2023-12-11 14:04:37 status unpacked libcrypt1:amd64 1:4.4.27-1
2023-12-11 14:04:37 status half-configured libcrypt1:amd64 1:4.4.27-1
2023-12-11 14:04:37 status installed libcrypt1:amd64 1:4.4.27-1
2023-12-11 14:04:37 configure libgcc-s1:amd64 12-20220319-1ubuntu1 <none>
2023-12-11 14:04:37 status unpacked libgcc-s1:amd64 12-20220319-1ubuntu1
2023-12-11 14:04:37 status half-configured libgcc-s1:amd64 12-20220319-1ubuntu1
2023-12-11 14:04:37 status installed libgcc-s1:amd64 12-20220319-1ubuntu1
2023-12-11 14:04:37 configure libc6:amd64 2.35-0ubuntu3 <none>
2023-12-11 14:04:37 status unpacked libc6:amd64 2.35-0ubuntu3
2023-12-11 14:04:37 status half-configured libc6:amd64 2.35-0ubuntu3
2023-12-11 14:04:37 status installed libc6:amd64 2.35-0ubuntu3
2023-12-11 14:04:37 configure libudev1:amd64 249.11-0ubuntu3 <none>
2023-12-11 14:04:37 status unpacked libudev1:amd64 249.11-0ubuntu3
2023-12-11 14:04:37 status half-configured libudev1:amd64 249.11-0ubuntu3
2023-12-11 14:04:37 status installed libudev1:amd64 249.11-0ubuntu3
2023-12-11 14:04:37 configure libattr1:amd64 1:2.5.1-1build1 <none>
2023-12-11 14:04:37 status unpacked libattr1:amd64 1:2.5.1-1build1
2023-12-11 14:04:37 status half-configured libattr1:amd64 1:2.5.1-1build1
2023-12-11 14:04:37 status installed libattr1:amd64 1:2.5.1-1build1
2023-12-11 14:04:37 configure sysvinit-utils:amd64 3.01-1ubuntu1 <none>
2023-12-11 14:04:37 status unpacked sysvinit-utils:amd64 3.01-1ubuntu1
2023-12-11 14:04:37 status half-configured sysvinit-utils:amd64 3.01-1ubuntu1
2023-12-11 14:04:37 status installed sysvinit-utils:amd64 3.01-1ubuntu1
2023-12-11 14:04:37 configure debianutils:amd64 5.5-1ubuntu2 <none>
2023-12-11 14:04:37 status unpacked debianutils:amd64 5.5-1ubuntu2
2023-12-11 14:04:37 status half-configured debianutils:amd64 5.5-1ubuntu2
2023-12-11 14:04:37 status installed debianutils:amd64 5.5-1ubuntu2
2023-12-11 14:04:37 configure mawk:amd64 1.3.4.20200120-3 <none>
2023-12-11 14:04:37 status unpacked mawk:amd64 1.3.4.20200120-3
2023-12-11 14:04:37 status half-configured mawk:amd64 1.3.4.20200120-3
2023-12-11 14:04:37 status installed mawk:amd64 1.3.4.20200120-3
2023-12-11 14:04:37 configure libdebconfclient0:amd64 0.261ubuntu1 <none>
2023-12-11 14:04:37 status unpacked libdebconfclient0:amd64 0.261ubuntu1
2023-12-11 14:04:37 status half-configured libdebconfclient0:amd64 0.261ubuntu1
2023-12-11 14:04:37 status installed libdebconfclient0:amd64 0.261ubuntu1
2023-12-11 14:04:37 configure base-files:amd64 12ubuntu4 <none>
2023-12-11 14:04:37 status unpacked base-files:amd64 12ubuntu4
2023-12-11 14:04:37 status half-configured base-files:amd64 12ubuntu4
2023-12-11 14:04:37 status installed base-files:amd64 12ubuntu4
2023-12-11 14:04:37 configure libbz2-1.0:amd64 1.0.8-5build1 <none>
2023-12-11 14:04:37 status unpacked libbz2-1.0:amd64 1.0.8-5build1
2023-12-11 14:04:37 status half-configured libbz2-1.0:amd64 1.0.8-5build1
2023-12-11 14:04:37 status installed libbz2-1.0:amd64 1.0.8-5build1
2023-12-11 14:04:37 configure base-passwd:amd64 3.5.52build1 <none>
2023-12-11 14:04:37 status unpacked base-passwd:amd64 3.5.52build1
2023-12-11 14:04:37 status half-configured base-passwd:amd64 3.5.52build1
2023-12-11 14:04:37 status installed base-passwd:amd64 3.5.52build1
2023-12-11 14:04:37 configure libdb5.3:amd64 5.3.28+dfsg1-0.8ubuntu3 <none>
2023-12-11 14:04:37 status unpacked libdb5.3:amd64 5.3.28+dfsg1-0.8ubuntu3
2023-12-11 14:04:37 status half-configured libdb5.3:amd64 5.3.28+dfsg1-0.8ubuntu3
2023-12-11 14:04:37 status installed libdb5.3:amd64 5.3.28+dfsg1-0.8ubuntu3
2023-12-11 14:04:37 configure libblkid1:amd64 2.37.2-4ubuntu3 <none>
2023-12-11 14:04:37 status unpacked libblkid1:amd64 2.37.2-4ubuntu3
2023-12-11 14:04:37 status half-configured libblkid1:amd64 2.37.2-4ubuntu3
2023-12-11 14:04:37 status installed libblkid1:amd64 2.37.2-4ubuntu3
2023-12-11 14:04:37 configure libtinfo6:amd64 6.3-2 <none>
2023-12-11 14:04:37 status unpacked libtinfo6:amd64 6.3-2
2023-12-11 14:04:37 status half-configured libtinfo6:amd64 6.3-2
2023-12-11 14:04:37 status installed libtinfo6:amd64 6.3-2
2023-12-11 14:04:37 configure bash:amd64 5.1-6ubuntu1 <none>
2023-12-11 14:04:37 status unpacked bash:amd64 5.1-6ubuntu1
2023-12-11 14:04:37 status half-configured bash:amd64 5.1-6ubuntu1
2023-12-11 14:04:37 status installed bash:amd64 5.1-6ubuntu1
2023-12-11 14:04:37 configure libzstd1:amd64 1.4.8+dfsg-3build1 <none>
2023-12-11 14:04:37 status unpacked libzstd1:amd64 1.4.8+dfsg-3build1
2023-12-11 14:04:37 status half-configured libzstd1:amd64 1.4.8+dfsg-3build1
2023-12-11 14:04:37 status installed libzstd1:amd64 1.4.8+dfsg-3build1
2023-12-11 14:04:37 configure libkeyutils1:amd64 1.6.1-2ubuntu3 <none>
2023-12-11 14:04:37 status unpacked libkeyutils1:amd64 1.6.1-2ubuntu3
2023-12-11 14:04:37 status half-configured libkeyutils1:amd64 1.6.1-2ubuntu3
2023-12-11 14:04:37 status installed libkeyutils1:amd64 1.6.1-2ubuntu3
2023-12-11 14:04:37 configure liblzma5:amd64 5.2.5-2ubuntu1 <none>
2023-12-11 14:04:37 status unpacked liblzma5:amd64 5.2.5-2ubuntu1
2023-12-11 14:04:37 status half-configured liblzma5:amd64 5.2.5-2ubuntu1
2023-12-11 14:04:37 status installed liblzma5:amd64 5.2.5-2ubuntu1
2023-12-11 14:04:37 configure libgpg-error0:amd64 1.43-3 <none>
2023-12-11 14:04:37 status unpacked libgpg-error0:amd64 1.43-3
2023-12-11 14:04:37 status half-configured libgpg-error0:amd64 1.43-3
2023-12-11 14:04:37 status installed libgpg-error0:amd64 1.43-3
2023-12-11 14:04:37 configure liblz4-1:amd64 1.9.3-2build2 <none>
2023-12-11 14:04:37 status unpacked liblz4-1:amd64 1.9.3-2build2
2023-12-11 14:04:37 status half-configured liblz4-1:amd64 1.9.3-2build2
2023-12-11 14:04:37 status installed liblz4-1:amd64 1.9.3-2build2
2023-12-11 14:04:37 configure libc-bin:amd64 2.35-0ubuntu3 <none>
2023-12-11 14:04:37 status unpacked libc-bin:amd64 2.35-0ubuntu3
2023-12-11 14:04:37 status half-configured libc-bin:amd64 2.35-0ubuntu3
2023-12-11 14:04:37 status installed libc-bin:amd64 2.35-0ubuntu3
2023-12-11 14:04:37 configure ncurses-bin:amd64 6.3-2 <none>
2023-12-11 14:04:37 status unpacked ncurses-bin:amd64 6.3-2
2023-12-11 14:04:37 status half-configured ncurses-bin:amd64 6.3-2
2023-12-11 14:04:37 status installed ncurses-bin:amd64 6.3-2
2023-12-11 14:04:37 configure libacl1:amd64 2.3.1-1 <none>
2023-12-11 14:04:37 status triggers-pending libc-bin:amd64 2.35-0ubuntu3
2023-12-11 14:04:37 status unpacked libacl1:amd64 2.3.1-1
2023-12-11 14:04:37 status half-configured libacl1:amd64 2.3.1-1
2023-12-11 14:04:37 status installed libacl1:amd64 2.3.1-1
2023-12-11 14:04:37 configure libsmartcols1:amd64 2.37.2-4ubuntu3 <none>
2023-12-11 14:04:37 status unpacked libsmartcols1:amd64 2.37.2-4ubuntu3
2023-12-11 14:04:37 status half-configured libsmartcols1:amd64 2.37.2-4ubuntu3
2023-12-11 14:04:37 status installed libsmartcols1:amd64 2.37.2-4ubuntu3
2023-12-11 14:04:37 configure libgcrypt20:amd64 1.9.4-3ubuntu3 <none>
2023-12-11 14:04:37 status unpacked libgcrypt20:amd64 1.9.4-3ubuntu3
2023-12-11 14:04:37 status half-configured libgcrypt20:amd64 1.9.4-3ubuntu3
2023-12-11 14:04:37 status installed libgcrypt20:amd64 1.9.4-3ubuntu3
2023-12-11 14:04:37 configure zlib1g:amd64 1:1.2.11.dfsg-2ubuntu9 <none>
2023-12-11 14:04:37 status unpacked zlib1g:amd64 1:1.2.11.dfsg-2ubuntu9
2023-12-11 14:04:37 status half-configured zlib1g:amd64 1:1.2.11.dfsg-2ubuntu9
2023-12-11 14:04:37 status installed zlib1g:amd64 1:1.2.11.dfsg-2ubuntu9
2023-12-11 14:04:37 configure libcom-err2:amd64 1.46.5-2ubuntu1 <none>
2023-12-11 14:04:37 status unpacked libcom-err2:amd64 1.46.5-2ubuntu1
2023-12-11 14:04:37 status half-configured libcom-err2:amd64 1.46.5-2ubuntu1
2023-12-11 14:04:37 status installed libcom-err2:amd64 1.46.5-2ubuntu1
2023-12-11 14:04:37 configure diffutils:amd64 1:3.8-0ubuntu2 <none>
2023-12-11 14:04:37 status unpacked diffutils:amd64 1:3.8-0ubuntu2
2023-12-11 14:04:37 status half-configured diffutils:amd64 1:3.8-0ubuntu2
2023-12-11 14:04:37 status installed diffutils:amd64 1:3.8-0ubuntu2
2023-12-11 14:04:37 configure libcap2:amd64 1:2.44-1build3 <none>
2023-12-11 14:04:37 status unpacked libcap2:amd64 1:2.44-1build3
2023-12-11 14:04:37 status half-configured libcap2:amd64 1:2.44-1build3
2023-12-11 14:04:37 status installed libcap2:amd64 1:2.44-1build3
2023-12-11 14:04:37 configure libkrb5support0:amd64 1.19.2-2 <none>
2023-12-11 14:04:37 status unpacked libkrb5support0:amd64 1.19.2-2
2023-12-11 14:04:37 status half-configured libkrb5support0:amd64 1.19.2-2
2023-12-11 14:04:37 status installed libkrb5support0:amd64 1.19.2-2
2023-12-11 14:04:37 configure hostname:amd64 3.23ubuntu2 <none>
2023-12-11 14:04:37 status unpacked hostname:amd64 3.23ubuntu2
2023-12-11 14:04:37 status half-configured hostname:amd64 3.23ubuntu2
2023-12-11 14:04:37 status installed hostname:amd64 3.23ubuntu2
2023-12-11 14:04:37 configure libpcre3:amd64 2:8.39-13build5 <none>
2023-12-11 14:04:37 status unpacked libpcre3:amd64 2:8.39-13build5
2023-12-11 14:04:37 status half-configured libpcre3:amd64 2:8.39-13build5
2023-12-11 14:04:37 status installed libpcre3:amd64 2:8.39-13build5
2023-12-11 14:04:37 configure libcap-ng0:amd64 0.7.9-2.2build3 <none>
2023-12-11 14:04:37 status unpacked libcap-ng0:amd64 0.7.9-2.2build3
2023-12-11 14:04:37 status half-configured libcap-ng0:amd64 0.7.9-2.2build3
2023-12-11 14:04:37 status installed libcap-ng0:amd64 0.7.9-2.2build3
2023-12-11 14:04:37 configure libext2fs2:amd64 1.46.5-2ubuntu1 <none>
2023-12-11 14:04:37 status unpacked libext2fs2:amd64 1.46.5-2ubuntu1
2023-12-11 14:04:37 status half-configured libext2fs2:amd64 1.46.5-2ubuntu1
2023-12-11 14:04:37 status installed libext2fs2:amd64 1.46.5-2ubuntu1
2023-12-11 14:04:37 configure libgmp10:amd64 2:6.2.1+dfsg-3ubuntu1 <none>
2023-12-11 14:04:37 status unpacked libgmp10:amd64 2:6.2.1+dfsg-3ubuntu1
2023-12-11 14:04:37 status half-configured libgmp10:amd64 2:6.2.1+dfsg-3ubuntu1
2023-12-11 14:04:37 status installed libgmp10:amd64 2:6.2.1+dfsg-3ubuntu1
2023-12-11 14:04:37 configure libncurses6:amd64 6.3-2 <none>
2023-12-11 14:04:37 status unpacked libncurses6:amd64 6.3-2
2023-12-11 14:04:37 status half-configured libncurses6:amd64 6.3-2
2023-12-11 14:04:37 status installed libncurses6:amd64 6.3-2
2023-12-11 14:04:37 configure libaudit1:amd64 1:3.0.7-1build1 <none>
2023-12-11 14:04:37 status unpacked libaudit1:amd64 1:3.0.7-1build1
2023-12-11 14:04:37 status half-configured libaudit1:amd64 1:3.0.7-1build1
2023-12-11 14:04:37 status installed libaudit1:amd64 1:3.0.7-1build1
2023-12-11 14:04:37 configure libuuid1:amd64 2.37.2-4ubuntu3 <none>
2023-12-11 14:04:37 status unpacked libuuid1:amd64 2.37.2-4ubuntu3
2023-12-11 14:04:37 status half-configured libuuid1:amd64 2.37.2-4ubuntu3
2023-12-11 14:04:37 status installed libuuid1:amd64 2.37.2-4ubuntu3
2023-12-11 14:04:37 configure libss2:amd64 1.46.5-2ubuntu1 <none>
2023-12-11 14:04:37 status unpacked libss2:amd64 1.46.5-2ubuntu1
2023-12-11 14:04:37 status half-configured libss2:amd64 1.46.5-2ubuntu1
2023-12-11 14:04:37 status installed libss2:amd64 1.46.5-2ubuntu1
2023-12-11 14:04:37 configure libsepol2:amd64 3.3-1build1 <none>
2023-12-11 14:04:37 status unpacked libsepol2:amd64 3.3-1build1
2023-12-11 14:04:37 status half-configured libsepol2:amd64 3.3-1build1
2023-12-11 14:04:37 status installed libsepol2:amd64 3.3-1build1
2023-12-11 14:04:37 configure libpcre2-8-0:amd64 10.39-3build1 <none>
2023-12-11 14:04:37 status unpacked libpcre2-8-0:amd64 10.39-3build1
2023-12-11 14:04:37 status half-configured libpcre2-8-0:amd64 10.39-3build1
2023-12-11 14:04:37 status installed libpcre2-8-0:amd64 10.39-3build1
2023-12-11 14:04:37 configure libncursesw6:amd64 6.3-2 <none>
2023-12-11 14:04:37 status unpacked libncursesw6:amd64 6.3-2
2023-12-11 14:04:37 status half-configured libncursesw6:amd64 6.3-2
2023-12-11 14:04:37 status installed libncursesw6:amd64 6.3-2
2023-12-11 14:04:37 configure libk5crypto3:amd64 1.19.2-2 <none>
2023-12-11 14:04:37 status unpacked libk5crypto3:amd64 1.19.2-2
2023-12-11 14:04:37 status half-configured libk5crypto3:amd64 1.19.2-2
2023-12-11 14:04:37 status installed libk5crypto3:amd64 1.19.2-2
2023-12-11 14:04:37 configure logsave:amd64 1.46.5-2ubuntu1 <none>
2023-12-11 14:04:37 status unpacked logsave:amd64 1.46.5-2ubuntu1
2023-12-11 14:04:37 status half-configured logsave:amd64 1.46.5-2ubuntu1
2023-12-11 14:04:37 status installed logsave:amd64 1.46.5-2ubuntu1
2023-12-11 14:04:37 configure e2fsprogs:amd64 1.46.5-2ubuntu1 <none>
2023-12-11 14:04:37 status unpacked e2fsprogs:amd64 1.46.5-2ubuntu1
2023-12-11 14:04:37 status half-configured e2fsprogs:amd64 1.46.5-2ubuntu1
2023-12-11 14:04:37 status installed e2fsprogs:amd64 1.46.5-2ubuntu1
2023-12-11 14:04:37 configure libsystemd0:amd64 249.11-0ubuntu3 <none>
2023-12-11 14:04:37 status unpacked libsystemd0:amd64 249.11-0ubuntu3
2023-12-11 14:04:37 status half-configured libsystemd0:amd64 249.11-0ubuntu3
2023-12-11 14:04:37 status installed libsystemd0:amd64 249.11-0ubuntu3
2023-12-11 14:04:37 configure libselinux1:amd64 3.3-1build2 <none>
2023-12-11 14:04:37 status unpacked libselinux1:amd64 3.3-1build2
2023-12-11 14:04:37 status half-configured libselinux1:amd64 3.3-1build2
2023-12-11 14:04:37 status installed libselinux1:amd64 3.3-1build2
2023-12-11 14:04:37 configure sed:amd64 4.8-1ubuntu2 <none>
2023-12-11 14:04:37 status unpacked sed:amd64 4.8-1ubuntu2
2023-12-11 14:04:37 status half-configured sed:amd64 4.8-1ubuntu2
2023-12-11 14:04:37 status installed sed:amd64 4.8-1ubuntu2
2023-12-11 14:04:37 configure findutils:amd64 4.8.0-1ubuntu3 <none>
2023-12-11 14:04:37 status unpacked findutils:amd64 4.8.0-1ubuntu3
2023-12-11 14:04:37 status half-configured findutils:amd64 4.8.0-1ubuntu3
2023-12-11 14:04:37 status installed findutils:amd64 4.8.0-1ubuntu3
2023-12-11 14:04:37 configure libmount1:amd64 2.37.2-4ubuntu3 <none>
2023-12-11 14:04:37 status unpacked libmount1:amd64 2.37.2-4ubuntu3
2023-12-11 14:04:37 status half-configured libmount1:amd64 2.37.2-4ubuntu3
2023-12-11 14:04:37 status installed libmount1:amd64 2.37.2-4ubuntu3
2023-12-11 14:04:37 configure libsemanage2:amd64 3.3-1build2 <none>
2023-12-11 14:04:37 status unpacked libsemanage2:amd64 3.3-1build2
2023-12-11 14:04:37 status half-configured libsemanage2:amd64 3.3-1build2
2023-12-11 14:04:37 status installed libsemanage2:amd64 3.3-1build2
2023-12-11 14:04:37 configure libprocps8:amd64 2:3.3.17-6ubuntu2 <none>
2023-12-11 14:04:37 status unpacked libprocps8:amd64 2:3.3.17-6ubuntu2
2023-12-11 14:04:37 status half-configured libprocps8:amd64 2:3.3.17-6ubuntu2
2023-12-11 14:04:37 status installed libprocps8:amd64 2:3.3.17-6ubuntu2
2023-12-11 14:04:37 configure bsdutils:amd64 1:2.37.2-4ubuntu3 <none>
2023-12-11 14:04:37 status unpacked bsdutils:amd64 1:2.37.2-4ubuntu3
2023-12-11 14:04:37 status half-configured bsdutils:amd64 1:2.37.2-4ubuntu3
2023-12-11 14:04:37 status installed bsdutils:amd64 1:2.37.2-4ubuntu3
2023-12-11 14:04:37 configure tar:amd64 1.34+dfsg-1build3 <none>
2023-12-11 14:04:37 status unpacked tar:amd64 1.34+dfsg-1build3
2023-12-11 14:04:37 status half-configured tar:amd64 1.34+dfsg-1build3
2023-12-11 14:04:37 status installed tar:amd64 1.34+dfsg-1build3
2023-12-11 14:04:37 configure coreutils:amd64 8.32-4.1ubuntu1 <none>
2023-12-11 14:04:37 status unpacked coreutils:amd64 8.32-4.1ubuntu1
2023-12-11 14:04:37 status half-configured coreutils:amd64 8.32-4.1ubuntu1
2023-12-11 14:04:37 status installed coreutils:amd64 8.32-4.1ubuntu1
2023-12-11 14:04:37 configure dpkg:amd64 1.21.1ubuntu2 <none>
2023-12-11 14:04:37 status unpacked dpkg:amd64 1.21.1ubuntu2
2023-12-11 14:04:37 status half-configured dpkg:amd64 1.21.1ubuntu2
2023-12-11 14:04:37 status installed dpkg:amd64 1.21.1ubuntu2
2023-12-11 14:04:37 configure mount:amd64 2.37.2-4ubuntu3 <none>
2023-12-11 14:04:37 status unpacked mount:amd64 2.37.2-4ubuntu3
2023-12-11 14:04:37 status half-configured mount:amd64 2.37.2-4ubuntu3
2023-12-11 14:04:37 status installed mount:amd64 2.37.2-4ubuntu3
2023-12-11 14:04:37 configure grep:amd64 3.7-1build1 <none>
2023-12-11 14:04:37 status unpacked grep:amd64 3.7-1build1
2023-12-11 14:04:37 status half-configured grep:amd64 3.7-1build1
2023-12-11 14:04:37 status installed grep:amd64 3.7-1build1
2023-12-11 14:04:37 configure perl-base:amd64 5.34.0-3ubuntu1 <none>
2023-12-11 14:04:37 status unpacked perl-base:amd64 5.34.0-3ubuntu1
2023-12-11 14:04:37 status half-configured perl-base:amd64 5.34.0-3ubuntu1
2023-12-11 14:04:37 status installed perl-base:amd64 5.34.0-3ubuntu1
2023-12-11 14:04:37 configure init-system-helpers:all 1.62 <none>
2023-12-11 14:04:37 status unpacked init-system-helpers:all 1.62
2023-12-11 14:04:37 status half-configured init-system-helpers:all 1.62
2023-12-11 14:04:37 status installed init-system-helpers:all 1.62
2023-12-11 14:04:37 configure gzip:amd64 1.10-4ubuntu4 <none>
2023-12-11 14:04:37 status unpacked gzip:amd64 1.10-4ubuntu4
2023-12-11 14:04:37 status half-configured gzip:amd64 1.10-4ubuntu4
2023-12-11 14:04:37 status installed gzip:amd64 1.10-4ubuntu4
2023-12-11 14:04:37 configure usrmerge:all 25ubuntu2 <none>
2023-12-11 14:04:37 status unpacked usrmerge:all 25ubuntu2
2023-12-11 14:04:37 status half-configured usrmerge:all 25ubuntu2
2023-12-11 14:04:37 status installed usrmerge:all 25ubuntu2
2023-12-11 14:04:37 configure procps:amd64 2:3.3.17-6ubuntu2 <none>
2023-12-11 14:04:37 status unpacked procps:amd64 2:3.3.17-6ubuntu2
2023-12-11 14:04:37 status half-configured procps:amd64 2:3.3.17-6ubuntu2
2023-12-11 14:04:37 status installed procps:amd64 2:3.3.17-6ubuntu2
2023-12-11 14:04:37 configure debconf:all 1.5.79ubuntu1 <none>
2023-12-11 14:04:37 status unpacked debconf:all 1.5.79ubuntu1
2023-12-11 14:04:37 status half-configured debconf:all 1.5.79ubuntu1
2023-12-11 14:04:38 status installed debconf:all 1.5.79ubuntu1
2023-12-11 14:04:38 configure libpam0g:amd64 1.4.0-11ubuntu2 <none>
2023-12-11 14:04:38 status unpacked libpam0g:amd64 1.4.0-11ubuntu2
2023-12-11 14:04:38 status half-configured libpam0g:amd64 1.4.0-11ubuntu2
2023-12-11 14:04:38 status installed libpam0g:amd64 1.4.0-11ubuntu2
2023-12-11 14:04:38 configure util-linux:amd64 2.37.2-4ubuntu3 <none>
2023-12-11 14:04:38 status unpacked util-linux:amd64 2.37.2-4ubuntu3
2023-12-11 14:04:38 status half-configured util-linux:amd64 2.37.2-4ubuntu3
2023-12-11 14:04:38 status installed util-linux:amd64 2.37.2-4ubuntu3
2023-12-11 14:04:38 configure dash:amd64 0.5.11+git20210903+057cd650a4ed-3build1 <none>
2023-12-11 14:04:38 status unpacked dash:amd64 0.5.11+git20210903+057cd650a4ed-3build1
2023-12-11 14:04:38 status half-configured dash:amd64 0.5.11+git20210903+057cd650a4ed-3build1
2023-12-11 14:04:38 status installed dash:amd64 0.5.11+git20210903+057cd650a4ed-3build1
2023-12-11 14:04:38 configure libpam-modules-bin:amd64 1.4.0-11ubuntu2 <none>
2023-12-11 14:04:38 status unpacked libpam-modules-bin:amd64 1.4.0-11ubuntu2
2023-12-11 14:04:38 status half-configured libpam-modules-bin:amd64 1.4.0-11ubuntu2
2023-12-11 14:04:38 status installed libpam-modules-bin:amd64 1.4.0-11ubuntu2
2023-12-11 14:04:38 configure libssl3:amd64 3.0.2-0ubuntu1 <none>
2023-12-11 14:04:38 status unpacked libssl3:amd64 3.0.2-0ubuntu1
2023-12-11 14:04:38 status half-configured libssl3:amd64 3.0.2-0ubuntu1
2023-12-11 14:04:38 status installed libssl3:amd64 3.0.2-0ubuntu1
2023-12-11 14:04:38 configure libkrb5-3:amd64 1.19.2-2 <none>
2023-12-11 14:04:38 status unpacked libkrb5-3:amd64 1.19.2-2
2023-12-11 14:04:38 status half-configured libkrb5-3:amd64 1.19.2-2
2023-12-11 14:04:38 status installed libkrb5-3:amd64 1.19.2-2
2023-12-11 14:04:38 configure libgssapi-krb5-2:amd64 1.19.2-2 <none>
2023-12-11 14:04:38 status unpacked libgssapi-krb5-2:amd64 1.19.2-2
2023-12-11 14:04:38 status half-configured libgssapi-krb5-2:amd64 1.19.2-2
2023-12-11 14:04:38 status installed libgssapi-krb5-2:amd64 1.19.2-2
2023-12-11 14:04:38 configure libtirpc3:amd64 1.3.2-2build1 <none>
2023-12-11 14:04:38 status unpacked libtirpc3:amd64 1.3.2-2build1
2023-12-11 14:04:38 status half-configured libtirpc3:amd64 1.3.2-2build1
2023-12-11 14:04:38 status installed libtirpc3:amd64 1.3.2-2build1
2023-12-11 14:04:38 configure libnsl2:amd64 1.3.0-2build2 <none>
2023-12-11 14:04:38 status unpacked libnsl2:amd64 1.3.0-2build2
2023-12-11 14:04:38 status half-configured libnsl2:amd64 1.3.0-2build2
2023-12-11 14:04:38 status installed libnsl2:amd64 1.3.0-2build2
2023-12-11 14:04:38 configure libpam-modules:amd64 1.4.0-11ubuntu2 <none>
2023-12-11 14:04:38 status unpacked libpam-modules:amd64 1.4.0-11ubuntu2
2023-12-11 14:04:38 status half-configured libpam-modules:amd64 1.4.0-11ubuntu2
2023-12-11 14:04:38 status installed libpam-modules:amd64 1.4.0-11ubuntu2
2023-12-11 14:04:38 configure passwd:amd64 1:4.8.1-2ubuntu2 <none>
2023-12-11 14:04:38 status unpacked passwd:amd64 1:4.8.1-2ubuntu2
2023-12-11 14:04:38 status half-configured passwd:amd64 1:4.8.1-2ubuntu2
2023-12-11 14:04:38 status installed passwd:amd64 1:4.8.1-2ubuntu2
2023-12-11 14:04:38 configure libpam-runtime:all 1.4.0-11ubuntu2 <none>
2023-12-11 14:04:38 status unpacked libpam-runtime:all 1.4.0-11ubuntu2
2023-12-11 14:04:38 status half-configured libpam-runtime:all 1.4.0-11ubuntu2
2023-12-11 14:04:38 status installed libpam-runtime:all 1.4.0-11ubuntu2
2023-12-11 14:04:38 configure login:amd64 1:4.8.1-2ubuntu2 <none>
2023-12-11 14:04:38 status unpacked login:amd64 1:4.8.1-2ubuntu2
2023-12-11 14:04:38 status half-configured login:amd64 1:4.8.1-2ubuntu2
2023-12-11 14:04:38 status installed login:amd64 1:4.8.1-2ubuntu2
2023-12-11 14:04:38 trigproc libc-bin:amd64 2.35-0ubuntu3 <none>
2023-12-11 14:04:38 status half-configured libc-bin:amd64 2.35-0ubuntu3
2023-12-11 14:04:38 status installed libc-bin:amd64 2.35-0ubuntu3
2023-12-11 14:04:38 startup archives unpack
2023-12-11 14:04:38 install adduser:all <none> 3.118ubuntu5
2023-12-11 14:04:38 status half-installed adduser:all 3.118ubuntu5
2023-12-11 14:04:38 status unpacked adduser:all 3.118ubuntu5
2023-12-11 14:04:38 install apt:amd64 <none> 2.4.5
2023-12-11 14:04:38 status triggers-pending libc-bin:amd64 2.35-0ubuntu3
2023-12-11 14:04:38 status half-installed apt:amd64 2.4.5
2023-12-11 14:04:38 status unpacked apt:amd64 2.4.5
2023-12-11 14:04:38 install gpgv:amd64 <none> 2.2.27-3ubuntu2
2023-12-11 14:04:38 status half-installed gpgv:amd64 2.2.27-3ubuntu2
2023-12-11 14:04:38 status unpacked gpgv:amd64 2.2.27-3ubuntu2
2023-12-11 14:04:38 install libapt-pkg6.0:amd64 <none> 2.4.5
2023-12-11 14:04:38 status half-installed libapt-pkg6.0:amd64 2.4.5
2023-12-11 14:04:38 status unpacked libapt-pkg6.0:amd64 2.4.5
2023-12-11 14:04:38 install libffi8:amd64 <none> 3.4.2-4
2023-12-11 14:04:38 status half-installed libffi8:amd64 3.4.2-4
2023-12-11 14:04:38 status unpacked libffi8:amd64 3.4.2-4
2023-12-11 14:04:38 install libgnutls30:amd64 <none> 3.7.3-4ubuntu1
2023-12-11 14:04:38 status half-installed libgnutls30:amd64 3.7.3-4ubuntu1
2023-12-11 14:04:38 status unpacked libgnutls30:amd64 3.7.3-4ubuntu1
2023-12-11 14:04:38 install libhogweed6:amd64 <none> 3.7.3-1build2
2023-12-11 14:04:38 status half-installed libhogweed6:amd64 3.7.3-1build2
2023-12-11 14:04:38 status unpacked libhogweed6:amd64 3.7.3-1build2
2023-12-11 14:04:38 install libidn2-0:amd64 <none> 2.3.2-2build1
2023-12-11 14:04:38 status half-installed libidn2-0:amd64 2.3.2-2build1
2023-12-11 14:04:38 status unpacked libidn2-0:amd64 2.3.2-2build1
2023-12-11 14:04:38 install libnettle8:amd64 <none> 3.7.3-1build2
2023-12-11 14:04:38 status half-installed libnettle8:amd64 3.7.3-1build2
2023-12-11 14:04:38 status unpacked libnettle8:amd64 3.7.3-1build2
2023-12-11 14:04:38 install libp11-kit0:amd64 <none> 0.24.0-6build1
2023-12-11 14:04:38 status half-installed libp11-kit0:amd64 0.24.0-6build1
2023-12-11 14:04:38 status unpacked libp11-kit0:amd64 0.24.0-6build1
2023-12-11 14:04:38 install libseccomp2:amd64 <none> 2.5.3-2ubuntu2
2023-12-11 14:04:38 status half-installed libseccomp2:amd64 2.5.3-2ubuntu2
2023-12-11 14:04:38 status unpacked libseccomp2:amd64 2.5.3-2ubuntu2
2023-12-11 14:04:38 install libstdc++6:amd64 <none> 12-20220319-1ubuntu1
2023-12-11 14:04:38 status half-installed libstdc++6:amd64 12-20220319-1ubuntu1
2023-12-11 14:04:38 status unpacked libstdc++6:amd64 12-20220319-1ubuntu1
2023-12-11 14:04:38 install libtasn1-6:amd64 <none> 4.18.0-4build1
2023-12-11 14:04:38 status half-installed libtasn1-6:amd64 4.18.0-4build1
2023-12-11 14:04:38 status unpacked libtasn1-6:amd64 4.18.0-4build1
2023-12-11 14:04:38 install libunistring2:amd64 <none> 1.0-1
2023-12-11 14:04:38 status half-installed libunistring2:amd64 1.0-1
2023-12-11 14:04:38 status unpacked libunistring2:amd64 1.0-1
2023-12-11 14:04:38 install libxxhash0:amd64 <none> 0.8.1-1
2023-12-11 14:04:38 status half-installed libxxhash0:amd64 0.8.1-1
2023-12-11 14:04:38 status unpacked libxxhash0:amd64 0.8.1-1
2023-12-11 14:04:38 install ubuntu-keyring:all <none> 2021.03.26
2023-12-11 14:04:38 status half-installed ubuntu-keyring:all 2021.03.26
2023-12-11 14:04:38 status unpacked ubuntu-keyring:all 2021.03.26
2023-12-11 14:04:38 trigproc libc-bin:amd64 2.35-0ubuntu3 <none>
2023-12-11 14:04:38 status half-configured libc-bin:amd64 2.35-0ubuntu3
2023-12-11 14:04:38 status installed libc-bin:amd64 2.35-0ubuntu3
2023-12-11 14:04:38 startup packages configure
2023-12-11 14:04:38 configure adduser:all 3.118ubuntu5 <none>
2023-12-11 14:04:38 status unpacked adduser:all 3.118ubuntu5
2023-12-11 14:04:38 status half-configured adduser:all 3.118ubuntu5
2023-12-11 14:04:38 status installed adduser:all 3.118ubuntu5
2023-12-11 14:04:38 configure libunistring2:amd64 1.0-1 <none>
2023-12-11 14:04:38 status triggers-pending libc-bin:amd64 2.35-0ubuntu3
2023-12-11 14:04:38 status unpacked libunistring2:amd64 1.0-1
2023-12-11 14:04:38 status half-configured libunistring2:amd64 1.0-1
2023-12-11 14:04:38 status installed libunistring2:amd64 1.0-1
2023-12-11 14:04:38 configure libidn2-0:amd64 2.3.2-2build1 <none>
2023-12-11 14:04:38 status unpacked libidn2-0:amd64 2.3.2-2build1
2023-12-11 14:04:38 status half-configured libidn2-0:amd64 2.3.2-2build1
2023-12-11 14:04:38 status installed libidn2-0:amd64 2.3.2-2build1
2023-12-11 14:04:38 configure ubuntu-keyring:all 2021.03.26 <none>
2023-12-11 14:04:38 status unpacked ubuntu-keyring:all 2021.03.26
2023-12-11 14:04:38 status half-configured ubuntu-keyring:all 2021.03.26
2023-12-11 14:04:38 status installed ubuntu-keyring:all 2021.03.26
2023-12-11 14:04:38 configure libseccomp2:amd64 2.5.3-2ubuntu2 <none>
2023-12-11 14:04:38 status unpacked libseccomp2:amd64 2.5.3-2ubuntu2
2023-12-11 14:04:38 status half-configured libseccomp2:amd64 2.5.3-2ubuntu2
2023-12-11 14:04:38 status installed libseccomp2:amd64 2.5.3-2ubuntu2
2023-12-11 14:04:38 configure libnettle8:amd64 3.7.3-1build2 <none>
2023-12-11 14:04:38 status unpacked libnettle8:amd64 3.7.3-1build2
2023-12-11 14:04:39 status half-configured libnettle8:amd64 3.7.3-1build2
2023-12-11 14:04:39 status installed libnettle8:amd64 3.7.3-1build2
2023-12-11 14:04:39 configure libffi8:amd64 3.4.2-4 <none>
2023-12-11 14:04:39 status unpacked libffi8:amd64 3.4.2-4
2023-12-11 14:04:39 status half-configured libffi8:amd64 3.4.2-4
2023-12-11 14:04:39 status installed libffi8:amd64 3.4.2-4
2023-12-11 14:04:39 configure gpgv:amd64 2.2.27-3ubuntu2 <none>
2023-12-11 14:04:39 status unpacked gpgv:amd64 2.2.27-3ubuntu2
2023-12-11 14:04:39 status half-configured gpgv:amd64 2.2.27-3ubuntu2
2023-12-11 14:04:39 status installed gpgv:amd64 2.2.27-3ubuntu2
2023-12-11 14:04:39 configure libxxhash0:amd64 0.8.1-1 <none>
2023-12-11 14:04:39 status unpacked libxxhash0:amd64 0.8.1-1
2023-12-11 14:04:39 status half-configured libxxhash0:amd64 0.8.1-1
2023-12-11 14:04:39 status installed libxxhash0:amd64 0.8.1-1
2023-12-11 14:04:39 configure libtasn1-6:amd64 4.18.0-4build1 <none>
2023-12-11 14:04:39 status unpacked libtasn1-6:amd64 4.18.0-4build1
2023-12-11 14:04:39 status half-configured libtasn1-6:amd64 4.18.0-4build1
2023-12-11 14:04:39 status installed libtasn1-6:amd64 4.18.0-4build1
2023-12-11 14:04:39 configure libstdc++6:amd64 12-20220319-1ubuntu1 <none>
2023-12-11 14:04:39 status unpacked libstdc++6:amd64 12-20220319-1ubuntu1
2023-12-11 14:04:39 status half-configured libstdc++6:amd64 12-20220319-1ubuntu1
2023-12-11 14:04:39 status installed libstdc++6:amd64 12-20220319-1ubuntu1
2023-12-11 14:04:39 configure libhogweed6:amd64 3.7.3-1build2 <none>
2023-12-11 14:04:39 status unpacked libhogweed6:amd64 3.7.3-1build2
2023-12-11 14:04:39 status half-configured libhogweed6:amd64 3.7.3-1build2
2023-12-11 14:04:39 status installed libhogweed6:amd64 3.7.3-1build2
2023-12-11 14:04:39 configure libapt-pkg6.0:amd64 2.4.5 <none>
2023-12-11 14:04:39 status unpacked libapt-pkg6.0:amd64 2.4.5
2023-12-11 14:04:39 status half-configured libapt-pkg6.0:amd64 2.4.5
2023-12-11 14:04:39 status installed libapt-pkg6.0:amd64 2.4.5
2023-12-11 14:04:39 configure libp11-kit0:amd64 0.24.0-6build1 <none>
2023-12-11 14:04:39 status unpacked libp11-kit0:amd64 0.24.0-6build1
2023-12-11 14:04:39 status half-configured libp11-kit0:amd64 0.24.0-6build1
2023-12-11 14:04:39 status installed libp11-kit0:amd64 0.24.0-6build1
2023-12-11 14:04:39 configure libgnutls30:amd64 3.7.3-4ubuntu1 <none>
2023-12-11 14:04:39 status unpacked libgnutls30:amd64 3.7.3-4ubuntu1
2023-12-11 14:04:39 status half-configured libgnutls30:amd64 3.7.3-4ubuntu1
2023-12-11 14:04:39 status installed libgnutls30:amd64 3.7.3-4ubuntu1
2023-12-11 14:04:39 configure apt:amd64 2.4.5 <none>
2023-12-11 14:04:39 status unpacked apt:amd64 2.4.5
2023-12-11 14:04:39 status half-configured apt:amd64 2.4.5
2023-12-11 14:04:39 status installed apt:amd64 2.4.5
2023-12-11 14:04:39 trigproc libc-bin:amd64 2.35-0ubuntu3 <none>
2023-12-11 14:04:39 status half-configured libc-bin:amd64 2.35-0ubuntu3
2023-12-11 14:04:39 status installed libc-bin:amd64 2.35-0ubuntu3
2023-12-11 14:04:42 startup archives unpack
2023-12-11 14:04:42 upgrade adduser:all 3.118ubuntu5 3.118ubuntu5
2023-12-11 14:04:42 status half-configured adduser:all 3.118ubuntu5
2023-12-11 14:04:42 status unpacked adduser:all 3.118ubuntu5
2023-12-11 14:04:42 status half-installed adduser:all 3.118ubuntu5
2023-12-11 14:04:42 status unpacked adduser:all 3.118ubuntu5
2023-12-11 14:04:42 startup packages configure
2023-12-11 14:04:42 configure adduser:all 3.118ubuntu5 <none>
2023-12-11 14:04:42 status unpacked adduser:all 3.118ubuntu5
2023-12-11 14:04:42 status half-configured adduser:all 3.118ubuntu5
2023-12-11 14:04:42 status installed adduser:all 3.118ubuntu5
2023-12-11 14:04:42 startup packages configure
2023-12-11 14:04:44 startup archives unpack
2023-12-11 14:04:44 upgrade apt:amd64 2.4.5 2.4.5
2023-12-11 14:04:44 status triggers-pending libc-bin:amd64 2.35-0ubuntu3
2023-12-11 14:04:44 status half-configured apt:amd64 2.4.5
2023-12-11 14:04:44 status unpacked apt:amd64 2.4.5
2023-12-11 14:04:44 status half-installed apt:amd64 2.4.5
2023-12-11 14:04:44 status unpacked apt:amd64 2.4.5
2023-12-11 14:04:44 startup packages configure
2023-12-11 14:04:44 configure apt:amd64 2.4.5 <none>
2023-12-11 14:04:44 status unpacked apt:amd64 2.4.5
2023-12-11 14:04:44 status half-configured apt:amd64 2.4.5
2023-12-11 14:04:45 status installed apt:amd64 2.4.5
2023-12-11 14:04:45 startup packages configure
2023-12-11 14:04:45 trigproc libc-bin:amd64 2.35-0ubuntu3 <none>
2023-12-11 14:04:45 status half-configured libc-bin:amd64 2.35-0ubuntu3
2023-12-11 14:04:45 status installed libc-bin:amd64 2.35-0ubuntu3
2023-12-11 14:04:46 startup archives unpack
2023-12-11 14:04:46 upgrade base-files:amd64 12ubuntu4 12ubuntu4
2023-12-11 14:04:46 status half-configured base-files:amd64 12ubuntu4
2023-12-11 14:04:46 status unpacked base-files:amd64 12ubuntu4
2023-12-11 14:04:46 status half-installed base-files:amd64 12ubuntu4
2023-12-11 14:04:46 status unpacked base-files:amd64 12ubuntu4
2023-12-11 14:04:46 startup packages configure
2023-12-11 14:04:46 configure base-files:amd64 12ubuntu4 <none>
2023-12-11 14:04:46 status unpacked base-files:amd64 12ubuntu4
2023-12-11 14:04:46 status half-configured base-files:amd64 12ubuntu4
2023-12-11 14:04:46 status installed base-files:amd64 12ubuntu4
2023-12-11 14:04:47 startup packages configure
2023-12-11 14:04:48 startup archives unpack
2023-12-11 14:04:48 upgrade base-passwd:amd64 3.5.52build1 3.5.52build1
2023-12-11 14:04:48 status half-configured base-passwd:amd64 3.5.52build1
2023-12-11 14:04:48 status unpacked base-passwd:amd64 3.5.52build1
2023-12-11 14:04:48 status half-installed base-passwd:amd64 3.5.52build1
2023-12-11 14:04:48 status unpacked base-passwd:amd64 3.5.52build1
2023-12-11 14:04:48 startup packages configure
2023-12-11 14:04:48 configure base-passwd:amd64 3.5.52build1 <none>
2023-12-11 14:04:48 status unpacked base-passwd:amd64 3.5.52build1
2023-12-11 14:04:48 status half-configured base-passwd:amd64 3.5.52build1
2023-12-11 14:04:48 status installed base-passwd:amd64 3.5.52build1
2023-12-11 14:04:48 startup packages configure
2023-12-11 14:04:50 startup archives unpack
2023-12-11 14:04:50 upgrade bash:amd64 5.1-6ubuntu1 5.1-6ubuntu1
2023-12-11 14:04:50 status half-configured bash:amd64 5.1-6ubuntu1
2023-12-11 14:04:50 status unpacked bash:amd64 5.1-6ubuntu1
2023-12-11 14:04:50 status half-installed bash:amd64 5.1-6ubuntu1
2023-12-11 14:04:50 status unpacked bash:amd64 5.1-6ubuntu1
2023-12-11 14:04:51 startup packages configure
2023-12-11 14:04:51 configure bash:amd64 5.1-6ubuntu1 <none>
2023-12-11 14:04:51 status unpacked bash:amd64 5.1-6ubuntu1
2023-12-11 14:04:51 status half-configured bash:amd64 5.1-6ubuntu1
2023-12-11 14:04:51 status installed bash:amd64 5.1-6ubuntu1
2023-12-11 14:04:51 startup packages configure
2023-12-11 14:04:52 startup archives unpack
2023-12-11 14:04:52 upgrade bsdutils:amd64 1:2.37.2-4ubuntu3 1:2.37.2-4ubuntu3
2023-12-11 14:04:52 status half-configured bsdutils:amd64 1:2.37.2-4ubuntu3
2023-12-11 14:04:52 status unpacked bsdutils:amd64 1:2.37.2-4ubuntu3
2023-12-11 14:04:52 status half-installed bsdutils:amd64 1:2.37.2-4ubuntu3
2023-12-11 14:04:52 status unpacked bsdutils:amd64 1:2.37.2-4ubuntu3
2023-12-11 14:04:52 startup packages configure
2023-12-11 14:04:52 configure bsdutils:amd64 1:2.37.2-4ubuntu3 <none>
2023-12-11 14:04:52 status unpacked bsdutils:amd64 1:2.37.2-4ubuntu3
2023-12-11 14:04:52 status half-configured bsdutils:amd64 1:2.37.2-4ubuntu3
2023-12-11 14:04:52 status installed bsdutils:amd64 1:2.37.2-4ubuntu3
2023-12-11 14:04:52 startup packages configure
2023-12-11 14:04:55 startup archives unpack
2023-12-11 14:04:55 upgrade coreutils:amd64 8.32-4.1ubuntu1 8.32-4.1ubuntu1
2023-12-11 14:04:55 status half-configured coreutils:amd64 8.32-4.1ubuntu1
2023-12-11 14:04:55 status unpacked coreutils:amd64 8.32-4.1ubuntu1
2023-12-11 14:04:55 status half-installed coreutils:amd64 8.32-4.1ubuntu1
2023-12-11 14:04:55 status unpacked coreutils:amd64 8.32-4.1ubuntu1
2023-12-11 14:04:55 startup packages configure
2023-12-11 14:04:55 configure coreutils:amd64 8.32-4.1ubuntu1 <none>
2023-12-11 14:04:55 status unpacked coreutils:amd64 8.32-4.1ubuntu1
2023-12-11 14:04:55 status half-configured coreutils:amd64 8.32-4.1ubuntu1
2023-12-11 14:04:55 status installed coreutils:amd64 8.32-4.1ubuntu1
2023-12-11 14:04:55 startup packages configure
2023-12-11 14:04:57 startup archives unpack
2023-12-11 14:04:57 upgrade dash:amd64 0.5.11+git20210903+057cd650a4ed-3build1 0.5.11+git20210903+057cd650a4ed-3build1
2023-12-11 14:04:57 status half-configured dash:amd64 0.5.11+git20210903+057cd650a4ed-3build1
2023-12-11 14:04:57 status unpacked dash:amd64 0.5.11+git20210903+057cd650a4ed-3build1
2023-12-11 14:04:57 status half-installed dash:amd64 0.5.11+git20210903+057cd650a4ed-3build1
2023-12-11 14:04:57 status unpacked dash:amd64 0.5.11+git20210903+057cd650a4ed-3build1
2023-12-11 14:04:57 startup packages configure
2023-12-11 14:04:57 configure dash:amd64 0.5.11+git20210903+057cd650a4ed-3build1 <none>
2023-12-11 14:04:57 status unpacked dash:amd64 0.5.11+git20210903+057cd650a4ed-3build1
2023-12-11 14:04:57 status half-configured dash:amd64 0.5.11+git20210903+057cd650a4ed-3build1
2023-12-11 14:04:57 status installed dash:amd64 0.5.11+git20210903+057cd650a4ed-3build1
2023-12-11 14:04:57 startup packages configure
2023-12-11 14:04:58 startup archives unpack
2023-12-11 14:04:58 upgrade debconf:all 1.5.79ubuntu1 1.5.79ubuntu1
2023-12-11 14:04:58 status half-configured debconf:all 1.5.79ubuntu1
2023-12-11 14:04:58 status unpacked debconf:all 1.5.79ubuntu1
2023-12-11 14:04:58 status half-installed debconf:all 1.5.79ubuntu1
2023-12-11 14:04:58 status unpacked debconf:all 1.5.79ubuntu1
2023-12-11 14:04:59 startup packages configure
2023-12-11 14:04:59 configure debconf:all 1.5.79ubuntu1 <none>
2023-12-11 14:04:59 status unpacked debconf:all 1.5.79ubuntu1
2023-12-11 14:04:59 status half-configured debconf:all 1.5.79ubuntu1
2023-12-11 14:04:59 status installed debconf:all 1.5.79ubuntu1
2023-12-11 14:04:59 startup packages configure
2023-12-11 14:05:00 startup archives unpack
2023-12-11 14:05:00 upgrade debianutils:amd64 5.5-1ubuntu2 5.5-1ubuntu2
2023-12-11 14:05:00 status half-configured debianutils:amd64 5.5-1ubuntu2
2023-12-11 14:05:00 status unpacked debianutils:amd64 5.5-1ubuntu2
2023-12-11 14:05:00 status half-installed debianutils:amd64 5.5-1ubuntu2
2023-12-11 14:05:00 status unpacked debianutils:amd64 5.5-1ubuntu2
2023-12-11 14:05:00 startup packages configure
2023-12-11 14:05:00 configure debianutils:amd64 5.5-1ubuntu2 <none>
2023-12-11 14:05:00 status unpacked debianutils:amd64 5.5-1ubuntu2
2023-12-11 14:05:00 status half-configured debianutils:amd64 5.5-1ubuntu2
2023-12-11 14:05:00 status installed debianutils:amd64 5.5-1ubuntu2
2023-12-11 14:05:01 startup packages configure
2023-12-11 14:05:02 startup archives unpack
2023-12-11 14:05:02 upgrade diffutils:amd64 1:3.8-0ubuntu2 1:3.8-0ubuntu2
2023-12-11 14:05:02 status half-configured diffutils:amd64 1:3.8-0ubuntu2
2023-12-11 14:05:02 status unpacked diffutils:amd64 1:3.8-0ubuntu2
2023-12-11 14:05:02 status half-installed diffutils:amd64 1:3.8-0ubuntu2
2023-12-11 14:05:02 status unpacked diffutils:amd64 1:3.8-0ubuntu2
2023-12-11 14:05:02 startup packages configure
2023-12-11 14:05:02 configure diffutils:amd64 1:3.8-0ubuntu2 <none>
2023-12-11 14:05:02 status unpacked diffutils:amd64 1:3.8-0ubuntu2
2023-12-11 14:05:02 status half-configured diffutils:amd64 1:3.8-0ubuntu2
2023-12-11 14:05:02 status installed diffutils:amd64 1:3.8-0ubuntu2
2023-12-11 14:05:02 startup packages configure
2023-12-11 14:05:05 startup archives unpack
2023-12-11 14:05:05 upgrade dpkg:amd64 1.21.1ubuntu2 1.21.1ubuntu2
2023-12-11 14:05:05 status half-configured dpkg:amd64 1.21.1ubuntu2
2023-12-11 14:05:05 status unpacked dpkg:amd64 1.21.1ubuntu2
2023-12-11 14:05:05 status half-installed dpkg:amd64 1.21.1ubuntu2
2023-12-11 14:05:05 status unpacked dpkg:amd64 1.21.1ubuntu2
2023-12-11 14:05:05 startup packages configure
2023-12-11 14:05:05 configure dpkg:amd64 1.21.1ubuntu2 <none>
2023-12-11 14:05:05 status unpacked dpkg:amd64 1.21.1ubuntu2
2023-12-11 14:05:05 status half-configured dpkg:amd64 1.21.1ubuntu2
2023-12-11 14:05:05 status installed dpkg:amd64 1.21.1ubuntu2
2023-12-11 14:05:05 startup packages configure
2023-12-11 14:05:07 startup archives unpack
2023-12-11 14:05:07 upgrade e2fsprogs:amd64 1.46.5-2ubuntu1 1.46.5-2ubuntu1
2023-12-11 14:05:07 status half-configured e2fsprogs:amd64 1.46.5-2ubuntu1
2023-12-11 14:05:07 status unpacked e2fsprogs:amd64 1.46.5-2ubuntu1
2023-12-11 14:05:07 status half-installed e2fsprogs:amd64 1.46.5-2ubuntu1
2023-12-11 14:05:07 status unpacked e2fsprogs:amd64 1.46.5-2ubuntu1
2023-12-11 14:05:07 startup packages configure
2023-12-11 14:05:07 configure e2fsprogs:amd64 1.46.5-2ubuntu1 <none>
2023-12-11 14:05:07 status unpacked e2fsprogs:amd64 1.46.5-2ubuntu1
2023-12-11 14:05:07 status half-configured e2fsprogs:amd64 1.46.5-2ubuntu1
2023-12-11 14:05:07 status installed e2fsprogs:amd64 1.46.5-2ubuntu1
2023-12-11 14:05:09 startup archives unpack
2023-12-11 14:05:09 upgrade findutils:amd64 4.8.0-1ubuntu3 4.8.0-1ubuntu3
2023-12-11 14:05:09 status half-configured findutils:amd64 4.8.0-1ubuntu3
2023-12-11 14:05:09 status unpacked findutils:amd64 4.8.0-1ubuntu3
2023-12-11 14:05:09 status half-installed findutils:amd64 4.8.0-1ubuntu3
2023-12-11 14:05:09 status unpacked findutils:amd64 4.8.0-1ubuntu3
2023-12-11 14:05:09 startup packages configure
2023-12-11 14:05:09 configure findutils:amd64 4.8.0-1ubuntu3 <none>
2023-12-11 14:05:09 status unpacked findutils:amd64 4.8.0-1ubuntu3
2023-12-11 14:05:09 status half-configured findutils:amd64 4.8.0-1ubuntu3
2023-12-11 14:05:09 status installed findutils:amd64 4.8.0-1ubuntu3
2023-12-11 14:05:09 startup packages configure
2023-12-11 14:05:11 startup archives unpack
2023-12-11 14:05:11 upgrade gcc-12-base:amd64 12-20220319-1ubuntu1 12-20220319-1ubuntu1
2023-12-11 14:05:11 status half-configured gcc-12-base:amd64 12-20220319-1ubuntu1
2023-12-11 14:05:11 status unpacked gcc-12-base:amd64 12-20220319-1ubuntu1
2023-12-11 14:05:11 status half-installed gcc-12-base:amd64 12-20220319-1ubuntu1
2023-12-11 14:05:11 status unpacked gcc-12-base:amd64 12-20220319-1ubuntu1
2023-12-11 14:05:11 startup packages configure
2023-12-11 14:05:11 configure gcc-12-base:amd64 12-20220319-1ubuntu1 <none>
2023-12-11 14:05:11 status unpacked gcc-12-base:amd64 12-20220319-1ubuntu1
2023-12-11 14:05:11 status half-configured gcc-12-base:amd64 12-20220319-1ubuntu1
2023-12-11 14:05:11 status installed gcc-12-base:amd64 12-20220319-1ubuntu1
2023-12-11 14:05:11 startup packages configure
2023-12-11 14:05:13 startup archives unpack
2023-12-11 14:05:13 upgrade gpgv:amd64 2.2.27-3ubuntu2 2.2.27-3ubuntu2
2023-12-11 14:05:13 status half-configured gpgv:amd64 2.2.27-3ubuntu2
2023-12-11 14:05:13 status unpacked gpgv:amd64 2.2.27-3ubuntu2
2023-12-11 14:05:13 status half-installed gpgv:amd64 2.2.27-3ubuntu2
2023-12-11 14:05:13 status unpacked gpgv:amd64 2.2.27-3ubuntu2
2023-12-11 14:05:13 startup packages configure
2023-12-11 14:05:13 configure gpgv:amd64 2.2.27-3ubuntu2 <none>
2023-12-11 14:05:13 status unpacked gpgv:amd64 2.2.27-3ubuntu2
2023-12-11 14:05:13 status half-configured gpgv:amd64 2.2.27-3ubuntu2
2023-12-11 14:05:13 status installed gpgv:amd64 2.2.27-3ubuntu2
2023-12-11 14:05:13 startup packages configure
2023-12-11 14:05:14 startup archives unpack
2023-12-11 14:05:14 upgrade grep:amd64 3.7-1build1 3.7-1build1
2023-12-11 14:05:14 status half-configured grep:amd64 3.7-1build1
2023-12-11 14:05:14 status unpacked grep:amd64 3.7-1build1
2023-12-11 14:05:14 status half-installed grep:amd64 3.7-1build1
2023-12-11 14:05:14 status unpacked grep:amd64 3.7-1build1
2023-12-11 14:05:15 startup packages configure
2023-12-11 14:05:15 configure grep:amd64 3.7-1build1 <none>
2023-12-11 14:05:15 status unpacked grep:amd64 3.7-1build1
2023-12-11 14:05:15 status half-configured grep:amd64 3.7-1build1
2023-12-11 14:05:15 status installed grep:amd64 3.7-1build1
2023-12-11 14:05:15 startup packages configure
2023-12-11 14:05:16 startup archives unpack
2023-12-11 14:05:16 upgrade gzip:amd64 1.10-4ubuntu4 1.10-4ubuntu4
2023-12-11 14:05:16 status half-configured gzip:amd64 1.10-4ubuntu4
2023-12-11 14:05:16 status unpacked gzip:amd64 1.10-4ubuntu4
2023-12-11 14:05:16 status half-installed gzip:amd64 1.10-4ubuntu4
2023-12-11 14:05:16 status unpacked gzip:amd64 1.10-4ubuntu4
2023-12-11 14:05:16 startup packages configure
2023-12-11 14:05:16 configure gzip:amd64 1.10-4ubuntu4 <none>
2023-12-11 14:05:16 status unpacked gzip:amd64 1.10-4ubuntu4
2023-12-11 14:05:16 status half-configured gzip:amd64 1.10-4ubuntu4
2023-12-11 14:05:16 status installed gzip:amd64 1.10-4ubuntu4
2023-12-11 14:05:16 startup packages configure
2023-12-11 14:05:18 startup archives unpack
2023-12-11 14:05:18 upgrade hostname:amd64 3.23ubuntu2 3.23ubuntu2
2023-12-11 14:05:18 status half-configured hostname:amd64 3.23ubuntu2
2023-12-11 14:05:18 status unpacked hostname:amd64 3.23ubuntu2
2023-12-11 14:05:18 status half-installed hostname:amd64 3.23ubuntu2
2023-12-11 14:05:18 status unpacked hostname:amd64 3.23ubuntu2
2023-12-11 14:05:18 startup packages configure
2023-12-11 14:05:18 configure hostname:amd64 3.23ubuntu2 <none>
2023-12-11 14:05:18 status unpacked hostname:amd64 3.23ubuntu2
2023-12-11 14:05:18 status half-configured hostname:amd64 3.23ubuntu2
2023-12-11 14:05:18 status installed hostname:amd64 3.23ubuntu2
2023-12-11 14:05:18 startup packages configure
2023-12-11 14:05:19 startup archives unpack
2023-12-11 14:05:19 upgrade init-system-helpers:all 1.62 1.62
2023-12-11 14:05:19 status half-configured init-system-helpers:all 1.62
2023-12-11 14:05:19 status unpacked init-system-helpers:all 1.62
2023-12-11 14:05:19 status half-installed init-system-helpers:all 1.62
2023-12-11 14:05:19 status unpacked init-system-helpers:all 1.62
2023-12-11 14:05:20 startup packages configure
2023-12-11 14:05:20 configure init-system-helpers:all 1.62 <none>
2023-12-11 14:05:20 status unpacked init-system-helpers:all 1.62
2023-12-11 14:05:20 status half-configured init-system-helpers:all 1.62
2023-12-11 14:05:20 status installed init-system-helpers:all 1.62
2023-12-11 14:05:20 startup packages configure
2023-12-11 14:05:21 startup archives unpack
2023-12-11 14:05:21 upgrade libacl1:amd64 2.3.1-1 2.3.1-1
2023-12-11 14:05:21 status triggers-pending libc-bin:amd64 2.35-0ubuntu3
2023-12-11 14:05:21 status half-configured libacl1:amd64 2.3.1-1
2023-12-11 14:05:21 status unpacked libacl1:amd64 2.3.1-1
2023-12-11 14:05:21 status half-installed libacl1:amd64 2.3.1-1
2023-12-11 14:05:21 status unpacked libacl1:amd64 2.3.1-1
2023-12-11 14:05:21 startup packages configure
2023-12-11 14:05:21 configure libacl1:amd64 2.3.1-1 <none>
2023-12-11 14:05:21 status unpacked libacl1:amd64 2.3.1-1
2023-12-11 14:05:21 status half-configured libacl1:amd64 2.3.1-1
2023-12-11 14:05:21 status installed libacl1:amd64 2.3.1-1
2023-12-11 14:05:21 startup packages configure
2023-12-11 14:05:21 trigproc libc-bin:amd64 2.35-0ubuntu3 <none>
2023-12-11 14:05:21 status half-configured libc-bin:amd64 2.35-0ubuntu3
2023-12-11 14:05:21 status installed libc-bin:amd64 2.35-0ubuntu3
2023-12-11 14:05:23 startup archives unpack
2023-12-11 14:05:23 upgrade libapt-pkg6.0:amd64 2.4.5 2.4.5
2023-12-11 14:05:23 status triggers-pending libc-bin:amd64 2.35-0ubuntu3
2023-12-11 14:05:23 status half-configured libapt-pkg6.0:amd64 2.4.5
2023-12-11 14:05:23 status unpacked libapt-pkg6.0:amd64 2.4.5
2023-12-11 14:05:23 status half-installed libapt-pkg6.0:amd64 2.4.5
2023-12-11 14:05:23 status unpacked libapt-pkg6.0:amd64 2.4.5
2023-12-11 14:05:24 startup packages configure
2023-12-11 14:05:24 configure libapt-pkg6.0:amd64 2.4.5 <none>
2023-12-11 14:05:24 status unpacked libapt-pkg6.0:amd64 2.4.5
2023-12-11 14:05:24 status half-configured libapt-pkg6.0:amd64 2.4.5
2023-12-11 14:05:24 status installed libapt-pkg6.0:amd64 2.4.5
2023-12-11 14:05:24 startup packages configure
2023-12-11 14:05:24 trigproc libc-bin:amd64 2.35-0ubuntu3 <none>
2023-12-11 14:05:24 status half-configured libc-bin:amd64 2.35-0ubuntu3
2023-12-11 14:05:24 status installed libc-bin:amd64 2.35-0ubuntu3
2023-12-11 14:05:25 startup archives unpack
2023-12-11 14:05:25 upgrade libattr1:amd64 1:2.5.1-1build1 1:2.5.1-1build1
2023-12-11 14:05:25 status triggers-pending libc-bin:amd64 2.35-0ubuntu3
2023-12-11 14:05:25 status half-configured libattr1:amd64 1:2.5.1-1build1
2023-12-11 14:05:25 status unpacked libattr1:amd64 1:2.5.1-1build1
2023-12-11 14:05:25 status half-installed libattr1:amd64 1:2.5.1-1build1
2023-12-11 14:05:25 status unpacked libattr1:amd64 1:2.5.1-1build1
2023-12-11 14:05:25 startup packages configure
2023-12-11 14:05:25 configure libattr1:amd64 1:2.5.1-1build1 <none>
2023-12-11 14:05:25 status unpacked libattr1:amd64 1:2.5.1-1build1
2023-12-11 14:05:25 status half-configured libattr1:amd64 1:2.5.1-1build1
2023-12-11 14:05:25 status installed libattr1:amd64 1:2.5.1-1build1
2023-12-11 14:05:25 startup packages configure
2023-12-11 14:05:25 trigproc libc-bin:amd64 2.35-0ubuntu3 <none>
2023-12-11 14:05:25 status half-configured libc-bin:amd64 2.35-0ubuntu3
2023-12-11 14:05:25 status installed libc-bin:amd64 2.35-0ubuntu3
2023-12-11 14:05:27 startup archives unpack
2023-12-11 14:05:27 upgrade libaudit-common:all 1:3.0.7-1build1 1:3.0.7-1build1
2023-12-11 14:05:27 status half-configured libaudit-common:all 1:3.0.7-1build1
2023-12-11 14:05:27 status unpacked libaudit-common:all 1:3.0.7-1build1
2023-12-11 14:05:27 status half-installed libaudit-common:all 1:3.0.7-1build1
2023-12-11 14:05:27 status unpacked libaudit-common:all 1:3.0.7-1build1
2023-12-11 14:05:27 startup packages configure
2023-12-11 14:05:27 configure libaudit-common:all 1:3.0.7-1build1 <none>
2023-12-11 14:05:27 status unpacked libaudit-common:all 1:3.0.7-1build1
2023-12-11 14:05:27 status half-configured libaudit-common:all 1:3.0.7-1build1
2023-12-11 14:05:27 status installed libaudit-common:all 1:3.0.7-1build1
2023-12-11 14:05:27 startup packages configure
2023-12-11 14:05:28 startup archives unpack
2023-12-11 14:05:28 upgrade libaudit1:amd64 1:3.0.7-1build1 1:3.0.7-1build1
2023-12-11 14:05:28 status triggers-pending libc-bin:amd64 2.35-0ubuntu3
2023-12-11 14:05:28 status half-configured libaudit1:amd64 1:3.0.7-1build1
2023-12-11 14:05:28 status unpacked libaudit1:amd64 1:3.0.7-1build1
2023-12-11 14:05:28 status half-installed libaudit1:amd64 1:3.0.7-1build1
2023-12-11 14:05:28 status unpacked libaudit1:amd64 1:3.0.7-1build1
2023-12-11 14:05:28 startup packages configure
2023-12-11 14:05:28 configure libaudit1:amd64 1:3.0.7-1build1 <none>
2023-12-11 14:05:28 status unpacked libaudit1:amd64 1:3.0.7-1build1
2023-12-11 14:05:28 status half-configured libaudit1:amd64 1:3.0.7-1build1
2023-12-11 14:05:28 status installed libaudit1:amd64 1:3.0.7-1build1
2023-12-11 14:05:29 startup packages configure
2023-12-11 14:05:29 trigproc libc-bin:amd64 2.35-0ubuntu3 <none>
2023-12-11 14:05:29 status half-configured libc-bin:amd64 2.35-0ubuntu3
2023-12-11 14:05:29 status installed libc-bin:amd64 2.35-0ubuntu3
2023-12-11 14:05:30 startup archives unpack
2023-12-11 14:05:30 upgrade libblkid1:amd64 2.37.2-4ubuntu3 2.37.2-4ubuntu3
2023-12-11 14:05:30 status triggers-pending libc-bin:amd64 2.35-0ubuntu3
2023-12-11 14:05:30 status half-configured libblkid1:amd64 2.37.2-4ubuntu3
2023-12-11 14:05:30 status unpacked libblkid1:amd64 2.37.2-4ubuntu3
2023-12-11 14:05:30 status half-installed libblkid1:amd64 2.37.2-4ubuntu3
2023-12-11 14:05:30 status unpacked libblkid1:amd64 2.37.2-4ubuntu3
2023-12-11 14:05:30 startup packages configure
2023-12-11 14:05:30 configure libblkid1:amd64 2.37.2-4ubuntu3 <none>
2023-12-11 14:05:30 status unpacked libblkid1:amd64 2.37.2-4ubuntu3
2023-12-11 14:05:30 status half-configured libblkid1:amd64 2.37.2-4ubuntu3
2023-12-11 14:05:30 status installed libblkid1:amd64 2.37.2-4ubuntu3
2023-12-11 14:05:30 startup packages configure
2023-12-11 14:05:30 trigproc libc-bin:amd64 2.35-0ubuntu3 <none>
2023-12-11 14:05:30 status half-configured libc-bin:amd64 2.35-0ubuntu3
2023-12-11 14:05:30 status installed libc-bin:amd64 2.35-0ubuntu3
2023-12-11 14:05:32 startup archives unpack
2023-12-11 14:05:32 upgrade libbz2-1.0:amd64 1.0.8-5build1 1.0.8-5build1
2023-12-11 14:05:32 status triggers-pending libc-bin:amd64 2.35-0ubuntu3
2023-12-11 14:05:32 status half-configured libbz2-1.0:amd64 1.0.8-5build1
2023-12-11 14:05:32 status unpacked libbz2-1.0:amd64 1.0.8-5build1
2023-12-11 14:05:32 status half-installed libbz2-1.0:amd64 1.0.8-5build1
2023-12-11 14:05:32 status unpacked libbz2-1.0:amd64 1.0.8-5build1
2023-12-11 14:05:32 startup packages configure
2023-12-11 14:05:32 configure libbz2-1.0:amd64 1.0.8-5build1 <none>
2023-12-11 14:05:32 status unpacked libbz2-1.0:amd64 1.0.8-5build1
2023-12-11 14:05:32 status half-configured libbz2-1.0:amd64 1.0.8-5build1
2023-12-11 14:05:32 status installed libbz2-1.0:amd64 1.0.8-5build1
2023-12-11 14:05:32 startup packages configure
2023-12-11 14:05:32 trigproc libc-bin:amd64 2.35-0ubuntu3 <none>
2023-12-11 14:05:32 status half-configured libc-bin:amd64 2.35-0ubuntu3
2023-12-11 14:05:32 status installed libc-bin:amd64 2.35-0ubuntu3
2023-12-11 14:05:34 startup archives unpack
2023-12-11 14:05:34 upgrade libc-bin:amd64 2.35-0ubuntu3 2.35-0ubuntu3
2023-12-11 14:05:34 status half-configured libc-bin:amd64 2.35-0ubuntu3
2023-12-11 14:05:34 status unpacked libc-bin:amd64 2.35-0ubuntu3
2023-12-11 14:05:34 status half-installed libc-bin:amd64 2.35-0ubuntu3
2023-12-11 14:05:34 status unpacked libc-bin:amd64 2.35-0ubuntu3
2023-12-11 14:05:34 startup packages configure
2023-12-11 14:05:34 configure libc-bin:amd64 2.35-0ubuntu3 <none>
2023-12-11 14:05:34 status unpacked libc-bin:amd64 2.35-0ubuntu3
2023-12-11 14:05:34 status half-configured libc-bin:amd64 2.35-0ubuntu3
2023-12-11 14:05:34 status installed libc-bin:amd64 2.35-0ubuntu3
2023-12-11 14:05:34 startup packages configure
2023-12-11 14:05:37 startup archives unpack
2023-12-11 14:05:37 upgrade libc6:amd64 2.35-0ubuntu3 2.35-0ubuntu3
2023-12-11 14:05:37 status triggers-pending libc-bin:amd64 2.35-0ubuntu3
2023-12-11 14:05:37 status half-configured libc6:amd64 2.35-0ubuntu3
2023-12-11 14:05:37 status unpacked libc6:amd64 2.35-0ubuntu3
2023-12-11 14:05:37 status half-installed libc6:amd64 2.35-0ubuntu3
2023-12-11 14:05:37 status unpacked libc6:amd64 2.35-0ubuntu3
2023-12-11 14:05:38 startup packages configure
2023-12-11 14:05:38 configure libc6:amd64 2.35-0ubuntu3 <none>
2023-12-11 14:05:38 status unpacked libc6:amd64 2.35-0ubuntu3
2023-12-11 14:05:38 status half-configured libc6:amd64 2.35-0ubuntu3
2023-12-11 14:05:39 status installed libc6:amd64 2.35-0ubuntu3
2023-12-11 14:05:39 startup packages configure
2023-12-11 14:05:39 trigproc libc-bin:amd64 2.35-0ubuntu3 <none>
2023-12-11 14:05:39 status half-configured libc-bin:amd64 2.35-0ubuntu3
2023-12-11 14:05:39 status installed libc-bin:amd64 2.35-0ubuntu3
2023-12-11 14:05:40 startup archives unpack
2023-12-11 14:05:40 upgrade libcap-ng0:amd64 0.7.9-2.2build3 0.7.9-2.2build3
2023-12-11 14:05:40 status triggers-pending libc-bin:amd64 2.35-0ubuntu3
2023-12-11 14:05:40 status half-configured libcap-ng0:amd64 0.7.9-2.2build3
2023-12-11 14:05:40 status unpacked libcap-ng0:amd64 0.7.9-2.2build3
2023-12-11 14:05:40 status half-installed libcap-ng0:amd64 0.7.9-2.2build3
2023-12-11 14:05:40 status unpacked libcap-ng0:amd64 0.7.9-2.2build3
2023-12-11 14:05:40 startup packages configure
2023-12-11 14:05:40 configure libcap-ng0:amd64 0.7.9-2.2build3 <none>
2023-12-11 14:05:40 status unpacked libcap-ng0:amd64 0.7.9-2.2build3
2023-12-11 14:05:40 status half-configured libcap-ng0:amd64 0.7.9-2.2build3
2023-12-11 14:05:40 status installed libcap-ng0:amd64 0.7.9-2.2build3
2023-12-11 14:05:40 startup packages configure
2023-12-11 14:05:40 trigproc libc-bin:amd64 2.35-0ubuntu3 <none>
2023-12-11 14:05:40 status half-configured libc-bin:amd64 2.35-0ubuntu3
2023-12-11 14:05:40 status installed libc-bin:amd64 2.35-0ubuntu3
2023-12-11 14:05:42 startup archives unpack
2023-12-11 14:05:42 upgrade libcap2:amd64 1:2.44-1build3 1:2.44-1build3
2023-12-11 14:05:42 status triggers-pending libc-bin:amd64 2.35-0ubuntu3
2023-12-11 14:05:42 status half-configured libcap2:amd64 1:2.44-1build3
2023-12-11 14:05:42 status unpacked libcap2:amd64 1:2.44-1build3
2023-12-11 14:05:42 status half-installed libcap2:amd64 1:2.44-1build3
2023-12-11 14:05:42 status unpacked libcap2:amd64 1:2.44-1build3
2023-12-11 14:05:42 startup packages configure
2023-12-11 14:05:42 configure libcap2:amd64 1:2.44-1build3 <none>
2023-12-11 14:05:42 status unpacked libcap2:amd64 1:2.44-1build3
2023-12-11 14:05:42 status half-configured libcap2:amd64 1:2.44-1build3
2023-12-11 14:05:42 status installed libcap2:amd64 1:2.44-1build3
2023-12-11 14:05:42 startup packages configure
2023-12-11 14:05:42 trigproc libc-bin:amd64 2.35-0ubuntu3 <none>
2023-12-11 14:05:42 status half-configured libc-bin:amd64 2.35-0ubuntu3
2023-12-11 14:05:42 status installed libc-bin:amd64 2.35-0ubuntu3
2023-12-11 14:05:43 startup archives unpack
2023-12-11 14:05:43 upgrade libcom-err2:amd64 1.46.5-2ubuntu1 1.46.5-2ubuntu1
2023-12-11 14:05:43 status triggers-pending libc-bin:amd64 2.35-0ubuntu3
2023-12-11 14:05:43 status half-configured libcom-err2:amd64 1.46.5-2ubuntu1
2023-12-11 14:05:43 status unpacked libcom-err2:amd64 1.46.5-2ubuntu1
2023-12-11 14:05:43 status half-installed libcom-err2:amd64 1.46.5-2ubuntu1
2023-12-11 14:05:43 status unpacked libcom-err2:amd64 1.46.5-2ubuntu1
2023-12-11 14:05:44 startup packages configure
2023-12-11 14:05:44 configure libcom-err2:amd64 1.46.5-2ubuntu1 <none>
2023-12-11 14:05:44 status unpacked libcom-err2:amd64 1.46.5-2ubuntu1
2023-12-11 14:05:44 status half-configured libcom-err2:amd64 1.46.5-2ubuntu1
2023-12-11 14:05:44 status installed libcom-err2:amd64 1.46.5-2ubuntu1
2023-12-11 14:05:44 startup packages configure
2023-12-11 14:05:44 trigproc libc-bin:amd64 2.35-0ubuntu3 <none>
2023-12-11 14:05:44 status half-configured libc-bin:amd64 2.35-0ubuntu3
2023-12-11 14:05:44 status installed libc-bin:amd64 2.35-0ubuntu3
2023-12-11 14:05:45 startup archives unpack
2023-12-11 14:05:45 upgrade libcrypt1:amd64 1:4.4.27-1 1:4.4.27-1
2023-12-11 14:05:45 status triggers-pending libc-bin:amd64 2.35-0ubuntu3
2023-12-11 14:05:45 status half-configured libcrypt1:amd64 1:4.4.27-1
2023-12-11 14:05:45 status unpacked libcrypt1:amd64 1:4.4.27-1
2023-12-11 14:05:45 status half-installed libcrypt1:amd64 1:4.4.27-1
2023-12-11 14:05:45 status unpacked libcrypt1:amd64 1:4.4.27-1
2023-12-11 14:05:45 startup packages configure
2023-12-11 14:05:45 configure libcrypt1:amd64 1:4.4.27-1 <none>
2023-12-11 14:05:45 status unpacked libcrypt1:amd64 1:4.4.27-1
2023-12-11 14:05:45 status half-configured libcrypt1:amd64 1:4.4.27-1
2023-12-11 14:05:45 status installed libcrypt1:amd64 1:4.4.27-1
2023-12-11 14:05:45 startup packages configure
2023-12-11 14:05:45 trigproc libc-bin:amd64 2.35-0ubuntu3 <none>
2023-12-11 14:05:45 status half-configured libc-bin:amd64 2.35-0ubuntu3
2023-12-11 14:05:45 status installed libc-bin:amd64 2.35-0ubuntu3
2023-12-11 14:05:47 startup archives unpack
2023-12-11 14:05:47 upgrade libdb5.3:amd64 5.3.28+dfsg1-0.8ubuntu3 5.3.28+dfsg1-0.8ubuntu3
2023-12-11 14:05:47 status triggers-pending libc-bin:amd64 2.35-0ubuntu3
2023-12-11 14:05:47 status half-configured libdb5.3:amd64 5.3.28+dfsg1-0.8ubuntu3
2023-12-11 14:05:47 status unpacked libdb5.3:amd64 5.3.28+dfsg1-0.8ubuntu3
2023-12-11 14:05:47 status half-installed libdb5.3:amd64 5.3.28+dfsg1-0.8ubuntu3
2023-12-11 14:05:47 status unpacked libdb5.3:amd64 5.3.28+dfsg1-0.8ubuntu3
2023-12-11 14:05:47 startup packages configure
2023-12-11 14:05:47 configure libdb5.3:amd64 5.3.28+dfsg1-0.8ubuntu3 <none>
2023-12-11 14:05:47 status unpacked libdb5.3:amd64 5.3.28+dfsg1-0.8ubuntu3
2023-12-11 14:05:47 status half-configured libdb5.3:amd64 5.3.28+dfsg1-0.8ubuntu3
2023-12-11 14:05:47 status installed libdb5.3:amd64 5.3.28+dfsg1-0.8ubuntu3
2023-12-11 14:05:48 startup packages configure
2023-12-11 14:05:48 trigproc libc-bin:amd64 2.35-0ubuntu3 <none>
2023-12-11 14:05:48 status half-configured libc-bin:amd64 2.35-0ubuntu3
2023-12-11 14:05:48 status installed libc-bin:amd64 2.35-0ubuntu3
2023-12-11 14:05:49 startup archives unpack
2023-12-11 14:05:49 upgrade libdebconfclient0:amd64 0.261ubuntu1 0.261ubuntu1
2023-12-11 14:05:49 status triggers-pending libc-bin:amd64 2.35-0ubuntu3
2023-12-11 14:05:49 status half-configured libdebconfclient0:amd64 0.261ubuntu1
2023-12-11 14:05:49 status unpacked libdebconfclient0:amd64 0.261ubuntu1
2023-12-11 14:05:49 status half-installed libdebconfclient0:amd64 0.261ubuntu1
2023-12-11 14:05:49 status unpacked libdebconfclient0:amd64 0.261ubuntu1
2023-12-11 14:05:49 startup packages configure
2023-12-11 14:05:49 configure libdebconfclient0:amd64 0.261ubuntu1 <none>
2023-12-11 14:05:49 status unpacked libdebconfclient0:amd64 0.261ubuntu1
2023-12-11 14:05:49 status half-configured libdebconfclient0:amd64 0.261ubuntu1
2023-12-11 14:05:49 status installed libdebconfclient0:amd64 0.261ubuntu1
2023-12-11 14:05:49 startup packages configure
2023-12-11 14:05:49 trigproc libc-bin:amd64 2.35-0ubuntu3 <none>
2023-12-11 14:05:49 status half-configured libc-bin:amd64 2.35-0ubuntu3
2023-12-11 14:05:49 status installed libc-bin:amd64 2.35-0ubuntu3
2023-12-11 14:05:52 startup archives unpack
2023-12-11 14:05:52 upgrade libext2fs2:amd64 1.46.5-2ubuntu1 1.46.5-2ubuntu1
2023-12-11 14:05:52 status triggers-pending libc-bin:amd64 2.35-0ubuntu3
2023-12-11 14:05:52 status half-configured libext2fs2:amd64 1.46.5-2ubuntu1
2023-12-11 14:05:52 status unpacked libext2fs2:amd64 1.46.5-2ubuntu1
2023-12-11 14:05:52 status half-installed libext2fs2:amd64 1.46.5-2ubuntu1
2023-12-11 14:05:52 status unpacked libext2fs2:amd64 1.46.5-2ubuntu1
2023-12-11 14:05:52 startup packages configure
2023-12-11 14:05:52 configure libext2fs2:amd64 1.46.5-2ubuntu1 <none>
2023-12-11 14:05:52 status unpacked libext2fs2:amd64 1.46.5-2ubuntu1
2023-12-11 14:05:52 status half-configured libext2fs2:amd64 1.46.5-2ubuntu1
2023-12-11 14:05:52 status installed libext2fs2:amd64 1.46.5-2ubuntu1
2023-12-11 14:05:52 trigproc libc-bin:amd64 2.35-0ubuntu3 <none>
2023-12-11 14:05:52 status half-configured libc-bin:amd64 2.35-0ubuntu3
2023-12-11 14:05:52 status installed libc-bin:amd64 2.35-0ubuntu3
2023-12-11 14:05:53 startup archives unpack
2023-12-11 14:05:53 upgrade libffi8:amd64 3.4.2-4 3.4.2-4
2023-12-11 14:05:53 status triggers-pending libc-bin:amd64 2.35-0ubuntu3
2023-12-11 14:05:53 status half-configured libffi8:amd64 3.4.2-4
2023-12-11 14:05:53 status unpacked libffi8:amd64 3.4.2-4
2023-12-11 14:05:53 status half-installed libffi8:amd64 3.4.2-4
2023-12-11 14:05:53 status unpacked libffi8:amd64 3.4.2-4
2023-12-11 14:05:54 startup packages configure
2023-12-11 14:05:54 configure libffi8:amd64 3.4.2-4 <none>
2023-12-11 14:05:54 status unpacked libffi8:amd64 3.4.2-4
2023-12-11 14:05:54 status half-configured libffi8:amd64 3.4.2-4
2023-12-11 14:05:54 status installed libffi8:amd64 3.4.2-4
2023-12-11 14:05:54 startup packages configure
2023-12-11 14:05:54 trigproc libc-bin:amd64 2.35-0ubuntu3 <none>
2023-12-11 14:05:54 status half-configured libc-bin:amd64 2.35-0ubuntu3
2023-12-11 14:05:54 status installed libc-bin:amd64 2.35-0ubuntu3
2023-12-11 14:05:55 startup archives unpack
2023-12-11 14:05:55 upgrade libgcc-s1:amd64 12-20220319-1ubuntu1 12-20220319-1ubuntu1
2023-12-11 14:05:55 status triggers-pending libc-bin:amd64 2.35-0ubuntu3
2023-12-11 14:05:55 status half-configured libgcc-s1:amd64 12-20220319-1ubuntu1
2023-12-11 14:05:55 status unpacked libgcc-s1:amd64 12-20220319-1ubuntu1
2023-12-11 14:05:55 status half-installed libgcc-s1:amd64 12-20220319-1ubuntu1
2023-12-11 14:05:55 status unpacked libgcc-s1:amd64 12-20220319-1ubuntu1
2023-12-11 14:05:55 startup packages configure
2023-12-11 14:05:55 configure libgcc-s1:amd64 12-20220319-1ubuntu1 <none>
2023-12-11 14:05:55 status unpacked libgcc-s1:amd64 12-20220319-1ubuntu1
2023-12-11 14:05:55 status half-configured libgcc-s1:amd64 12-20220319-1ubuntu1
2023-12-11 14:05:55 status installed libgcc-s1:amd64 12-20220319-1ubuntu1
2023-12-11 14:05:55 startup packages configure
2023-12-11 14:05:55 trigproc libc-bin:amd64 2.35-0ubuntu3 <none>
2023-12-11 14:05:55 status half-configured libc-bin:amd64 2.35-0ubuntu3
2023-12-11 14:05:55 status installed libc-bin:amd64 2.35-0ubuntu3
2023-12-11 14:05:57 startup archives unpack
2023-12-11 14:05:57 upgrade libgcrypt20:amd64 1.9.4-3ubuntu3 1.9.4-3ubuntu3
2023-12-11 14:05:57 status triggers-pending libc-bin:amd64 2.35-0ubuntu3
2023-12-11 14:05:57 status half-configured libgcrypt20:amd64 1.9.4-3ubuntu3
2023-12-11 14:05:57 status unpacked libgcrypt20:amd64 1.9.4-3ubuntu3
2023-12-11 14:05:57 status half-installed libgcrypt20:amd64 1.9.4-3ubuntu3
2023-12-11 14:05:57 status unpacked libgcrypt20:amd64 1.9.4-3ubuntu3
2023-12-11 14:05:57 startup packages configure
2023-12-11 14:05:57 configure libgcrypt20:amd64 1.9.4-3ubuntu3 <none>
2023-12-11 14:05:57 status unpacked libgcrypt20:amd64 1.9.4-3ubuntu3
2023-12-11 14:05:57 status half-configured libgcrypt20:amd64 1.9.4-3ubuntu3
2023-12-11 14:05:57 status installed libgcrypt20:amd64 1.9.4-3ubuntu3
2023-12-11 14:05:57 startup packages configure
2023-12-11 14:05:57 trigproc libc-bin:amd64 2.35-0ubuntu3 <none>
2023-12-11 14:05:57 status half-configured libc-bin:amd64 2.35-0ubuntu3
2023-12-11 14:05:57 status installed libc-bin:amd64 2.35-0ubuntu3
2023-12-11 14:05:59 startup archives unpack
2023-12-11 14:05:59 upgrade libgmp10:amd64 2:6.2.1+dfsg-3ubuntu1 2:6.2.1+dfsg-3ubuntu1
2023-12-11 14:05:59 status triggers-pending libc-bin:amd64 2.35-0ubuntu3
2023-12-11 14:05:59 status half-configured libgmp10:amd64 2:6.2.1+dfsg-3ubuntu1
2023-12-11 14:05:59 status unpacked libgmp10:amd64 2:6.2.1+dfsg-3ubuntu1
2023-12-11 14:05:59 status half-installed libgmp10:amd64 2:6.2.1+dfsg-3ubuntu1
2023-12-11 14:05:59 status unpacked libgmp10:amd64 2:6.2.1+dfsg-3ubuntu1
2023-12-11 14:05:59 startup packages configure
2023-12-11 14:05:59 configure libgmp10:amd64 2:6.2.1+dfsg-3ubuntu1 <none>
2023-12-11 14:05:59 status unpacked libgmp10:amd64 2:6.2.1+dfsg-3ubuntu1
2023-12-11 14:05:59 status half-configured libgmp10:amd64 2:6.2.1+dfsg-3ubuntu1
2023-12-11 14:05:59 status installed libgmp10:amd64 2:6.2.1+dfsg-3ubuntu1
2023-12-11 14:05:59 startup packages configure
2023-12-11 14:05:59 trigproc libc-bin:amd64 2.35-0ubuntu3 <none>
2023-12-11 14:05:59 status half-configured libc-bin:amd64 2.35-0ubuntu3
2023-12-11 14:05:59 status installed libc-bin:amd64 2.35-0ubuntu3
2023-12-11 14:06:01 startup archives unpack
2023-12-11 14:06:01 upgrade libgnutls30:amd64 3.7.3-4ubuntu1 3.7.3-4ubuntu1
2023-12-11 14:06:01 status triggers-pending libc-bin:amd64 2.35-0ubuntu3
2023-12-11 14:06:01 status half-configured libgnutls30:amd64 3.7.3-4ubuntu1
2023-12-11 14:06:01 status unpacked libgnutls30:amd64 3.7.3-4ubuntu1
2023-12-11 14:06:01 status half-installed libgnutls30:amd64 3.7.3-4ubuntu1
2023-12-11 14:06:01 status unpacked libgnutls30:amd64 3.7.3-4ubuntu1
2023-12-11 14:06:01 startup packages configure
2023-12-11 14:06:01 configure libgnutls30:amd64 3.7.3-4ubuntu1 <none>
2023-12-11 14:06:01 status unpacked libgnutls30:amd64 3.7.3-4ubuntu1
2023-12-11 14:06:01 status half-configured libgnutls30:amd64 3.7.3-4ubuntu1
2023-12-11 14:06:01 status installed libgnutls30:amd64 3.7.3-4ubuntu1
2023-12-11 14:06:01 startup packages configure
2023-12-11 14:06:01 trigproc libc-bin:amd64 2.35-0ubuntu3 <none>
2023-12-11 14:06:01 status half-configured libc-bin:amd64 2.35-0ubuntu3
2023-12-11 14:06:01 status installed libc-bin:amd64 2.35-0ubuntu3
2023-12-11 14:06:03 startup archives unpack
2023-12-11 14:06:03 upgrade libgpg-error0:amd64 1.43-3 1.43-3
2023-12-11 14:06:03 status triggers-pending libc-bin:amd64 2.35-0ubuntu3
2023-12-11 14:06:03 status half-configured libgpg-error0:amd64 1.43-3
2023-12-11 14:06:03 status unpacked libgpg-error0:amd64 1.43-3
2023-12-11 14:06:03 status half-installed libgpg-error0:amd64 1.43-3
2023-12-11 14:06:03 status unpacked libgpg-error0:amd64 1.43-3
2023-12-11 14:06:03 startup packages configure
2023-12-11 14:06:03 configure libgpg-error0:amd64 1.43-3 <none>
2023-12-11 14:06:03 status unpacked libgpg-error0:amd64 1.43-3
2023-12-11 14:06:03 status half-configured libgpg-error0:amd64 1.43-3
2023-12-11 14:06:03 status installed libgpg-error0:amd64 1.43-3
2023-12-11 14:06:03 startup packages configure
2023-12-11 14:06:03 trigproc libc-bin:amd64 2.35-0ubuntu3 <none>
2023-12-11 14:06:03 status half-configured libc-bin:amd64 2.35-0ubuntu3
2023-12-11 14:06:03 status installed libc-bin:amd64 2.35-0ubuntu3
2023-12-11 14:06:05 startup archives unpack
2023-12-11 14:06:05 upgrade libgssapi-krb5-2:amd64 1.19.2-2 1.19.2-2
2023-12-11 14:06:05 status triggers-pending libc-bin:amd64 2.35-0ubuntu3
2023-12-11 14:06:05 status half-configured libgssapi-krb5-2:amd64 1.19.2-2
2023-12-11 14:06:05 status unpacked libgssapi-krb5-2:amd64 1.19.2-2
2023-12-11 14:06:05 status half-installed libgssapi-krb5-2:amd64 1.19.2-2
2023-12-11 14:06:05 status unpacked libgssapi-krb5-2:amd64 1.19.2-2
2023-12-11 14:06:05 startup packages configure
2023-12-11 14:06:05 configure libgssapi-krb5-2:amd64 1.19.2-2 <none>
2023-12-11 14:06:05 status unpacked libgssapi-krb5-2:amd64 1.19.2-2
2023-12-11 14:06:05 status half-configured libgssapi-krb5-2:amd64 1.19.2-2
2023-12-11 14:06:05 status installed libgssapi-krb5-2:amd64 1.19.2-2
2023-12-11 14:06:05 startup packages configure
2023-12-11 14:06:05 trigproc libc-bin:amd64 2.35-0ubuntu3 <none>
2023-12-11 14:06:05 status half-configured libc-bin:amd64 2.35-0ubuntu3
2023-12-11 14:06:05 status installed libc-bin:amd64 2.35-0ubuntu3
2023-12-11 14:06:06 startup archives unpack
2023-12-11 14:06:06 upgrade libhogweed6:amd64 3.7.3-1build2 3.7.3-1build2
2023-12-11 14:06:06 status triggers-pending libc-bin:amd64 2.35-0ubuntu3
2023-12-11 14:06:06 status half-configured libhogweed6:amd64 3.7.3-1build2
2023-12-11 14:06:06 status unpacked libhogweed6:amd64 3.7.3-1build2
2023-12-11 14:06:06 status half-installed libhogweed6:amd64 3.7.3-1build2
2023-12-11 14:06:06 status unpacked libhogweed6:amd64 3.7.3-1build2
2023-12-11 14:06:07 startup packages configure
2023-12-11 14:06:07 configure libhogweed6:amd64 3.7.3-1build2 <none>
2023-12-11 14:06:07 status unpacked libhogweed6:amd64 3.7.3-1build2
2023-12-11 14:06:07 status half-configured libhogweed6:amd64 3.7.3-1build2
2023-12-11 14:06:07 status installed libhogweed6:amd64 3.7.3-1build2
2023-12-11 14:06:07 startup packages configure
2023-12-11 14:06:07 trigproc libc-bin:amd64 2.35-0ubuntu3 <none>
2023-12-11 14:06:07 status half-configured libc-bin:amd64 2.35-0ubuntu3
2023-12-11 14:06:07 status installed libc-bin:amd64 2.35-0ubuntu3
2023-12-11 14:06:08 startup archives unpack
2023-12-11 14:06:08 upgrade libidn2-0:amd64 2.3.2-2build1 2.3.2-2build1
2023-12-11 14:06:08 status triggers-pending libc-bin:amd64 2.35-0ubuntu3
2023-12-11 14:06:08 status half-configured libidn2-0:amd64 2.3.2-2build1
2023-12-11 14:06:08 status unpacked libidn2-0:amd64 2.3.2-2build1
2023-12-11 14:06:08 status half-installed libidn2-0:amd64 2.3.2-2build1
2023-12-11 14:06:08 status unpacked libidn2-0:amd64 2.3.2-2build1
2023-12-11 14:06:08 startup packages configure
2023-12-11 14:06:08 configure libidn2-0:amd64 2.3.2-2build1 <none>
2023-12-11 14:06:08 status unpacked libidn2-0:amd64 2.3.2-2build1
2023-12-11 14:06:08 status half-configured libidn2-0:amd64 2.3.2-2build1
2023-12-11 14:06:08 status installed libidn2-0:amd64 2.3.2-2build1
2023-12-11 14:06:08 startup packages configure
2023-12-11 14:06:08 trigproc libc-bin:amd64 2.35-0ubuntu3 <none>
2023-12-11 14:06:08 status half-configured libc-bin:amd64 2.35-0ubuntu3
2023-12-11 14:06:08 status installed libc-bin:amd64 2.35-0ubuntu3
2023-12-11 14:06:10 startup archives unpack
2023-12-11 14:06:10 upgrade libk5crypto3:amd64 1.19.2-2 1.19.2-2
2023-12-11 14:06:10 status triggers-pending libc-bin:amd64 2.35-0ubuntu3
2023-12-11 14:06:10 status half-configured libk5crypto3:amd64 1.19.2-2
2023-12-11 14:06:10 status unpacked libk5crypto3:amd64 1.19.2-2
2023-12-11 14:06:10 status half-installed libk5crypto3:amd64 1.19.2-2
2023-12-11 14:06:10 status unpacked libk5crypto3:amd64 1.19.2-2
2023-12-11 14:06:10 startup packages configure
2023-12-11 14:06:10 configure libk5crypto3:amd64 1.19.2-2 <none>
2023-12-11 14:06:10 status unpacked libk5crypto3:amd64 1.19.2-2
2023-12-11 14:06:10 status half-configured libk5crypto3:amd64 1.19.2-2
2023-12-11 14:06:10 status installed libk5crypto3:amd64 1.19.2-2
2023-12-11 14:06:10 startup packages configure
2023-12-11 14:06:10 trigproc libc-bin:amd64 2.35-0ubuntu3 <none>
2023-12-11 14:06:10 status half-configured libc-bin:amd64 2.35-0ubuntu3
2023-12-11 14:06:10 status installed libc-bin:amd64 2.35-0ubuntu3
2023-12-11 14:06:11 startup archives unpack
2023-12-11 14:06:11 upgrade libkeyutils1:amd64 1.6.1-2ubuntu3 1.6.1-2ubuntu3
2023-12-11 14:06:11 status triggers-pending libc-bin:amd64 2.35-0ubuntu3
2023-12-11 14:06:11 status half-configured libkeyutils1:amd64 1.6.1-2ubuntu3
2023-12-11 14:06:11 status unpacked libkeyutils1:amd64 1.6.1-2ubuntu3
2023-12-11 14:06:11 status half-installed libkeyutils1:amd64 1.6.1-2ubuntu3
2023-12-11 14:06:11 status unpacked libkeyutils1:amd64 1.6.1-2ubuntu3
2023-12-11 14:06:12 startup packages configure
2023-12-11 14:06:12 configure libkeyutils1:amd64 1.6.1-2ubuntu3 <none>
2023-12-11 14:06:12 status unpacked libkeyutils1:amd64 1.6.1-2ubuntu3
2023-12-11 14:06:12 status half-configured libkeyutils1:amd64 1.6.1-2ubuntu3
2023-12-11 14:06:12 status installed libkeyutils1:amd64 1.6.1-2ubuntu3
2023-12-11 14:06:12 startup packages configure
2023-12-11 14:06:12 trigproc libc-bin:amd64 2.35-0ubuntu3 <none>
2023-12-11 14:06:12 status half-configured libc-bin:amd64 2.35-0ubuntu3
2023-12-11 14:06:12 status installed libc-bin:amd64 2.35-0ubuntu3
2023-12-11 14:06:13 startup archives unpack
2023-12-11 14:06:13 upgrade libkrb5-3:amd64 1.19.2-2 1.19.2-2
2023-12-11 14:06:13 status triggers-pending libc-bin:amd64 2.35-0ubuntu3
2023-12-11 14:06:13 status half-configured libkrb5-3:amd64 1.19.2-2
2023-12-11 14:06:13 status unpacked libkrb5-3:amd64 1.19.2-2
2023-12-11 14:06:13 status half-installed libkrb5-3:amd64 1.19.2-2
2023-12-11 14:06:13 status unpacked libkrb5-3:amd64 1.19.2-2
2023-12-11 14:06:13 startup packages configure
2023-12-11 14:06:13 configure libkrb5-3:amd64 1.19.2-2 <none>
2023-12-11 14:06:13 status unpacked libkrb5-3:amd64 1.19.2-2
2023-12-11 14:06:13 status half-configured libkrb5-3:amd64 1.19.2-2
2023-12-11 14:06:13 status installed libkrb5-3:amd64 1.19.2-2
2023-12-11 14:06:14 startup packages configure
2023-12-11 14:06:14 trigproc libc-bin:amd64 2.35-0ubuntu3 <none>
2023-12-11 14:06:14 status half-configured libc-bin:amd64 2.35-0ubuntu3
2023-12-11 14:06:14 status installed libc-bin:amd64 2.35-0ubuntu3
2023-12-11 14:06:15 startup archives unpack
2023-12-11 14:06:15 upgrade libkrb5support0:amd64 1.19.2-2 1.19.2-2
2023-12-11 14:06:15 status triggers-pending libc-bin:amd64 2.35-0ubuntu3
2023-12-11 14:06:15 status half-configured libkrb5support0:amd64 1.19.2-2
2023-12-11 14:06:15 status unpacked libkrb5support0:amd64 1.19.2-2
2023-12-11 14:06:15 status half-installed libkrb5support0:amd64 1.19.2-2
2023-12-11 14:06:15 status unpacked libkrb5support0:amd64 1.19.2-2
2023-12-11 14:06:15 startup packages configure
2023-12-11 14:06:15 configure libkrb5support0:amd64 1.19.2-2 <none>
2023-12-11 14:06:15 status unpacked libkrb5support0:amd64 1.19.2-2
2023-12-11 14:06:15 status half-configured libkrb5support0:amd64 1.19.2-2
2023-12-11 14:06:15 status installed libkrb5support0:amd64 1.19.2-2
2023-12-11 14:06:15 startup packages configure
2023-12-11 14:06:15 trigproc libc-bin:amd64 2.35-0ubuntu3 <none>
2023-12-11 14:06:15 status half-configured libc-bin:amd64 2.35-0ubuntu3
2023-12-11 14:06:15 status installed libc-bin:amd64 2.35-0ubuntu3
2023-12-11 14:06:17 startup archives unpack
2023-12-11 14:06:17 upgrade liblz4-1:amd64 1.9.3-2build2 1.9.3-2build2
2023-12-11 14:06:17 status triggers-pending libc-bin:amd64 2.35-0ubuntu3
2023-12-11 14:06:17 status half-configured liblz4-1:amd64 1.9.3-2build2
2023-12-11 14:06:17 status unpacked liblz4-1:amd64 1.9.3-2build2
2023-12-11 14:06:17 status half-installed liblz4-1:amd64 1.9.3-2build2
2023-12-11 14:06:17 status unpacked liblz4-1:amd64 1.9.3-2build2
2023-12-11 14:06:17 startup packages configure
2023-12-11 14:06:17 configure liblz4-1:amd64 1.9.3-2build2 <none>
2023-12-11 14:06:17 status unpacked liblz4-1:amd64 1.9.3-2build2
2023-12-11 14:06:17 status half-configured liblz4-1:amd64 1.9.3-2build2
2023-12-11 14:06:17 status installed liblz4-1:amd64 1.9.3-2build2
2023-12-11 14:06:17 startup packages configure
2023-12-11 14:06:17 trigproc libc-bin:amd64 2.35-0ubuntu3 <none>
2023-12-11 14:06:17 status half-configured libc-bin:amd64 2.35-0ubuntu3
2023-12-11 14:06:17 status installed libc-bin:amd64 2.35-0ubuntu3
2023-12-11 14:06:18 startup archives unpack
2023-12-11 14:06:18 upgrade liblzma5:amd64 5.2.5-2ubuntu1 5.2.5-2ubuntu1
2023-12-11 14:06:18 status triggers-pending libc-bin:amd64 2.35-0ubuntu3
2023-12-11 14:06:18 status half-configured liblzma5:amd64 5.2.5-2ubuntu1
2023-12-11 14:06:18 status unpacked liblzma5:amd64 5.2.5-2ubuntu1
2023-12-11 14:06:18 status half-installed liblzma5:amd64 5.2.5-2ubuntu1
2023-12-11 14:06:18 status unpacked liblzma5:amd64 5.2.5-2ubuntu1
2023-12-11 14:06:19 startup packages configure
2023-12-11 14:06:19 configure liblzma5:amd64 5.2.5-2ubuntu1 <none>
2023-12-11 14:06:19 status unpacked liblzma5:amd64 5.2.5-2ubuntu1
2023-12-11 14:06:19 status half-configured liblzma5:amd64 5.2.5-2ubuntu1
2023-12-11 14:06:19 status installed liblzma5:amd64 5.2.5-2ubuntu1
2023-12-11 14:06:19 startup packages configure
2023-12-11 14:06:19 trigproc libc-bin:amd64 2.35-0ubuntu3 <none>
2023-12-11 14:06:19 status half-configured libc-bin:amd64 2.35-0ubuntu3
2023-12-11 14:06:19 status installed libc-bin:amd64 2.35-0ubuntu3
2023-12-11 14:06:20 startup archives unpack
2023-12-11 14:06:20 upgrade libmount1:amd64 2.37.2-4ubuntu3 2.37.2-4ubuntu3
2023-12-11 14:06:20 status triggers-pending libc-bin:amd64 2.35-0ubuntu3
2023-12-11 14:06:20 status half-configured libmount1:amd64 2.37.2-4ubuntu3
2023-12-11 14:06:20 status unpacked libmount1:amd64 2.37.2-4ubuntu3
2023-12-11 14:06:20 status half-installed libmount1:amd64 2.37.2-4ubuntu3
2023-12-11 14:06:20 status unpacked libmount1:amd64 2.37.2-4ubuntu3
2023-12-11 14:06:20 startup packages configure
2023-12-11 14:06:20 configure libmount1:amd64 2.37.2-4ubuntu3 <none>
2023-12-11 14:06:20 status unpacked libmount1:amd64 2.37.2-4ubuntu3
2023-12-11 14:06:20 status half-configured libmount1:amd64 2.37.2-4ubuntu3
2023-12-11 14:06:20 status installed libmount1:amd64 2.37.2-4ubuntu3
2023-12-11 14:06:20 startup packages configure
2023-12-11 14:06:20 trigproc libc-bin:amd64 2.35-0ubuntu3 <none>
2023-12-11 14:06:20 status half-configured libc-bin:amd64 2.35-0ubuntu3
2023-12-11 14:06:21 status installed libc-bin:amd64 2.35-0ubuntu3
2023-12-11 14:06:22 startup archives unpack
2023-12-11 14:06:22 upgrade libncurses6:amd64 6.3-2 6.3-2
2023-12-11 14:06:22 status triggers-pending libc-bin:amd64 2.35-0ubuntu3
2023-12-11 14:06:22 status half-configured libncurses6:amd64 6.3-2
2023-12-11 14:06:22 status unpacked libncurses6:amd64 6.3-2
2023-12-11 14:06:22 status half-installed libncurses6:amd64 6.3-2
2023-12-11 14:06:22 status unpacked libncurses6:amd64 6.3-2
2023-12-11 14:06:22 startup packages configure
2023-12-11 14:06:22 configure libncurses6:amd64 6.3-2 <none>
2023-12-11 14:06:22 status unpacked libncurses6:amd64 6.3-2
2023-12-11 14:06:22 status half-configured libncurses6:amd64 6.3-2
2023-12-11 14:06:22 status installed libncurses6:amd64 6.3-2
2023-12-11 14:06:22 trigproc libc-bin:amd64 2.35-0ubuntu3 <none>
2023-12-11 14:06:22 status half-configured libc-bin:amd64 2.35-0ubuntu3
2023-12-11 14:06:22 status installed libc-bin:amd64 2.35-0ubuntu3
2023-12-11 14:06:24 startup archives unpack
2023-12-11 14:06:24 upgrade libncursesw6:amd64 6.3-2 6.3-2
2023-12-11 14:06:24 status triggers-pending libc-bin:amd64 2.35-0ubuntu3
2023-12-11 14:06:24 status half-configured libncursesw6:amd64 6.3-2
2023-12-11 14:06:24 status unpacked libncursesw6:amd64 6.3-2
2023-12-11 14:06:24 status half-installed libncursesw6:amd64 6.3-2
2023-12-11 14:06:24 status unpacked libncursesw6:amd64 6.3-2
2023-12-11 14:06:24 startup packages configure
2023-12-11 14:06:24 configure libncursesw6:amd64 6.3-2 <none>
2023-12-11 14:06:24 status unpacked libncursesw6:amd64 6.3-2
2023-12-11 14:06:24 status half-configured libncursesw6:amd64 6.3-2
2023-12-11 14:06:24 status installed libncursesw6:amd64 6.3-2
2023-12-11 14:06:24 trigproc libc-bin:amd64 2.35-0ubuntu3 <none>
2023-12-11 14:06:24 status half-configured libc-bin:amd64 2.35-0ubuntu3
2023-12-11 14:06:24 status installed libc-bin:amd64 2.35-0ubuntu3
2023-12-11 14:06:25 startup archives unpack
2023-12-11 14:06:25 upgrade libnettle8:amd64 3.7.3-1build2 3.7.3-1build2
2023-12-11 14:06:25 status triggers-pending libc-bin:amd64 2.35-0ubuntu3
2023-12-11 14:06:25 status half-configured libnettle8:amd64 3.7.3-1build2
2023-12-11 14:06:25 status unpacked libnettle8:amd64 3.7.3-1build2
2023-12-11 14:06:25 status half-installed libnettle8:amd64 3.7.3-1build2
2023-12-11 14:06:25 status unpacked libnettle8:amd64 3.7.3-1build2
2023-12-11 14:06:26 startup packages configure
2023-12-11 14:06:26 configure libnettle8:amd64 3.7.3-1build2 <none>
2023-12-11 14:06:26 status unpacked libnettle8:amd64 3.7.3-1build2
2023-12-11 14:06:26 status half-configured libnettle8:amd64 3.7.3-1build2
2023-12-11 14:06:26 status installed libnettle8:amd64 3.7.3-1build2
2023-12-11 14:06:26 startup packages configure
2023-12-11 14:06:26 trigproc libc-bin:amd64 2.35-0ubuntu3 <none>
2023-12-11 14:06:26 status half-configured libc-bin:amd64 2.35-0ubuntu3
2023-12-11 14:06:26 status installed libc-bin:amd64 2.35-0ubuntu3
2023-12-11 14:06:27 startup archives unpack
2023-12-11 14:06:27 upgrade libnsl2:amd64 1.3.0-2build2 1.3.0-2build2
2023-12-11 14:06:27 status triggers-pending libc-bin:amd64 2.35-0ubuntu3
2023-12-11 14:06:27 status half-configured libnsl2:amd64 1.3.0-2build2
2023-12-11 14:06:27 status unpacked libnsl2:amd64 1.3.0-2build2
2023-12-11 14:06:27 status half-installed libnsl2:amd64 1.3.0-2build2
2023-12-11 14:06:27 status unpacked libnsl2:amd64 1.3.0-2build2
2023-12-11 14:06:27 startup packages configure
2023-12-11 14:06:27 configure libnsl2:amd64 1.3.0-2build2 <none>
2023-12-11 14:06:27 status unpacked libnsl2:amd64 1.3.0-2build2
2023-12-11 14:06:27 status half-configured libnsl2:amd64 1.3.0-2build2
2023-12-11 14:06:27 status installed libnsl2:amd64 1.3.0-2build2
2023-12-11 14:06:27 startup packages configure
2023-12-11 14:06:27 trigproc libc-bin:amd64 2.35-0ubuntu3 <none>
2023-12-11 14:06:27 status half-configured libc-bin:amd64 2.35-0ubuntu3
2023-12-11 14:06:27 status installed libc-bin:amd64 2.35-0ubuntu3
2023-12-11 14:06:29 startup archives unpack
2023-12-11 14:06:29 upgrade libp11-kit0:amd64 0.24.0-6build1 0.24.0-6build1
2023-12-11 14:06:29 status triggers-pending libc-bin:amd64 2.35-0ubuntu3
2023-12-11 14:06:29 status half-configured libp11-kit0:amd64 0.24.0-6build1
2023-12-11 14:06:29 status unpacked libp11-kit0:amd64 0.24.0-6build1
2023-12-11 14:06:29 status half-installed libp11-kit0:amd64 0.24.0-6build1
2023-12-11 14:06:29 status unpacked libp11-kit0:amd64 0.24.0-6build1
2023-12-11 14:06:29 startup packages configure
2023-12-11 14:06:29 configure libp11-kit0:amd64 0.24.0-6build1 <none>
2023-12-11 14:06:29 status unpacked libp11-kit0:amd64 0.24.0-6build1
2023-12-11 14:06:29 status half-configured libp11-kit0:amd64 0.24.0-6build1
2023-12-11 14:06:29 status installed libp11-kit0:amd64 0.24.0-6build1
2023-12-11 14:06:29 startup packages configure
2023-12-11 14:06:29 trigproc libc-bin:amd64 2.35-0ubuntu3 <none>
2023-12-11 14:06:29 status half-configured libc-bin:amd64 2.35-0ubuntu3
2023-12-11 14:06:29 status installed libc-bin:amd64 2.35-0ubuntu3
2023-12-11 14:06:31 startup archives unpack
2023-12-11 14:06:31 upgrade libpam-modules:amd64 1.4.0-11ubuntu2 1.4.0-11ubuntu2
2023-12-11 14:06:31 status half-configured libpam-modules:amd64 1.4.0-11ubuntu2
2023-12-11 14:06:31 status unpacked libpam-modules:amd64 1.4.0-11ubuntu2
2023-12-11 14:06:31 status half-installed libpam-modules:amd64 1.4.0-11ubuntu2
2023-12-11 14:06:31 status unpacked libpam-modules:amd64 1.4.0-11ubuntu2
2023-12-11 14:06:31 startup packages configure
2023-12-11 14:06:31 configure libpam-modules:amd64 1.4.0-11ubuntu2 <none>
2023-12-11 14:06:31 status unpacked libpam-modules:amd64 1.4.0-11ubuntu2
2023-12-11 14:06:31 status half-configured libpam-modules:amd64 1.4.0-11ubuntu2
2023-12-11 14:06:31 status installed libpam-modules:amd64 1.4.0-11ubuntu2
2023-12-11 14:06:31 startup packages configure
2023-12-11 14:06:33 startup archives unpack
2023-12-11 14:06:33 upgrade libpam-modules-bin:amd64 1.4.0-11ubuntu2 1.4.0-11ubuntu2
2023-12-11 14:06:33 status half-configured libpam-modules-bin:amd64 1.4.0-11ubuntu2
2023-12-11 14:06:33 status unpacked libpam-modules-bin:amd64 1.4.0-11ubuntu2
2023-12-11 14:06:33 status half-installed libpam-modules-bin:amd64 1.4.0-11ubuntu2
2023-12-11 14:06:33 status unpacked libpam-modules-bin:amd64 1.4.0-11ubuntu2
2023-12-11 14:06:33 startup packages configure
2023-12-11 14:06:33 configure libpam-modules-bin:amd64 1.4.0-11ubuntu2 <none>
2023-12-11 14:06:33 status unpacked libpam-modules-bin:amd64 1.4.0-11ubuntu2
2023-12-11 14:06:33 status half-configured libpam-modules-bin:amd64 1.4.0-11ubuntu2
2023-12-11 14:06:33 status installed libpam-modules-bin:amd64 1.4.0-11ubuntu2
2023-12-11 14:06:33 startup packages configure
2023-12-11 14:06:34 startup archives unpack
2023-12-11 14:06:34 upgrade libpam-runtime:all 1.4.0-11ubuntu2 1.4.0-11ubuntu2
2023-12-11 14:06:34 status half-configured libpam-runtime:all 1.4.0-11ubuntu2
2023-12-11 14:06:34 status unpacked libpam-runtime:all 1.4.0-11ubuntu2
2023-12-11 14:06:34 status half-installed libpam-runtime:all 1.4.0-11ubuntu2
2023-12-11 14:06:34 status unpacked libpam-runtime:all 1.4.0-11ubuntu2
2023-12-11 14:06:34 startup packages configure
2023-12-11 14:06:34 configure libpam-runtime:all 1.4.0-11ubuntu2 <none>
2023-12-11 14:06:34 status unpacked libpam-runtime:all 1.4.0-11ubuntu2
2023-12-11 14:06:34 status half-configured libpam-runtime:all 1.4.0-11ubuntu2
2023-12-11 14:06:35 status installed libpam-runtime:all 1.4.0-11ubuntu2
2023-12-11 14:06:35 startup packages configure
2023-12-11 14:06:36 startup archives unpack
2023-12-11 14:06:36 upgrade libpam0g:amd64 1.4.0-11ubuntu2 1.4.0-11ubuntu2
2023-12-11 14:06:36 status triggers-pending libc-bin:amd64 2.35-0ubuntu3
2023-12-11 14:06:36 status half-configured libpam0g:amd64 1.4.0-11ubuntu2
2023-12-11 14:06:36 status unpacked libpam0g:amd64 1.4.0-11ubuntu2
2023-12-11 14:06:36 status half-installed libpam0g:amd64 1.4.0-11ubuntu2
2023-12-11 14:06:36 status unpacked libpam0g:amd64 1.4.0-11ubuntu2
2023-12-11 14:06:36 startup packages configure
2023-12-11 14:06:36 configure libpam0g:amd64 1.4.0-11ubuntu2 <none>
2023-12-11 14:06:36 status unpacked libpam0g:amd64 1.4.0-11ubuntu2
2023-12-11 14:06:36 status half-configured libpam0g:amd64 1.4.0-11ubuntu2
2023-12-11 14:06:36 status installed libpam0g:amd64 1.4.0-11ubuntu2
2023-12-11 14:06:36 startup packages configure
2023-12-11 14:06:36 trigproc libc-bin:amd64 2.35-0ubuntu3 <none>
2023-12-11 14:06:36 status half-configured libc-bin:amd64 2.35-0ubuntu3
2023-12-11 14:06:36 status installed libc-bin:amd64 2.35-0ubuntu3
2023-12-11 14:06:38 startup archives unpack
2023-12-11 14:06:38 upgrade libpcre2-8-0:amd64 10.39-3build1 10.39-3build1
2023-12-11 14:06:38 status triggers-pending libc-bin:amd64 2.35-0ubuntu3
2023-12-11 14:06:38 status half-configured libpcre2-8-0:amd64 10.39-3build1
2023-12-11 14:06:38 status unpacked libpcre2-8-0:amd64 10.39-3build1
2023-12-11 14:06:38 status half-installed libpcre2-8-0:amd64 10.39-3build1
2023-12-11 14:06:38 status unpacked libpcre2-8-0:amd64 10.39-3build1
2023-12-11 14:06:38 startup packages configure
2023-12-11 14:06:38 configure libpcre2-8-0:amd64 10.39-3build1 <none>
2023-12-11 14:06:38 status unpacked libpcre2-8-0:amd64 10.39-3build1
2023-12-11 14:06:38 status half-configured libpcre2-8-0:amd64 10.39-3build1
2023-12-11 14:06:38 status installed libpcre2-8-0:amd64 10.39-3build1
2023-12-11 14:06:38 startup packages configure
2023-12-11 14:06:38 trigproc libc-bin:amd64 2.35-0ubuntu3 <none>
2023-12-11 14:06:38 status half-configured libc-bin:amd64 2.35-0ubuntu3
2023-12-11 14:06:38 status installed libc-bin:amd64 2.35-0ubuntu3
2023-12-11 14:06:40 startup archives unpack
2023-12-11 14:06:40 upgrade libpcre3:amd64 2:8.39-13build5 2:8.39-13build5
2023-12-11 14:06:40 status triggers-pending libc-bin:amd64 2.35-0ubuntu3
2023-12-11 14:06:40 status half-configured libpcre3:amd64 2:8.39-13build5
2023-12-11 14:06:40 status unpacked libpcre3:amd64 2:8.39-13build5
2023-12-11 14:06:40 status half-installed libpcre3:amd64 2:8.39-13build5
2023-12-11 14:06:40 status unpacked libpcre3:amd64 2:8.39-13build5
2023-12-11 14:06:40 startup packages configure
2023-12-11 14:06:40 configure libpcre3:amd64 2:8.39-13build5 <none>
2023-12-11 14:06:40 status unpacked libpcre3:amd64 2:8.39-13build5
2023-12-11 14:06:40 status half-configured libpcre3:amd64 2:8.39-13build5
2023-12-11 14:06:40 status installed libpcre3:amd64 2:8.39-13build5
2023-12-11 14:06:40 startup packages configure
2023-12-11 14:06:40 trigproc libc-bin:amd64 2.35-0ubuntu3 <none>
2023-12-11 14:06:40 status half-configured libc-bin:amd64 2.35-0ubuntu3
2023-12-11 14:06:40 status installed libc-bin:amd64 2.35-0ubuntu3
2023-12-11 14:06:42 startup archives unpack
2023-12-11 14:06:42 upgrade libprocps8:amd64 2:3.3.17-6ubuntu2 2:3.3.17-6ubuntu2
2023-12-11 14:06:42 status triggers-pending libc-bin:amd64 2.35-0ubuntu3
2023-12-11 14:06:42 status half-configured libprocps8:amd64 2:3.3.17-6ubuntu2
2023-12-11 14:06:42 status unpacked libprocps8:amd64 2:3.3.17-6ubuntu2
2023-12-11 14:06:42 status half-installed libprocps8:amd64 2:3.3.17-6ubuntu2
2023-12-11 14:06:42 status unpacked libprocps8:amd64 2:3.3.17-6ubuntu2
2023-12-11 14:06:42 startup packages configure
2023-12-11 14:06:42 configure libprocps8:amd64 2:3.3.17-6ubuntu2 <none>
2023-12-11 14:06:42 status unpacked libprocps8:amd64 2:3.3.17-6ubuntu2
2023-12-11 14:06:42 status half-configured libprocps8:amd64 2:3.3.17-6ubuntu2
2023-12-11 14:06:42 status installed libprocps8:amd64 2:3.3.17-6ubuntu2
2023-12-11 14:06:42 trigproc libc-bin:amd64 2.35-0ubuntu3 <none>
2023-12-11 14:06:42 status half-configured libc-bin:amd64 2.35-0ubuntu3
2023-12-11 14:06:42 status installed libc-bin:amd64 2.35-0ubuntu3
2023-12-11 14:06:43 startup archives unpack
2023-12-11 14:06:43 upgrade libseccomp2:amd64 2.5.3-2ubuntu2 2.5.3-2ubuntu2
2023-12-11 14:06:43 status triggers-pending libc-bin:amd64 2.35-0ubuntu3
2023-12-11 14:06:43 status half-configured libseccomp2:amd64 2.5.3-2ubuntu2
2023-12-11 14:06:43 status unpacked libseccomp2:amd64 2.5.3-2ubuntu2
2023-12-11 14:06:43 status half-installed libseccomp2:amd64 2.5.3-2ubuntu2
2023-12-11 14:06:43 status unpacked libseccomp2:amd64 2.5.3-2ubuntu2
2023-12-11 14:06:43 startup packages configure
2023-12-11 14:06:43 configure libseccomp2:amd64 2.5.3-2ubuntu2 <none>
2023-12-11 14:06:43 status unpacked libseccomp2:amd64 2.5.3-2ubuntu2
2023-12-11 14:06:43 status half-configured libseccomp2:amd64 2.5.3-2ubuntu2
2023-12-11 14:06:43 status installed libseccomp2:amd64 2.5.3-2ubuntu2
2023-12-11 14:06:43 startup packages configure
2023-12-11 14:06:43 trigproc libc-bin:amd64 2.35-0ubuntu3 <none>
2023-12-11 14:06:43 status half-configured libc-bin:amd64 2.35-0ubuntu3
2023-12-11 14:06:43 status installed libc-bin:amd64 2.35-0ubuntu3
2023-12-11 14:06:45 startup archives unpack
2023-12-11 14:06:45 upgrade libselinux1:amd64 3.3-1build2 3.3-1build2
2023-12-11 14:06:45 status triggers-pending libc-bin:amd64 2.35-0ubuntu3
2023-12-11 14:06:45 status half-configured libselinux1:amd64 3.3-1build2
2023-12-11 14:06:45 status unpacked libselinux1:amd64 3.3-1build2
2023-12-11 14:06:45 status half-installed libselinux1:amd64 3.3-1build2
2023-12-11 14:06:45 status unpacked libselinux1:amd64 3.3-1build2
2023-12-11 14:06:45 startup packages configure
2023-12-11 14:06:45 configure libselinux1:amd64 3.3-1build2 <none>
2023-12-11 14:06:45 status unpacked libselinux1:amd64 3.3-1build2
2023-12-11 14:06:45 status half-configured libselinux1:amd64 3.3-1build2
2023-12-11 14:06:45 status installed libselinux1:amd64 3.3-1build2
2023-12-11 14:06:45 startup packages configure
2023-12-11 14:06:45 trigproc libc-bin:amd64 2.35-0ubuntu3 <none>
2023-12-11 14:06:45 status half-configured libc-bin:amd64 2.35-0ubuntu3
2023-12-11 14:06:45 status installed libc-bin:amd64 2.35-0ubuntu3
2023-12-11 14:06:46 startup archives unpack
2023-12-11 14:06:46 upgrade libsemanage-common:all 3.3-1build2 3.3-1build2
2023-12-11 14:06:46 status half-configured libsemanage-common:all 3.3-1build2
2023-12-11 14:06:47 status unpacked libsemanage-common:all 3.3-1build2
2023-12-11 14:06:47 status half-installed libsemanage-common:all 3.3-1build2
2023-12-11 14:06:47 status unpacked libsemanage-common:all 3.3-1build2
2023-12-11 14:06:47 startup packages configure
2023-12-11 14:06:47 configure libsemanage-common:all 3.3-1build2 <none>
2023-12-11 14:06:47 status unpacked libsemanage-common:all 3.3-1build2
2023-12-11 14:06:47 status half-configured libsemanage-common:all 3.3-1build2
2023-12-11 14:06:47 status installed libsemanage-common:all 3.3-1build2
2023-12-11 14:06:47 startup packages configure
2023-12-11 14:06:48 startup archives unpack
2023-12-11 14:06:48 upgrade libsemanage2:amd64 3.3-1build2 3.3-1build2
2023-12-11 14:06:48 status triggers-pending libc-bin:amd64 2.35-0ubuntu3
2023-12-11 14:06:48 status half-configured libsemanage2:amd64 3.3-1build2
2023-12-11 14:06:48 status unpacked libsemanage2:amd64 3.3-1build2
2023-12-11 14:06:48 status half-installed libsemanage2:amd64 3.3-1build2
2023-12-11 14:06:48 status unpacked libsemanage2:amd64 3.3-1build2
2023-12-11 14:06:48 startup packages configure
2023-12-11 14:06:48 configure libsemanage2:amd64 3.3-1build2 <none>
2023-12-11 14:06:48 status unpacked libsemanage2:amd64 3.3-1build2
2023-12-11 14:06:48 status half-configured libsemanage2:amd64 3.3-1build2
2023-12-11 14:06:48 status installed libsemanage2:amd64 3.3-1build2
2023-12-11 14:06:48 startup packages configure
2023-12-11 14:06:49 trigproc libc-bin:amd64 2.35-0ubuntu3 <none>
2023-12-11 14:06:49 status half-configured libc-bin:amd64 2.35-0ubuntu3
2023-12-11 14:06:49 status installed libc-bin:amd64 2.35-0ubuntu3
2023-12-11 14:06:50 startup archives unpack
2023-12-11 14:06:50 upgrade libsepol2:amd64 3.3-1build1 3.3-1build1
2023-12-11 14:06:50 status triggers-pending libc-bin:amd64 2.35-0ubuntu3
2023-12-11 14:06:50 status half-configured libsepol2:amd64 3.3-1build1
2023-12-11 14:06:50 status unpacked libsepol2:amd64 3.3-1build1
2023-12-11 14:06:50 status half-installed libsepol2:amd64 3.3-1build1
2023-12-11 14:06:50 status unpacked libsepol2:amd64 3.3-1build1
2023-12-11 14:06:50 startup packages configure
2023-12-11 14:06:50 configure libsepol2:amd64 3.3-1build1 <none>
2023-12-11 14:06:50 status unpacked libsepol2:amd64 3.3-1build1
2023-12-11 14:06:50 status half-configured libsepol2:amd64 3.3-1build1
2023-12-11 14:06:50 status installed libsepol2:amd64 3.3-1build1
2023-12-11 14:06:50 startup packages configure
2023-12-11 14:06:50 trigproc libc-bin:amd64 2.35-0ubuntu3 <none>
2023-12-11 14:06:50 status half-configured libc-bin:amd64 2.35-0ubuntu3
2023-12-11 14:06:50 status installed libc-bin:amd64 2.35-0ubuntu3
2023-12-11 14:06:52 startup archives unpack
2023-12-11 14:06:52 upgrade libsmartcols1:amd64 2.37.2-4ubuntu3 2.37.2-4ubuntu3
2023-12-11 14:06:52 status triggers-pending libc-bin:amd64 2.35-0ubuntu3
2023-12-11 14:06:52 status half-configured libsmartcols1:amd64 2.37.2-4ubuntu3
2023-12-11 14:06:52 status unpacked libsmartcols1:amd64 2.37.2-4ubuntu3
2023-12-11 14:06:52 status half-installed libsmartcols1:amd64 2.37.2-4ubuntu3
2023-12-11 14:06:52 status unpacked libsmartcols1:amd64 2.37.2-4ubuntu3
2023-12-11 14:06:52 startup packages configure
2023-12-11 14:06:52 configure libsmartcols1:amd64 2.37.2-4ubuntu3 <none>
2023-12-11 14:06:52 status unpacked libsmartcols1:amd64 2.37.2-4ubuntu3
2023-12-11 14:06:52 status half-configured libsmartcols1:amd64 2.37.2-4ubuntu3
2023-12-11 14:06:52 status installed libsmartcols1:amd64 2.37.2-4ubuntu3
2023-12-11 14:06:52 startup packages configure
2023-12-11 14:06:52 trigproc libc-bin:amd64 2.35-0ubuntu3 <none>
2023-12-11 14:06:52 status half-configured libc-bin:amd64 2.35-0ubuntu3
2023-12-11 14:06:52 status installed libc-bin:amd64 2.35-0ubuntu3
2023-12-11 14:06:54 startup archives unpack
2023-12-11 14:06:54 upgrade libss2:amd64 1.46.5-2ubuntu1 1.46.5-2ubuntu1
2023-12-11 14:06:54 status triggers-pending libc-bin:amd64 2.35-0ubuntu3
2023-12-11 14:06:54 status half-configured libss2:amd64 1.46.5-2ubuntu1
2023-12-11 14:06:54 status unpacked libss2:amd64 1.46.5-2ubuntu1
2023-12-11 14:06:54 status half-installed libss2:amd64 1.46.5-2ubuntu1
2023-12-11 14:06:54 status unpacked libss2:amd64 1.46.5-2ubuntu1
2023-12-11 14:06:54 startup packages configure
2023-12-11 14:06:54 configure libss2:amd64 1.46.5-2ubuntu1 <none>
2023-12-11 14:06:54 status unpacked libss2:amd64 1.46.5-2ubuntu1
2023-12-11 14:06:54 status half-configured libss2:amd64 1.46.5-2ubuntu1
2023-12-11 14:06:54 status installed libss2:amd64 1.46.5-2ubuntu1
2023-12-11 14:06:54 trigproc libc-bin:amd64 2.35-0ubuntu3 <none>
2023-12-11 14:06:54 status half-configured libc-bin:amd64 2.35-0ubuntu3
2023-12-11 14:06:54 status installed libc-bin:amd64 2.35-0ubuntu3
2023-12-11 14:06:57 startup archives unpack
2023-12-11 14:06:57 upgrade libssl3:amd64 3.0.2-0ubuntu1 3.0.2-0ubuntu1
2023-12-11 14:06:57 status triggers-pending libc-bin:amd64 2.35-0ubuntu3
2023-12-11 14:06:57 status half-configured libssl3:amd64 3.0.2-0ubuntu1
2023-12-11 14:06:57 status unpacked libssl3:amd64 3.0.2-0ubuntu1
2023-12-11 14:06:57 status half-installed libssl3:amd64 3.0.2-0ubuntu1
2023-12-11 14:06:57 status unpacked libssl3:amd64 3.0.2-0ubuntu1
2023-12-11 14:06:57 startup packages configure
2023-12-11 14:06:57 configure libssl3:amd64 3.0.2-0ubuntu1 <none>
2023-12-11 14:06:57 status unpacked libssl3:amd64 3.0.2-0ubuntu1
2023-12-11 14:06:57 status half-configured libssl3:amd64 3.0.2-0ubuntu1
2023-12-11 14:06:57 status installed libssl3:amd64 3.0.2-0ubuntu1
2023-12-11 14:06:57 startup packages configure
2023-12-11 14:06:57 trigproc libc-bin:amd64 2.35-0ubuntu3 <none>
2023-12-11 14:06:57 status half-configured libc-bin:amd64 2.35-0ubuntu3
2023-12-11 14:06:57 status installed libc-bin:amd64 2.35-0ubuntu3
2023-12-11 14:06:59 startup archives unpack
2023-12-11 14:06:59 upgrade libstdc++6:amd64 12-20220319-1ubuntu1 12-20220319-1ubuntu1
2023-12-11 14:06:59 status triggers-pending libc-bin:amd64 2.35-0ubuntu3
2023-12-11 14:06:59 status half-configured libstdc++6:amd64 12-20220319-1ubuntu1
2023-12-11 14:06:59 status unpacked libstdc++6:amd64 12-20220319-1ubuntu1
2023-12-11 14:06:59 status half-installed libstdc++6:amd64 12-20220319-1ubuntu1
2023-12-11 14:06:59 status unpacked libstdc++6:amd64 12-20220319-1ubuntu1
2023-12-11 14:06:59 startup packages configure
2023-12-11 14:06:59 configure libstdc++6:amd64 12-20220319-1ubuntu1 <none>
2023-12-11 14:06:59 status unpacked libstdc++6:amd64 12-20220319-1ubuntu1
2023-12-11 14:06:59 status half-configured libstdc++6:amd64 12-20220319-1ubuntu1
2023-12-11 14:06:59 status installed libstdc++6:amd64 12-20220319-1ubuntu1
2023-12-11 14:06:59 startup packages configure
2023-12-11 14:06:59 trigproc libc-bin:amd64 2.35-0ubuntu3 <none>
2023-12-11 14:06:59 status half-configured libc-bin:amd64 2.35-0ubuntu3
2023-12-11 14:06:59 status installed libc-bin:amd64 2.35-0ubuntu3
2023-12-11 14:07:01 startup archives unpack
2023-12-11 14:07:01 upgrade libsystemd0:amd64 249.11-0ubuntu3 249.11-0ubuntu3
2023-12-11 14:07:01 status triggers-pending libc-bin:amd64 2.35-0ubuntu3
2023-12-11 14:07:01 status half-configured libsystemd0:amd64 249.11-0ubuntu3
2023-12-11 14:07:01 status unpacked libsystemd0:amd64 249.11-0ubuntu3
2023-12-11 14:07:01 status half-installed libsystemd0:amd64 249.11-0ubuntu3
2023-12-11 14:07:01 status unpacked libsystemd0:amd64 249.11-0ubuntu3
2023-12-11 14:07:01 startup packages configure
2023-12-11 14:07:01 configure libsystemd0:amd64 249.11-0ubuntu3 <none>
2023-12-11 14:07:01 status unpacked libsystemd0:amd64 249.11-0ubuntu3
2023-12-11 14:07:01 status half-configured libsystemd0:amd64 249.11-0ubuntu3
2023-12-11 14:07:01 status installed libsystemd0:amd64 249.11-0ubuntu3
2023-12-11 14:07:01 startup packages configure
2023-12-11 14:07:01 trigproc libc-bin:amd64 2.35-0ubuntu3 <none>
2023-12-11 14:07:01 status half-configured libc-bin:amd64 2.35-0ubuntu3
2023-12-11 14:07:01 status installed libc-bin:amd64 2.35-0ubuntu3
2023-12-11 14:07:03 startup archives unpack
2023-12-11 14:07:03 upgrade libtasn1-6:amd64 4.18.0-4build1 4.18.0-4build1
2023-12-11 14:07:03 status triggers-pending libc-bin:amd64 2.35-0ubuntu3
2023-12-11 14:07:03 status half-configured libtasn1-6:amd64 4.18.0-4build1
2023-12-11 14:07:03 status unpacked libtasn1-6:amd64 4.18.0-4build1
2023-12-11 14:07:03 status half-installed libtasn1-6:amd64 4.18.0-4build1
2023-12-11 14:07:03 status unpacked libtasn1-6:amd64 4.18.0-4build1
2023-12-11 14:07:03 startup packages configure
2023-12-11 14:07:03 configure libtasn1-6:amd64 4.18.0-4build1 <none>
2023-12-11 14:07:03 status unpacked libtasn1-6:amd64 4.18.0-4build1
2023-12-11 14:07:03 status half-configured libtasn1-6:amd64 4.18.0-4build1
2023-12-11 14:07:03 status installed libtasn1-6:amd64 4.18.0-4build1
2023-12-11 14:07:03 startup packages configure
2023-12-11 14:07:03 trigproc libc-bin:amd64 2.35-0ubuntu3 <none>
2023-12-11 14:07:03 status half-configured libc-bin:amd64 2.35-0ubuntu3
2023-12-11 14:07:03 status installed libc-bin:amd64 2.35-0ubuntu3
2023-12-11 14:07:04 startup archives unpack
2023-12-11 14:07:04 upgrade libtinfo6:amd64 6.3-2 6.3-2
2023-12-11 14:07:04 status triggers-pending libc-bin:amd64 2.35-0ubuntu3
2023-12-11 14:07:04 status half-configured libtinfo6:amd64 6.3-2
2023-12-11 14:07:04 status unpacked libtinfo6:amd64 6.3-2
2023-12-11 14:07:04 status half-installed libtinfo6:amd64 6.3-2
2023-12-11 14:07:04 status unpacked libtinfo6:amd64 6.3-2
2023-12-11 14:07:05 startup packages configure
2023-12-11 14:07:05 configure libtinfo6:amd64 6.3-2 <none>
2023-12-11 14:07:05 status unpacked libtinfo6:amd64 6.3-2
2023-12-11 14:07:05 status half-configured libtinfo6:amd64 6.3-2
2023-12-11 14:07:05 status installed libtinfo6:amd64 6.3-2
2023-12-11 14:07:05 startup packages configure
2023-12-11 14:07:05 trigproc libc-bin:amd64 2.35-0ubuntu3 <none>
2023-12-11 14:07:05 status half-configured libc-bin:amd64 2.35-0ubuntu3
2023-12-11 14:07:05 status installed libc-bin:amd64 2.35-0ubuntu3
2023-12-11 14:07:06 startup archives unpack
2023-12-11 14:07:06 upgrade libtirpc-common:all 1.3.2-2build1 1.3.2-2build1
2023-12-11 14:07:06 status half-configured libtirpc-common:all 1.3.2-2build1
2023-12-11 14:07:06 status unpacked libtirpc-common:all 1.3.2-2build1
2023-12-11 14:07:06 status half-installed libtirpc-common:all 1.3.2-2build1
2023-12-11 14:07:06 status unpacked libtirpc-common:all 1.3.2-2build1
2023-12-11 14:07:06 startup packages configure
2023-12-11 14:07:06 configure libtirpc-common:all 1.3.2-2build1 <none>
2023-12-11 14:07:06 status unpacked libtirpc-common:all 1.3.2-2build1
2023-12-11 14:07:06 status half-configured libtirpc-common:all 1.3.2-2build1
2023-12-11 14:07:06 status installed libtirpc-common:all 1.3.2-2build1
2023-12-11 14:07:06 startup packages configure
2023-12-11 14:07:08 startup archives unpack
2023-12-11 14:07:08 upgrade libtirpc3:amd64 1.3.2-2build1 1.3.2-2build1
2023-12-11 14:07:08 status triggers-pending libc-bin:amd64 2.35-0ubuntu3
2023-12-11 14:07:08 status half-configured libtirpc3:amd64 1.3.2-2build1
2023-12-11 14:07:08 status unpacked libtirpc3:amd64 1.3.2-2build1
2023-12-11 14:07:08 status half-installed libtirpc3:amd64 1.3.2-2build1
2023-12-11 14:07:08 status unpacked libtirpc3:amd64 1.3.2-2build1
2023-12-11 14:07:08 startup packages configure
2023-12-11 14:07:08 configure libtirpc3:amd64 1.3.2-2build1 <none>
2023-12-11 14:07:08 status unpacked libtirpc3:amd64 1.3.2-2build1
2023-12-11 14:07:08 status half-configured libtirpc3:amd64 1.3.2-2build1
2023-12-11 14:07:08 status installed libtirpc3:amd64 1.3.2-2build1
2023-12-11 14:07:08 startup packages configure
2023-12-11 14:07:08 trigproc libc-bin:amd64 2.35-0ubuntu3 <none>
2023-12-11 14:07:08 status half-configured libc-bin:amd64 2.35-0ubuntu3
2023-12-11 14:07:08 status installed libc-bin:amd64 2.35-0ubuntu3
2023-12-11 14:07:10 startup archives unpack
2023-12-11 14:07:10 upgrade libudev1:amd64 249.11-0ubuntu3 249.11-0ubuntu3
2023-12-11 14:07:10 status triggers-pending libc-bin:amd64 2.35-0ubuntu3
2023-12-11 14:07:10 status half-configured libudev1:amd64 249.11-0ubuntu3
2023-12-11 14:07:10 status unpacked libudev1:amd64 249.11-0ubuntu3
2023-12-11 14:07:10 status half-installed libudev1:amd64 249.11-0ubuntu3
2023-12-11 14:07:10 status unpacked libudev1:amd64 249.11-0ubuntu3
2023-12-11 14:07:10 startup packages configure
2023-12-11 14:07:10 configure libudev1:amd64 249.11-0ubuntu3 <none>
2023-12-11 14:07:10 status unpacked libudev1:amd64 249.11-0ubuntu3
2023-12-11 14:07:10 status half-configured libudev1:amd64 249.11-0ubuntu3
2023-12-11 14:07:10 status installed libudev1:amd64 249.11-0ubuntu3
2023-12-11 14:07:10 startup packages configure
2023-12-11 14:07:10 trigproc libc-bin:amd64 2.35-0ubuntu3 <none>
2023-12-11 14:07:10 status half-configured libc-bin:amd64 2.35-0ubuntu3
2023-12-11 14:07:10 status installed libc-bin:amd64 2.35-0ubuntu3
2023-12-11 14:07:12 startup archives unpack
2023-12-11 14:07:12 upgrade libunistring2:amd64 1.0-1 1.0-1
2023-12-11 14:07:12 status triggers-pending libc-bin:amd64 2.35-0ubuntu3
2023-12-11 14:07:12 status half-configured libunistring2:amd64 1.0-1
2023-12-11 14:07:12 status unpacked libunistring2:amd64 1.0-1
2023-12-11 14:07:12 status half-installed libunistring2:amd64 1.0-1
2023-12-11 14:07:12 status unpacked libunistring2:amd64 1.0-1
2023-12-11 14:07:12 startup packages configure
2023-12-11 14:07:12 configure libunistring2:amd64 1.0-1 <none>
2023-12-11 14:07:12 status unpacked libunistring2:amd64 1.0-1
2023-12-11 14:07:12 status half-configured libunistring2:amd64 1.0-1
2023-12-11 14:07:12 status installed libunistring2:amd64 1.0-1
2023-12-11 14:07:12 startup packages configure
2023-12-11 14:07:12 trigproc libc-bin:amd64 2.35-0ubuntu3 <none>
2023-12-11 14:07:12 status half-configured libc-bin:amd64 2.35-0ubuntu3
2023-12-11 14:07:12 status installed libc-bin:amd64 2.35-0ubuntu3
2023-12-11 14:07:13 startup archives unpack
2023-12-11 14:07:13 upgrade libuuid1:amd64 2.37.2-4ubuntu3 2.37.2-4ubuntu3
2023-12-11 14:07:13 status triggers-pending libc-bin:amd64 2.35-0ubuntu3
2023-12-11 14:07:13 status half-configured libuuid1:amd64 2.37.2-4ubuntu3
2023-12-11 14:07:13 status unpacked libuuid1:amd64 2.37.2-4ubuntu3
2023-12-11 14:07:13 status half-installed libuuid1:amd64 2.37.2-4ubuntu3
2023-12-11 14:07:13 status unpacked libuuid1:amd64 2.37.2-4ubuntu3
2023-12-11 14:07:13 startup packages configure
2023-12-11 14:07:13 configure libuuid1:amd64 2.37.2-4ubuntu3 <none>
2023-12-11 14:07:13 status unpacked libuuid1:amd64 2.37.2-4ubuntu3
2023-12-11 14:07:13 status half-configured libuuid1:amd64 2.37.2-4ubuntu3
2023-12-11 14:07:13 status installed libuuid1:amd64 2.37.2-4ubuntu3
2023-12-11 14:07:14 startup packages configure
2023-12-11 14:07:14 trigproc libc-bin:amd64 2.35-0ubuntu3 <none>
2023-12-11 14:07:14 status half-configured libc-bin:amd64 2.35-0ubuntu3
2023-12-11 14:07:14 status installed libc-bin:amd64 2.35-0ubuntu3
2023-12-11 14:07:15 startup archives unpack
2023-12-11 14:07:15 upgrade libxxhash0:amd64 0.8.1-1 0.8.1-1
2023-12-11 14:07:15 status triggers-pending libc-bin:amd64 2.35-0ubuntu3
2023-12-11 14:07:15 status half-configured libxxhash0:amd64 0.8.1-1
2023-12-11 14:07:15 status unpacked libxxhash0:amd64 0.8.1-1
2023-12-11 14:07:15 status half-installed libxxhash0:amd64 0.8.1-1
2023-12-11 14:07:15 status unpacked libxxhash0:amd64 0.8.1-1
2023-12-11 14:07:15 startup packages configure
2023-12-11 14:07:15 configure libxxhash0:amd64 0.8.1-1 <none>
2023-12-11 14:07:15 status unpacked libxxhash0:amd64 0.8.1-1
2023-12-11 14:07:15 status half-configured libxxhash0:amd64 0.8.1-1
2023-12-11 14:07:15 status installed libxxhash0:amd64 0.8.1-1
2023-12-11 14:07:15 startup packages configure
2023-12-11 14:07:15 trigproc libc-bin:amd64 2.35-0ubuntu3 <none>
2023-12-11 14:07:15 status half-configured libc-bin:amd64 2.35-0ubuntu3
2023-12-11 14:07:15 status installed libc-bin:amd64 2.35-0ubuntu3
2023-12-11 14:07:17 startup archives unpack
2023-12-11 14:07:17 upgrade libzstd1:amd64 1.4.8+dfsg-3build1 1.4.8+dfsg-3build1
2023-12-11 14:07:17 status triggers-pending libc-bin:amd64 2.35-0ubuntu3
2023-12-11 14:07:17 status half-configured libzstd1:amd64 1.4.8+dfsg-3build1
2023-12-11 14:07:17 status unpacked libzstd1:amd64 1.4.8+dfsg-3build1
2023-12-11 14:07:17 status half-installed libzstd1:amd64 1.4.8+dfsg-3build1
2023-12-11 14:07:17 status unpacked libzstd1:amd64 1.4.8+dfsg-3build1
2023-12-11 14:07:17 startup packages configure
2023-12-11 14:07:17 configure libzstd1:amd64 1.4.8+dfsg-3build1 <none>
2023-12-11 14:07:17 status unpacked libzstd1:amd64 1.4.8+dfsg-3build1
2023-12-11 14:07:17 status half-configured libzstd1:amd64 1.4.8+dfsg-3build1
2023-12-11 14:07:17 status installed libzstd1:amd64 1.4.8+dfsg-3build1
2023-12-11 14:07:17 startup packages configure
2023-12-11 14:07:17 trigproc libc-bin:amd64 2.35-0ubuntu3 <none>
2023-12-11 14:07:17 status half-configured libc-bin:amd64 2.35-0ubuntu3
2023-12-11 14:07:17 status installed libc-bin:amd64 2.35-0ubuntu3
2023-12-11 14:07:19 startup archives unpack
2023-12-11 14:07:19 upgrade login:amd64 1:4.8.1-2ubuntu2 1:4.8.1-2ubuntu2
2023-12-11 14:07:19 status half-configured login:amd64 1:4.8.1-2ubuntu2
2023-12-11 14:07:19 status unpacked login:amd64 1:4.8.1-2ubuntu2
2023-12-11 14:07:19 status half-installed login:amd64 1:4.8.1-2ubuntu2
2023-12-11 14:07:19 status unpacked login:amd64 1:4.8.1-2ubuntu2
2023-12-11 14:07:19 startup packages configure
2023-12-11 14:07:19 configure login:amd64 1:4.8.1-2ubuntu2 <none>
2023-12-11 14:07:19 status unpacked login:amd64 1:4.8.1-2ubuntu2
2023-12-11 14:07:19 status half-configured login:amd64 1:4.8.1-2ubuntu2
2023-12-11 14:07:19 status installed login:amd64 1:4.8.1-2ubuntu2
2023-12-11 14:07:19 startup packages configure
2023-12-11 14:07:20 startup archives unpack
2023-12-11 14:07:20 upgrade logsave:amd64 1.46.5-2ubuntu1 1.46.5-2ubuntu1
2023-12-11 14:07:20 status half-configured logsave:amd64 1.46.5-2ubuntu1
2023-12-11 14:07:20 status unpacked logsave:amd64 1.46.5-2ubuntu1
2023-12-11 14:07:20 status half-installed logsave:amd64 1.46.5-2ubuntu1
2023-12-11 14:07:20 status unpacked logsave:amd64 1.46.5-2ubuntu1
2023-12-11 14:07:21 startup packages configure
2023-12-11 14:07:21 configure logsave:amd64 1.46.5-2ubuntu1 <none>
2023-12-11 14:07:21 status unpacked logsave:amd64 1.46.5-2ubuntu1
2023-12-11 14:07:21 status half-configured logsave:amd64 1.46.5-2ubuntu1
2023-12-11 14:07:21 status installed logsave:amd64 1.46.5-2ubuntu1
2023-12-11 14:07:22 startup archives unpack
2023-12-11 14:07:22 upgrade lsb-base:all 11.1.0ubuntu4 11.1.0ubuntu4
2023-12-11 14:07:22 status half-configured lsb-base:all 11.1.0ubuntu4
2023-12-11 14:07:22 status unpacked lsb-base:all 11.1.0ubuntu4
2023-12-11 14:07:22 status half-installed lsb-base:all 11.1.0ubuntu4
2023-12-11 14:07:22 status unpacked lsb-base:all 11.1.0ubuntu4
2023-12-11 14:07:22 startup packages configure
2023-12-11 14:07:22 configure lsb-base:all 11.1.0ubuntu4 <none>
2023-12-11 14:07:22 status unpacked lsb-base:all 11.1.0ubuntu4
2023-12-11 14:07:22 status half-configured lsb-base:all 11.1.0ubuntu4
2023-12-11 14:07:22 status installed lsb-base:all 11.1.0ubuntu4
2023-12-11 14:07:22 startup packages configure
2023-12-11 14:07:24 startup archives unpack
2023-12-11 14:07:24 upgrade mawk:amd64 1.3.4.20200120-3 1.3.4.20200120-3
2023-12-11 14:07:24 status half-configured mawk:amd64 1.3.4.20200120-3
2023-12-11 14:07:24 status unpacked mawk:amd64 1.3.4.20200120-3
2023-12-11 14:07:24 status half-installed mawk:amd64 1.3.4.20200120-3
2023-12-11 14:07:24 status unpacked mawk:amd64 1.3.4.20200120-3
2023-12-11 14:07:24 startup packages configure
2023-12-11 14:07:24 configure mawk:amd64 1.3.4.20200120-3 <none>
2023-12-11 14:07:24 status unpacked mawk:amd64 1.3.4.20200120-3
2023-12-11 14:07:24 status half-configured mawk:amd64 1.3.4.20200120-3
2023-12-11 14:07:24 status installed mawk:amd64 1.3.4.20200120-3
2023-12-11 14:07:25 startup archives unpack
2023-12-11 14:07:25 upgrade mount:amd64 2.37.2-4ubuntu3 2.37.2-4ubuntu3
2023-12-11 14:07:25 status half-configured mount:amd64 2.37.2-4ubuntu3
2023-12-11 14:07:25 status unpacked mount:amd64 2.37.2-4ubuntu3
2023-12-11 14:07:25 status half-installed mount:amd64 2.37.2-4ubuntu3
2023-12-11 14:07:25 status unpacked mount:amd64 2.37.2-4ubuntu3
2023-12-11 14:07:25 startup packages configure
2023-12-11 14:07:25 configure mount:amd64 2.37.2-4ubuntu3 <none>
2023-12-11 14:07:25 status unpacked mount:amd64 2.37.2-4ubuntu3
2023-12-11 14:07:25 status half-configured mount:amd64 2.37.2-4ubuntu3
2023-12-11 14:07:25 status installed mount:amd64 2.37.2-4ubuntu3
2023-12-11 14:07:27 startup archives unpack
2023-12-11 14:07:27 upgrade ncurses-base:all 6.3-2 6.3-2
2023-12-11 14:07:27 status half-configured ncurses-base:all 6.3-2
2023-12-11 14:07:27 status unpacked ncurses-base:all 6.3-2
2023-12-11 14:07:27 status half-installed ncurses-base:all 6.3-2
2023-12-11 14:07:27 status unpacked ncurses-base:all 6.3-2
2023-12-11 14:07:27 startup packages configure
2023-12-11 14:07:27 configure ncurses-base:all 6.3-2 <none>
2023-12-11 14:07:27 status unpacked ncurses-base:all 6.3-2
2023-12-11 14:07:27 status half-configured ncurses-base:all 6.3-2
2023-12-11 14:07:27 status installed ncurses-base:all 6.3-2
2023-12-11 14:07:27 startup packages configure
2023-12-11 14:07:29 startup archives unpack
2023-12-11 14:07:29 upgrade ncurses-bin:amd64 6.3-2 6.3-2
2023-12-11 14:07:29 status half-configured ncurses-bin:amd64 6.3-2
2023-12-11 14:07:29 status unpacked ncurses-bin:amd64 6.3-2
2023-12-11 14:07:29 status half-installed ncurses-bin:amd64 6.3-2
2023-12-11 14:07:29 status unpacked ncurses-bin:amd64 6.3-2
2023-12-11 14:07:29 startup packages configure
2023-12-11 14:07:29 configure ncurses-bin:amd64 6.3-2 <none>
2023-12-11 14:07:29 status unpacked ncurses-bin:amd64 6.3-2
2023-12-11 14:07:29 status half-configured ncurses-bin:amd64 6.3-2
2023-12-11 14:07:29 status installed ncurses-bin:amd64 6.3-2
2023-12-11 14:07:29 startup packages configure
2023-12-11 14:07:31 startup archives unpack
2023-12-11 14:07:31 upgrade passwd:amd64 1:4.8.1-2ubuntu2 1:4.8.1-2ubuntu2
2023-12-11 14:07:31 status half-configured passwd:amd64 1:4.8.1-2ubuntu2
2023-12-11 14:07:31 status unpacked passwd:amd64 1:4.8.1-2ubuntu2
2023-12-11 14:07:31 status half-installed passwd:amd64 1:4.8.1-2ubuntu2
2023-12-11 14:07:31 status unpacked passwd:amd64 1:4.8.1-2ubuntu2
2023-12-11 14:07:31 startup packages configure
2023-12-11 14:07:31 configure passwd:amd64 1:4.8.1-2ubuntu2 <none>
2023-12-11 14:07:31 status unpacked passwd:amd64 1:4.8.1-2ubuntu2
2023-12-11 14:07:31 status half-configured passwd:amd64 1:4.8.1-2ubuntu2
2023-12-11 14:07:31 status installed passwd:amd64 1:4.8.1-2ubuntu2
2023-12-11 14:07:31 startup packages configure
2023-12-11 14:07:34 startup archives unpack
2023-12-11 14:07:34 upgrade perl-base:amd64 5.34.0-3ubuntu1 5.34.0-3ubuntu1
2023-12-11 14:07:34 status half-configured perl-base:amd64 5.34.0-3ubuntu1
2023-12-11 14:07:34 status unpacked perl-base:amd64 5.34.0-3ubuntu1
2023-12-11 14:07:34 status half-installed perl-base:amd64 5.34.0-3ubuntu1
2023-12-11 14:07:34 status unpacked perl-base:amd64 5.34.0-3ubuntu1
2023-12-11 14:07:34 startup packages configure
2023-12-11 14:07:34 configure perl-base:amd64 5.34.0-3ubuntu1 <none>
2023-12-11 14:07:34 status unpacked perl-base:amd64 5.34.0-3ubuntu1
2023-12-11 14:07:34 status half-configured perl-base:amd64 5.34.0-3ubuntu1
2023-12-11 14:07:34 status installed perl-base:amd64 5.34.0-3ubuntu1
2023-12-11 14:07:34 startup packages configure
2023-12-11 14:07:36 startup archives unpack
2023-12-11 14:07:36 upgrade procps:amd64 2:3.3.17-6ubuntu2 2:3.3.17-6ubuntu2
2023-12-11 14:07:36 status half-configured procps:amd64 2:3.3.17-6ubuntu2
2023-12-11 14:07:36 status unpacked procps:amd64 2:3.3.17-6ubuntu2
2023-12-11 14:07:36 status half-installed procps:amd64 2:3.3.17-6ubuntu2
2023-12-11 14:07:36 status unpacked procps:amd64 2:3.3.17-6ubuntu2
2023-12-11 14:07:36 startup packages configure
2023-12-11 14:07:36 configure procps:amd64 2:3.3.17-6ubuntu2 <none>
2023-12-11 14:07:36 status unpacked procps:amd64 2:3.3.17-6ubuntu2
2023-12-11 14:07:36 status half-configured procps:amd64 2:3.3.17-6ubuntu2
2023-12-11 14:07:36 status installed procps:amd64 2:3.3.17-6ubuntu2
2023-12-11 14:07:38 startup archives unpack
2023-12-11 14:07:38 upgrade sed:amd64 4.8-1ubuntu2 4.8-1ubuntu2
2023-12-11 14:07:38 status half-configured sed:amd64 4.8-1ubuntu2
2023-12-11 14:07:38 status unpacked sed:amd64 4.8-1ubuntu2
2023-12-11 14:07:38 status half-installed sed:amd64 4.8-1ubuntu2
2023-12-11 14:07:38 status unpacked sed:amd64 4.8-1ubuntu2
2023-12-11 14:07:38 startup packages configure
2023-12-11 14:07:38 configure sed:amd64 4.8-1ubuntu2 <none>
2023-12-11 14:07:38 status unpacked sed:amd64 4.8-1ubuntu2
2023-12-11 14:07:38 status half-configured sed:amd64 4.8-1ubuntu2
2023-12-11 14:07:38 status installed sed:amd64 4.8-1ubuntu2
2023-12-11 14:07:38 startup packages configure
2023-12-11 14:07:39 startup archives unpack
2023-12-11 14:07:39 upgrade sensible-utils:all 0.0.17 0.0.17
2023-12-11 14:07:39 status half-configured sensible-utils:all 0.0.17
2023-12-11 14:07:39 status unpacked sensible-utils:all 0.0.17
2023-12-11 14:07:39 status half-installed sensible-utils:all 0.0.17
2023-12-11 14:07:39 status unpacked sensible-utils:all 0.0.17
2023-12-11 14:07:40 startup packages configure
2023-12-11 14:07:40 configure sensible-utils:all 0.0.17 <none>
2023-12-11 14:07:40 status unpacked sensible-utils:all 0.0.17
2023-12-11 14:07:40 status half-configured sensible-utils:all 0.0.17
2023-12-11 14:07:40 status installed sensible-utils:all 0.0.17
2023-12-11 14:07:41 startup archives unpack
2023-12-11 14:07:41 upgrade sysvinit-utils:amd64 3.01-1ubuntu1 3.01-1ubuntu1
2023-12-11 14:07:41 status half-configured sysvinit-utils:amd64 3.01-1ubuntu1
2023-12-11 14:07:41 status unpacked sysvinit-utils:amd64 3.01-1ubuntu1
2023-12-11 14:07:41 status half-installed sysvinit-utils:amd64 3.01-1ubuntu1
2023-12-11 14:07:41 status unpacked sysvinit-utils:amd64 3.01-1ubuntu1
2023-12-11 14:07:41 startup packages configure
2023-12-11 14:07:41 configure sysvinit-utils:amd64 3.01-1ubuntu1 <none>
2023-12-11 14:07:41 status unpacked sysvinit-utils:amd64 3.01-1ubuntu1
2023-12-11 14:07:41 status half-configured sysvinit-utils:amd64 3.01-1ubuntu1
2023-12-11 14:07:41 status installed sysvinit-utils:amd64 3.01-1ubuntu1
2023-12-11 14:07:41 startup packages configure
2023-12-11 14:07:43 startup archives unpack
2023-12-11 14:07:43 upgrade tar:amd64 1.34+dfsg-1build3 1.34+dfsg-1build3
2023-12-11 14:07:43 status half-configured tar:amd64 1.34+dfsg-1build3
2023-12-11 14:07:43 status unpacked tar:amd64 1.34+dfsg-1build3
2023-12-11 14:07:43 status half-installed tar:amd64 1.34+dfsg-1build3
2023-12-11 14:07:43 status unpacked tar:amd64 1.34+dfsg-1build3
2023-12-11 14:07:43 startup packages configure
2023-12-11 14:07:43 configure tar:amd64 1.34+dfsg-1build3 <none>
2023-12-11 14:07:43 status unpacked tar:amd64 1.34+dfsg-1build3
2023-12-11 14:07:43 status half-configured tar:amd64 1.34+dfsg-1build3
2023-12-11 14:07:43 status installed tar:amd64 1.34+dfsg-1build3
2023-12-11 14:07:43 startup packages configure
2023-12-11 14:07:44 startup archives unpack
2023-12-11 14:07:44 upgrade ubuntu-keyring:all 2021.03.26 2021.03.26
2023-12-11 14:07:44 status half-configured ubuntu-keyring:all 2021.03.26
2023-12-11 14:07:44 status unpacked ubuntu-keyring:all 2021.03.26
2023-12-11 14:07:44 status half-installed ubuntu-keyring:all 2021.03.26
2023-12-11 14:07:44 status unpacked ubuntu-keyring:all 2021.03.26
2023-12-11 14:07:45 startup packages configure
2023-12-11 14:07:45 configure ubuntu-keyring:all 2021.03.26 <none>
2023-12-11 14:07:45 status unpacked ubuntu-keyring:all 2021.03.26
2023-12-11 14:07:45 status half-configured ubuntu-keyring:all 2021.03.26
2023-12-11 14:07:45 status installed ubuntu-keyring:all 2021.03.26
2023-12-11 14:07:45 startup packages configure
2023-12-11 14:07:46 startup archives unpack
2023-12-11 14:07:46 upgrade usrmerge:all 25ubuntu2 25ubuntu2
2023-12-11 14:07:46 status half-configured usrmerge:all 25ubuntu2
2023-12-11 14:07:46 status unpacked usrmerge:all 25ubuntu2
2023-12-11 14:07:46 status half-installed usrmerge:all 25ubuntu2
2023-12-11 14:07:46 status unpacked usrmerge:all 25ubuntu2
2023-12-11 14:07:46 startup packages configure
2023-12-11 14:07:46 configure usrmerge:all 25ubuntu2 <none>
2023-12-11 14:07:46 status unpacked usrmerge:all 25ubuntu2
2023-12-11 14:07:46 status half-configured usrmerge:all 25ubuntu2
2023-12-11 14:07:46 status installed usrmerge:all 25ubuntu2
2023-12-11 14:07:48 startup archives unpack
2023-12-11 14:07:48 upgrade util-linux:amd64 2.37.2-4ubuntu3 2.37.2-4ubuntu3
2023-12-11 14:07:48 status half-configured util-linux:amd64 2.37.2-4ubuntu3
2023-12-11 14:07:48 status unpacked util-linux:amd64 2.37.2-4ubuntu3
2023-12-11 14:07:48 status half-installed util-linux:amd64 2.37.2-4ubuntu3
2023-12-11 14:07:48 status unpacked util-linux:amd64 2.37.2-4ubuntu3
2023-12-11 14:07:49 startup packages configure
2023-12-11 14:07:49 configure util-linux:amd64 2.37.2-4ubuntu3 <none>
2023-12-11 14:07:49 status unpacked util-linux:amd64 2.37.2-4ubuntu3
2023-12-11 14:07:49 status half-configured util-linux:amd64 2.37.2-4ubuntu3
2023-12-11 14:07:49 status installed util-linux:amd64 2.37.2-4ubuntu3
2023-12-11 14:07:49 startup packages configure
2023-12-11 14:07:50 startup archives unpack
2023-12-11 14:07:50 upgrade zlib1g:amd64 1:1.2.11.dfsg-2ubuntu9 1:1.2.11.dfsg-2ubuntu9
2023-12-11 14:07:50 status triggers-pending libc-bin:amd64 2.35-0ubuntu3
2023-12-11 14:07:50 status half-configured zlib1g:amd64 1:1.2.11.dfsg-2ubuntu9
2023-12-11 14:07:50 status unpacked zlib1g:amd64 1:1.2.11.dfsg-2ubuntu9
2023-12-11 14:07:50 status half-installed zlib1g:amd64 1:1.2.11.dfsg-2ubuntu9
2023-12-11 14:07:50 status unpacked zlib1g:amd64 1:1.2.11.dfsg-2ubuntu9
2023-12-11 14:07:50 startup packages configure
2023-12-11 14:07:50 configure zlib1g:amd64 1:1.2.11.dfsg-2ubuntu9 <none>
2023-12-11 14:07:50 status unpacked zlib1g:amd64 1:1.2.11.dfsg-2ubuntu9
2023-12-11 14:07:50 status half-configured zlib1g:amd64 1:1.2.11.dfsg-2ubuntu9
2023-12-11 14:07:50 status installed zlib1g:amd64 1:1.2.11.dfsg-2ubuntu9
2023-12-11 14:07:51 startup packages configure
2023-12-11 14:07:51 trigproc libc-bin:amd64 2.35-0ubuntu3 <none>
2023-12-11 14:07:51 status half-configured libc-bin:amd64 2.35-0ubuntu3
2023-12-11 14:07:51 status installed libc-bin:amd64 2.35-0ubuntu3
2023-12-11 14:07:56 startup archives unpack
2023-12-11 14:07:56 upgrade gcc-12-base:amd64 12-20220319-1ubuntu1 12.3.0-1ubuntu1~22.04
2023-12-11 14:07:56 status half-configured gcc-12-base:amd64 12-20220319-1ubuntu1
2023-12-11 14:07:56 status unpacked gcc-12-base:amd64 12-20220319-1ubuntu1
2023-12-11 14:07:56 status half-installed gcc-12-base:amd64 12-20220319-1ubuntu1
2023-12-11 14:07:56 status unpacked gcc-12-base:amd64 12.3.0-1ubuntu1~22.04
2023-12-11 14:07:56 startup packages configure
2023-12-11 14:07:56 configure gcc-12-base:amd64 12.3.0-1ubuntu1~22.04 <none>
2023-12-11 14:07:56 status unpacked gcc-12-base:amd64 12.3.0-1ubuntu1~22.04
2023-12-11 14:07:56 status half-configured gcc-12-base:amd64 12.3.0-1ubuntu1~22.04
2023-12-11 14:07:56 status installed gcc-12-base:amd64 12.3.0-1ubuntu1~22.04
2023-12-11 14:07:56 startup archives unpack
2023-12-11 14:07:56 upgrade libgcc-s1:amd64 12-20220319-1ubuntu1 12.3.0-1ubuntu1~22.04
2023-12-11 14:07:56 status triggers-pending libc-bin:amd64 2.35-0ubuntu3
2023-12-11 14:07:56 status half-configured libgcc-s1:amd64 12-20220319-1ubuntu1
2023-12-11 14:07:56 status unpacked libgcc-s1:amd64 12-20220319-1ubuntu1
2023-12-11 14:07:56 status half-installed libgcc-s1:amd64 12-20220319-1ubuntu1
2023-12-11 14:07:56 status unpacked libgcc-s1:amd64 12.3.0-1ubuntu1~22.04
2023-12-11 14:07:56 startup packages configure
2023-12-11 14:07:56 configure libgcc-s1:amd64 12.3.0-1ubuntu1~22.04 <none>
2023-12-11 14:07:56 status unpacked libgcc-s1:amd64 12.3.0-1ubuntu1~22.04
2023-12-11 14:07:56 status half-configured libgcc-s1:amd64 12.3.0-1ubuntu1~22.04
2023-12-11 14:07:56 status installed libgcc-s1:amd64 12.3.0-1ubuntu1~22.04
2023-12-11 14:07:57 startup archives unpack
2023-12-11 14:07:57 upgrade libstdc++6:amd64 12-20220319-1ubuntu1 12.3.0-1ubuntu1~22.04
2023-12-11 14:07:57 status half-configured libstdc++6:amd64 12-20220319-1ubuntu1
2023-12-11 14:07:57 status unpacked libstdc++6:amd64 12-20220319-1ubuntu1
2023-12-11 14:07:57 status half-installed libstdc++6:amd64 12-20220319-1ubuntu1
2023-12-11 14:07:57 status unpacked libstdc++6:amd64 12.3.0-1ubuntu1~22.04
2023-12-11 14:07:57 startup packages configure
2023-12-11 14:07:57 configure libstdc++6:amd64 12.3.0-1ubuntu1~22.04 <none>
2023-12-11 14:07:57 status unpacked libstdc++6:amd64 12.3.0-1ubuntu1~22.04
2023-12-11 14:07:57 status half-configured libstdc++6:amd64 12.3.0-1ubuntu1~22.04
2023-12-11 14:07:57 status installed libstdc++6:amd64 12.3.0-1ubuntu1~22.04
2023-12-11 14:07:57 startup archives unpack
2023-12-11 14:07:57 upgrade libc6:amd64 2.35-0ubuntu3 2.35-0ubuntu3.5
2023-12-11 14:07:57 status half-configured libc6:amd64 2.35-0ubuntu3
2023-12-11 14:07:57 status unpacked libc6:amd64 2.35-0ubuntu3
2023-12-11 14:07:57 status half-installed libc6:amd64 2.35-0ubuntu3
2023-12-11 14:07:57 status unpacked libc6:amd64 2.35-0ubuntu3.5
2023-12-11 14:07:57 startup packages configure
2023-12-11 14:07:57 configure libc6:amd64 2.35-0ubuntu3.5 <none>
2023-12-11 14:07:57 status unpacked libc6:amd64 2.35-0ubuntu3.5
2023-12-11 14:07:57 status half-configured libc6:amd64 2.35-0ubuntu3.5
2023-12-11 14:07:57 status installed libc6:amd64 2.35-0ubuntu3.5
2023-12-11 14:07:57 startup archives unpack
2023-12-11 14:07:57 upgrade base-files:amd64 12ubuntu4 12ubuntu4.4
2023-12-11 14:07:57 status half-configured base-files:amd64 12ubuntu4
2023-12-11 14:07:57 status unpacked base-files:amd64 12ubuntu4
2023-12-11 14:07:57 status half-installed base-files:amd64 12ubuntu4
2023-12-11 14:07:57 status unpacked base-files:amd64 12ubuntu4.4
2023-12-11 14:07:57 startup packages configure
2023-12-11 14:07:57 configure base-files:amd64 12ubuntu4.4 <none>
2023-12-11 14:07:57 status unpacked base-files:amd64 12ubuntu4.4
2023-12-11 14:07:57 status half-configured base-files:amd64 12ubuntu4.4
2023-12-11 14:07:57 status installed base-files:amd64 12ubuntu4.4
2023-12-11 14:07:57 startup archives unpack
2023-12-11 14:07:57 upgrade libsystemd0:amd64 249.11-0ubuntu3 249.11-0ubuntu3.11
2023-12-11 14:07:57 status half-configured libsystemd0:amd64 249.11-0ubuntu3
2023-12-11 14:07:57 status unpacked libsystemd0:amd64 249.11-0ubuntu3
2023-12-11 14:07:57 status half-installed libsystemd0:amd64 249.11-0ubuntu3
2023-12-11 14:07:57 status unpacked libsystemd0:amd64 249.11-0ubuntu3.11
2023-12-11 14:07:57 startup packages configure
2023-12-11 14:07:57 configure libsystemd0:amd64 249.11-0ubuntu3.11 <none>
2023-12-11 14:07:57 status unpacked libsystemd0:amd64 249.11-0ubuntu3.11
2023-12-11 14:07:57 status half-configured libsystemd0:amd64 249.11-0ubuntu3.11
2023-12-11 14:07:57 status installed libsystemd0:amd64 249.11-0ubuntu3.11
2023-12-11 14:07:57 startup archives unpack
2023-12-11 14:07:57 upgrade libudev1:amd64 249.11-0ubuntu3 249.11-0ubuntu3.11
2023-12-11 14:07:57 status half-configured libudev1:amd64 249.11-0ubuntu3
2023-12-11 14:07:57 status unpacked libudev1:amd64 249.11-0ubuntu3
2023-12-11 14:07:57 status half-installed libudev1:amd64 249.11-0ubuntu3
2023-12-11 14:07:57 status unpacked libudev1:amd64 249.11-0ubuntu3.11
2023-12-11 14:07:57 startup packages configure
2023-12-11 14:07:57 configure libudev1:amd64 249.11-0ubuntu3.11 <none>
2023-12-11 14:07:57 status unpacked libudev1:amd64 249.11-0ubuntu3.11
2023-12-11 14:07:57 status half-configured libudev1:amd64 249.11-0ubuntu3.11
2023-12-11 14:07:57 status installed libudev1:amd64 249.11-0ubuntu3.11
2023-12-11 14:07:57 startup archives unpack
2023-12-11 14:07:57 upgrade zlib1g:amd64 1:1.2.11.dfsg-2ubuntu9 1:1.2.11.dfsg-2ubuntu9.2
2023-12-11 14:07:57 status half-configured zlib1g:amd64 1:1.2.11.dfsg-2ubuntu9
2023-12-11 14:07:57 status unpacked zlib1g:amd64 1:1.2.11.dfsg-2ubuntu9
2023-12-11 14:07:57 status half-installed zlib1g:amd64 1:1.2.11.dfsg-2ubuntu9
2023-12-11 14:07:57 status unpacked zlib1g:amd64 1:1.2.11.dfsg-2ubuntu9.2
2023-12-11 14:07:57 startup packages configure
2023-12-11 14:07:57 configure zlib1g:amd64 1:1.2.11.dfsg-2ubuntu9.2 <none>
2023-12-11 14:07:57 status unpacked zlib1g:amd64 1:1.2.11.dfsg-2ubuntu9.2
2023-12-11 14:07:57 status half-configured zlib1g:amd64 1:1.2.11.dfsg-2ubuntu9.2
2023-12-11 14:07:57 status installed zlib1g:amd64 1:1.2.11.dfsg-2ubuntu9.2
2023-12-11 14:07:57 startup archives unpack
2023-12-11 14:07:57 upgrade libapt-pkg6.0:amd64 2.4.5 2.4.11
2023-12-11 14:07:57 status half-configured libapt-pkg6.0:amd64 2.4.5
2023-12-11 14:07:57 status unpacked libapt-pkg6.0:amd64 2.4.5
2023-12-11 14:07:57 status half-installed libapt-pkg6.0:amd64 2.4.5
2023-12-11 14:07:57 status unpacked libapt-pkg6.0:amd64 2.4.11
2023-12-11 14:07:57 startup packages configure
2023-12-11 14:07:57 configure libapt-pkg6.0:amd64 2.4.11 <none>
2023-12-11 14:07:57 status unpacked libapt-pkg6.0:amd64 2.4.11
2023-12-11 14:07:57 status half-configured libapt-pkg6.0:amd64 2.4.11
2023-12-11 14:07:57 status installed libapt-pkg6.0:amd64 2.4.11
2023-12-11 14:07:57 startup archives unpack
2023-12-11 14:07:57 upgrade tar:amd64 1.34+dfsg-1build3 1.34+dfsg-1ubuntu0.1.22.04.2
2023-12-11 14:07:57 status half-configured tar:amd64 1.34+dfsg-1build3
2023-12-11 14:07:57 status unpacked tar:amd64 1.34+dfsg-1build3
2023-12-11 14:07:57 status half-installed tar:amd64 1.34+dfsg-1build3
2023-12-11 14:07:57 status unpacked tar:amd64 1.34+dfsg-1ubuntu0.1.22.04.2
2023-12-11 14:07:57 startup packages configure
2023-12-11 14:07:57 configure tar:amd64 1.34+dfsg-1ubuntu0.1.22.04.2 <none>
2023-12-11 14:07:57 status unpacked tar:amd64 1.34+dfsg-1ubuntu0.1.22.04.2
2023-12-11 14:07:57 status half-configured tar:amd64 1.34+dfsg-1ubuntu0.1.22.04.2
2023-12-11 14:07:57 status installed tar:amd64 1.34+dfsg-1ubuntu0.1.22.04.2
2023-12-11 14:07:57 startup archives unpack
2023-12-11 14:07:57 upgrade dpkg:amd64 1.21.1ubuntu2 1.21.1ubuntu2.2
2023-12-11 14:07:57 status half-configured dpkg:amd64 1.21.1ubuntu2
2023-12-11 14:07:57 status unpacked dpkg:amd64 1.21.1ubuntu2
2023-12-11 14:07:57 status half-installed dpkg:amd64 1.21.1ubuntu2
2023-12-11 14:07:57 status unpacked dpkg:amd64 1.21.1ubuntu2.2
2023-12-11 14:07:57 startup packages configure
2023-12-11 14:07:57 configure dpkg:amd64 1.21.1ubuntu2.2 <none>
2023-12-11 14:07:57 status unpacked dpkg:amd64 1.21.1ubuntu2.2
2023-12-11 14:07:57 status half-configured dpkg:amd64 1.21.1ubuntu2.2
2023-12-11 14:07:57 status installed dpkg:amd64 1.21.1ubuntu2.2
2023-12-11 14:07:57 startup archives unpack
2023-12-11 14:07:57 upgrade gzip:amd64 1.10-4ubuntu4 1.10-4ubuntu4.1
2023-12-11 14:07:57 status half-configured gzip:amd64 1.10-4ubuntu4
2023-12-11 14:07:57 status unpacked gzip:amd64 1.10-4ubuntu4
2023-12-11 14:07:57 status half-installed gzip:amd64 1.10-4ubuntu4
2023-12-11 14:07:57 status unpacked gzip:amd64 1.10-4ubuntu4.1
2023-12-11 14:07:57 startup packages configure
2023-12-11 14:07:57 configure gzip:amd64 1.10-4ubuntu4.1 <none>
2023-12-11 14:07:57 status unpacked gzip:amd64 1.10-4ubuntu4.1
2023-12-11 14:07:57 status half-configured gzip:amd64 1.10-4ubuntu4.1
2023-12-11 14:07:57 status installed gzip:amd64 1.10-4ubuntu4.1
2023-12-11 14:07:57 startup archives unpack
2023-12-11 14:07:57 upgrade login:amd64 1:4.8.1-2ubuntu2 1:4.8.1-2ubuntu2.1
2023-12-11 14:07:57 status half-configured login:amd64 1:4.8.1-2ubuntu2
2023-12-11 14:07:57 status unpacked login:amd64 1:4.8.1-2ubuntu2
2023-12-11 14:07:57 status half-installed login:amd64 1:4.8.1-2ubuntu2
2023-12-11 14:07:57 status unpacked login:amd64 1:4.8.1-2ubuntu2.1
2023-12-11 14:07:57 startup packages configure
2023-12-11 14:07:57 configure login:amd64 1:4.8.1-2ubuntu2.1 <none>
2023-12-11 14:07:57 status unpacked login:amd64 1:4.8.1-2ubuntu2.1
2023-12-11 14:07:57 status half-configured login:amd64 1:4.8.1-2ubuntu2.1
2023-12-11 14:07:57 status installed login:amd64 1:4.8.1-2ubuntu2.1
2023-12-11 14:07:57 startup archives unpack
2023-12-11 14:07:57 upgrade ncurses-bin:amd64 6.3-2 6.3-2ubuntu0.1
2023-12-11 14:07:57 status half-configured ncurses-bin:amd64 6.3-2
2023-12-11 14:07:57 status unpacked ncurses-bin:amd64 6.3-2
2023-12-11 14:07:57 status half-installed ncurses-bin:amd64 6.3-2
2023-12-11 14:07:57 status unpacked ncurses-bin:amd64 6.3-2ubuntu0.1
2023-12-11 14:07:57 startup packages configure
2023-12-11 14:07:57 configure ncurses-bin:amd64 6.3-2ubuntu0.1 <none>
2023-12-11 14:07:57 status unpacked ncurses-bin:amd64 6.3-2ubuntu0.1
2023-12-11 14:07:57 status half-configured ncurses-bin:amd64 6.3-2ubuntu0.1
2023-12-11 14:07:57 status installed ncurses-bin:amd64 6.3-2ubuntu0.1
2023-12-11 14:07:57 startup archives unpack
2023-12-11 14:07:57 upgrade perl-base:amd64 5.34.0-3ubuntu1 5.34.0-3ubuntu1.3
2023-12-11 14:07:57 status half-configured perl-base:amd64 5.34.0-3ubuntu1
2023-12-11 14:07:57 status unpacked perl-base:amd64 5.34.0-3ubuntu1
2023-12-11 14:07:57 status half-installed perl-base:amd64 5.34.0-3ubuntu1
2023-12-11 14:07:58 status unpacked perl-base:amd64 5.34.0-3ubuntu1.3
2023-12-11 14:07:58 startup packages configure
2023-12-11 14:07:58 configure perl-base:amd64 5.34.0-3ubuntu1.3 <none>
2023-12-11 14:07:58 status unpacked perl-base:amd64 5.34.0-3ubuntu1.3
2023-12-11 14:07:58 status half-configured perl-base:amd64 5.34.0-3ubuntu1.3
2023-12-11 14:07:58 status installed perl-base:amd64 5.34.0-3ubuntu1.3
2023-12-11 14:07:58 startup archives unpack
2023-12-11 14:07:58 upgrade libc-bin:amd64 2.35-0ubuntu3 2.35-0ubuntu3.5
2023-12-11 14:07:58 status half-configured libc-bin:amd64 2.35-0ubuntu3
2023-12-11 14:07:58 status unpacked libc-bin:amd64 2.35-0ubuntu3
2023-12-11 14:07:58 status half-installed libc-bin:amd64 2.35-0ubuntu3
2023-12-11 14:07:58 status unpacked libc-bin:amd64 2.35-0ubuntu3.5
2023-12-11 14:07:58 startup packages configure
2023-12-11 14:07:58 configure libc-bin:amd64 2.35-0ubuntu3.5 <none>
2023-12-11 14:07:58 status unpacked libc-bin:amd64 2.35-0ubuntu3.5
2023-12-11 14:07:58 status half-configured libc-bin:amd64 2.35-0ubuntu3.5
2023-12-11 14:07:58 status installed libc-bin:amd64 2.35-0ubuntu3.5
2023-12-11 14:07:58 startup archives unpack
2023-12-11 14:07:58 upgrade ncurses-base:all 6.3-2 6.3-2ubuntu0.1
2023-12-11 14:07:58 status half-configured ncurses-base:all 6.3-2
2023-12-11 14:07:58 status unpacked ncurses-base:all 6.3-2
2023-12-11 14:07:58 status half-installed ncurses-base:all 6.3-2
2023-12-11 14:07:58 status unpacked ncurses-base:all 6.3-2ubuntu0.1
2023-12-11 14:07:58 startup packages configure
2023-12-11 14:07:58 configure ncurses-base:all 6.3-2ubuntu0.1 <none>
2023-12-11 14:07:58 status unpacked ncurses-base:all 6.3-2ubuntu0.1
2023-12-11 14:07:58 status half-configured ncurses-base:all 6.3-2ubuntu0.1
2023-12-11 14:07:58 status installed ncurses-base:all 6.3-2ubuntu0.1
2023-12-11 14:07:58 startup archives unpack
2023-12-11 14:07:58 upgrade gpgv:amd64 2.2.27-3ubuntu2 2.2.27-3ubuntu2.1
2023-12-11 14:07:58 status half-configured gpgv:amd64 2.2.27-3ubuntu2
2023-12-11 14:07:58 status unpacked gpgv:amd64 2.2.27-3ubuntu2
2023-12-11 14:07:58 status half-installed gpgv:amd64 2.2.27-3ubuntu2
2023-12-11 14:07:58 status unpacked gpgv:amd64 2.2.27-3ubuntu2.1
2023-12-11 14:07:58 startup packages configure
2023-12-11 14:07:58 configure gpgv:amd64 2.2.27-3ubuntu2.1 <none>
2023-12-11 14:07:58 status unpacked gpgv:amd64 2.2.27-3ubuntu2.1
2023-12-11 14:07:58 status half-configured gpgv:amd64 2.2.27-3ubuntu2.1
2023-12-11 14:07:58 status installed gpgv:amd64 2.2.27-3ubuntu2.1
2023-12-11 14:07:58 startup archives unpack
2023-12-11 14:07:58 upgrade libgnutls30:amd64 3.7.3-4ubuntu1 3.7.3-4ubuntu1.3
2023-12-11 14:07:58 status triggers-pending libc-bin:amd64 2.35-0ubuntu3.5
2023-12-11 14:07:58 status half-configured libgnutls30:amd64 3.7.3-4ubuntu1
2023-12-11 14:07:58 status unpacked libgnutls30:amd64 3.7.3-4ubuntu1
2023-12-11 14:07:58 status half-installed libgnutls30:amd64 3.7.3-4ubuntu1
2023-12-11 14:07:58 status unpacked libgnutls30:amd64 3.7.3-4ubuntu1.3
2023-12-11 14:07:58 startup packages configure
2023-12-11 14:07:58 configure libgnutls30:amd64 3.7.3-4ubuntu1.3 <none>
2023-12-11 14:07:58 status unpacked libgnutls30:amd64 3.7.3-4ubuntu1.3
2023-12-11 14:07:58 status half-configured libgnutls30:amd64 3.7.3-4ubuntu1.3
2023-12-11 14:07:58 status installed libgnutls30:amd64 3.7.3-4ubuntu1.3
2023-12-11 14:07:58 startup archives unpack
2023-12-11 14:07:58 upgrade apt:amd64 2.4.5 2.4.11
2023-12-11 14:07:58 status half-configured apt:amd64 2.4.5
2023-12-11 14:07:58 status unpacked apt:amd64 2.4.5
2023-12-11 14:07:58 status half-installed apt:amd64 2.4.5
2023-12-11 14:07:58 status unpacked apt:amd64 2.4.11
2023-12-11 14:07:58 startup packages configure
2023-12-11 14:07:58 configure apt:amd64 2.4.11 <none>
2023-12-11 14:07:58 status unpacked apt:amd64 2.4.11
2023-12-11 14:07:58 status half-configured apt:amd64 2.4.11
2023-12-11 14:07:58 status installed apt:amd64 2.4.11
2023-12-11 14:07:58 startup archives unpack
2023-12-11 14:07:58 upgrade libpam0g:amd64 1.4.0-11ubuntu2 1.4.0-11ubuntu2.3
2023-12-11 14:07:58 status half-configured libpam0g:amd64 1.4.0-11ubuntu2
2023-12-11 14:07:58 status unpacked libpam0g:amd64 1.4.0-11ubuntu2
2023-12-11 14:07:58 status half-installed libpam0g:amd64 1.4.0-11ubuntu2
2023-12-11 14:07:58 status unpacked libpam0g:amd64 1.4.0-11ubuntu2.3
2023-12-11 14:07:58 startup packages configure
2023-12-11 14:07:58 configure libpam0g:amd64 1.4.0-11ubuntu2.3 <none>
2023-12-11 14:07:58 status unpacked libpam0g:amd64 1.4.0-11ubuntu2.3
2023-12-11 14:07:58 status half-configured libpam0g:amd64 1.4.0-11ubuntu2.3
2023-12-11 14:07:58 status installed libpam0g:amd64 1.4.0-11ubuntu2.3
2023-12-11 14:07:58 startup archives unpack
2023-12-11 14:07:58 upgrade libpam-modules-bin:amd64 1.4.0-11ubuntu2 1.4.0-11ubuntu2.3
2023-12-11 14:07:58 status half-configured libpam-modules-bin:amd64 1.4.0-11ubuntu2
2023-12-11 14:07:58 status unpacked libpam-modules-bin:amd64 1.4.0-11ubuntu2
2023-12-11 14:07:58 status half-installed libpam-modules-bin:amd64 1.4.0-11ubuntu2
2023-12-11 14:07:58 status unpacked libpam-modules-bin:amd64 1.4.0-11ubuntu2.3
2023-12-11 14:07:58 startup packages configure
2023-12-11 14:07:58 configure libpam-modules-bin:amd64 1.4.0-11ubuntu2.3 <none>
2023-12-11 14:07:58 status unpacked libpam-modules-bin:amd64 1.4.0-11ubuntu2.3
2023-12-11 14:07:58 status half-configured libpam-modules-bin:amd64 1.4.0-11ubuntu2.3
2023-12-11 14:07:58 status installed libpam-modules-bin:amd64 1.4.0-11ubuntu2.3
2023-12-11 14:07:58 startup archives unpack
2023-12-11 14:07:58 upgrade libpam-modules:amd64 1.4.0-11ubuntu2 1.4.0-11ubuntu2.3
2023-12-11 14:07:58 status half-configured libpam-modules:amd64 1.4.0-11ubuntu2
2023-12-11 14:07:58 status unpacked libpam-modules:amd64 1.4.0-11ubuntu2
2023-12-11 14:07:58 status half-installed libpam-modules:amd64 1.4.0-11ubuntu2
2023-12-11 14:07:58 status unpacked libpam-modules:amd64 1.4.0-11ubuntu2.3
2023-12-11 14:07:58 startup packages configure
2023-12-11 14:07:58 configure libpam-modules:amd64 1.4.0-11ubuntu2.3 <none>
2023-12-11 14:07:58 status unpacked libpam-modules:amd64 1.4.0-11ubuntu2.3
2023-12-11 14:07:58 status half-configured libpam-modules:amd64 1.4.0-11ubuntu2.3
2023-12-11 14:07:58 status installed libpam-modules:amd64 1.4.0-11ubuntu2.3
2023-12-11 14:07:58 startup archives unpack
2023-12-11 14:07:58 upgrade logsave:amd64 1.46.5-2ubuntu1 1.46.5-2ubuntu1.1
2023-12-11 14:07:58 status half-configured logsave:amd64 1.46.5-2ubuntu1
2023-12-11 14:07:58 status unpacked logsave:amd64 1.46.5-2ubuntu1
2023-12-11 14:07:58 status half-installed logsave:amd64 1.46.5-2ubuntu1
2023-12-11 14:07:58 status unpacked logsave:amd64 1.46.5-2ubuntu1.1
2023-12-11 14:07:58 upgrade libext2fs2:amd64 1.46.5-2ubuntu1 1.46.5-2ubuntu1.1
2023-12-11 14:07:58 status half-configured libext2fs2:amd64 1.46.5-2ubuntu1
2023-12-11 14:07:58 status unpacked libext2fs2:amd64 1.46.5-2ubuntu1
2023-12-11 14:07:58 status half-installed libext2fs2:amd64 1.46.5-2ubuntu1
2023-12-11 14:07:58 status unpacked libext2fs2:amd64 1.46.5-2ubuntu1.1
2023-12-11 14:07:58 startup packages configure
2023-12-11 14:07:58 configure libext2fs2:amd64 1.46.5-2ubuntu1.1 <none>
2023-12-11 14:07:58 status unpacked libext2fs2:amd64 1.46.5-2ubuntu1.1
2023-12-11 14:07:58 status half-configured libext2fs2:amd64 1.46.5-2ubuntu1.1
2023-12-11 14:07:58 status installed libext2fs2:amd64 1.46.5-2ubuntu1.1
2023-12-11 14:07:58 startup archives unpack
2023-12-11 14:07:58 upgrade e2fsprogs:amd64 1.46.5-2ubuntu1 1.46.5-2ubuntu1.1
2023-12-11 14:07:58 status half-configured e2fsprogs:amd64 1.46.5-2ubuntu1
2023-12-11 14:07:58 status unpacked e2fsprogs:amd64 1.46.5-2ubuntu1
2023-12-11 14:07:58 status half-installed e2fsprogs:amd64 1.46.5-2ubuntu1
2023-12-11 14:07:58 status unpacked e2fsprogs:amd64 1.46.5-2ubuntu1.1
2023-12-11 14:07:58 upgrade libcap2:amd64 1:2.44-1build3 1:2.44-1ubuntu0.22.04.1
2023-12-11 14:07:58 status half-configured libcap2:amd64 1:2.44-1build3
2023-12-11 14:07:58 status unpacked libcap2:amd64 1:2.44-1build3
2023-12-11 14:07:58 status half-installed libcap2:amd64 1:2.44-1build3
2023-12-11 14:07:58 status unpacked libcap2:amd64 1:2.44-1ubuntu0.22.04.1
2023-12-11 14:07:58 startup packages configure
2023-12-11 14:07:58 configure libcap2:amd64 1:2.44-1ubuntu0.22.04.1 <none>
2023-12-11 14:07:58 status unpacked libcap2:amd64 1:2.44-1ubuntu0.22.04.1
2023-12-11 14:07:58 status half-configured libcap2:amd64 1:2.44-1ubuntu0.22.04.1
2023-12-11 14:07:58 status installed libcap2:amd64 1:2.44-1ubuntu0.22.04.1
2023-12-11 14:07:58 startup archives unpack
2023-12-11 14:07:58 upgrade libcom-err2:amd64 1.46.5-2ubuntu1 1.46.5-2ubuntu1.1
2023-12-11 14:07:58 status half-configured libcom-err2:amd64 1.46.5-2ubuntu1
2023-12-11 14:07:58 status unpacked libcom-err2:amd64 1.46.5-2ubuntu1
2023-12-11 14:07:58 status half-installed libcom-err2:amd64 1.46.5-2ubuntu1
2023-12-11 14:07:58 status unpacked libcom-err2:amd64 1.46.5-2ubuntu1.1
2023-12-11 14:07:58 startup packages configure
2023-12-11 14:07:58 configure libcom-err2:amd64 1.46.5-2ubuntu1.1 <none>
2023-12-11 14:07:58 status unpacked libcom-err2:amd64 1.46.5-2ubuntu1.1
2023-12-11 14:07:58 status half-configured libcom-err2:amd64 1.46.5-2ubuntu1.1
2023-12-11 14:07:58 status installed libcom-err2:amd64 1.46.5-2ubuntu1.1
2023-12-11 14:07:58 startup archives unpack
2023-12-11 14:07:58 upgrade libk5crypto3:amd64 1.19.2-2 1.19.2-2ubuntu0.3
2023-12-11 14:07:58 status half-configured libk5crypto3:amd64 1.19.2-2
2023-12-11 14:07:58 status unpacked libk5crypto3:amd64 1.19.2-2
2023-12-11 14:07:58 status half-installed libk5crypto3:amd64 1.19.2-2
2023-12-11 14:07:58 status unpacked libk5crypto3:amd64 1.19.2-2ubuntu0.3
2023-12-11 14:07:58 startup packages configure
2023-12-11 14:07:58 configure libk5crypto3:amd64 1.19.2-2ubuntu0.3 <none>
2023-12-11 14:07:58 status unpacked libk5crypto3:amd64 1.19.2-2ubuntu0.3
2023-12-11 14:07:58 status half-configured libk5crypto3:amd64 1.19.2-2ubuntu0.3
2023-12-11 14:07:58 status installed libk5crypto3:amd64 1.19.2-2ubuntu0.3
2023-12-11 14:07:58 startup archives unpack
2023-12-11 14:07:58 upgrade libkrb5support0:amd64 1.19.2-2 1.19.2-2ubuntu0.3
2023-12-11 14:07:58 status half-configured libkrb5support0:amd64 1.19.2-2
2023-12-11 14:07:58 status unpacked libkrb5support0:amd64 1.19.2-2
2023-12-11 14:07:58 status half-installed libkrb5support0:amd64 1.19.2-2
2023-12-11 14:07:58 status unpacked libkrb5support0:amd64 1.19.2-2ubuntu0.3
2023-12-11 14:07:58 startup packages configure
2023-12-11 14:07:58 configure libkrb5support0:amd64 1.19.2-2ubuntu0.3 <none>
2023-12-11 14:07:58 status unpacked libkrb5support0:amd64 1.19.2-2ubuntu0.3
2023-12-11 14:07:58 status half-configured libkrb5support0:amd64 1.19.2-2ubuntu0.3
2023-12-11 14:07:58 status installed libkrb5support0:amd64 1.19.2-2ubuntu0.3
2023-12-11 14:07:58 startup archives unpack
2023-12-11 14:07:58 upgrade libkrb5-3:amd64 1.19.2-2 1.19.2-2ubuntu0.3
2023-12-11 14:07:58 status half-configured libkrb5-3:amd64 1.19.2-2
2023-12-11 14:07:58 status unpacked libkrb5-3:amd64 1.19.2-2
2023-12-11 14:07:58 status half-installed libkrb5-3:amd64 1.19.2-2
2023-12-11 14:07:58 status unpacked libkrb5-3:amd64 1.19.2-2ubuntu0.3
2023-12-11 14:07:58 startup packages configure
2023-12-11 14:07:58 configure libkrb5-3:amd64 1.19.2-2ubuntu0.3 <none>
2023-12-11 14:07:58 status unpacked libkrb5-3:amd64 1.19.2-2ubuntu0.3
2023-12-11 14:07:58 status half-configured libkrb5-3:amd64 1.19.2-2ubuntu0.3
2023-12-11 14:07:58 status installed libkrb5-3:amd64 1.19.2-2ubuntu0.3
2023-12-11 14:07:58 startup archives unpack
2023-12-11 14:07:58 upgrade libgssapi-krb5-2:amd64 1.19.2-2 1.19.2-2ubuntu0.3
2023-12-11 14:07:58 status half-configured libgssapi-krb5-2:amd64 1.19.2-2
2023-12-11 14:07:58 status unpacked libgssapi-krb5-2:amd64 1.19.2-2
2023-12-11 14:07:58 status half-installed libgssapi-krb5-2:amd64 1.19.2-2
2023-12-11 14:07:58 status unpacked libgssapi-krb5-2:amd64 1.19.2-2ubuntu0.3
2023-12-11 14:07:58 startup packages configure
2023-12-11 14:07:58 configure libgssapi-krb5-2:amd64 1.19.2-2ubuntu0.3 <none>
2023-12-11 14:07:58 status unpacked libgssapi-krb5-2:amd64 1.19.2-2ubuntu0.3
2023-12-11 14:07:58 status half-configured libgssapi-krb5-2:amd64 1.19.2-2ubuntu0.3
2023-12-11 14:07:58 status installed libgssapi-krb5-2:amd64 1.19.2-2ubuntu0.3
2023-12-11 14:07:58 startup archives unpack
2023-12-11 14:07:58 upgrade libssl3:amd64 3.0.2-0ubuntu1 3.0.2-0ubuntu1.12
2023-12-11 14:07:58 status half-configured libssl3:amd64 3.0.2-0ubuntu1
2023-12-11 14:07:58 status unpacked libssl3:amd64 3.0.2-0ubuntu1
2023-12-11 14:07:58 status half-installed libssl3:amd64 3.0.2-0ubuntu1
2023-12-11 14:07:58 status unpacked libssl3:amd64 3.0.2-0ubuntu1.12
2023-12-11 14:07:58 startup packages configure
2023-12-11 14:07:58 configure libssl3:amd64 3.0.2-0ubuntu1.12 <none>
2023-12-11 14:07:58 status unpacked libssl3:amd64 3.0.2-0ubuntu1.12
2023-12-11 14:07:58 status half-configured libssl3:amd64 3.0.2-0ubuntu1.12
2023-12-11 14:07:59 status installed libssl3:amd64 3.0.2-0ubuntu1.12
2023-12-11 14:07:59 startup archives unpack
2023-12-11 14:07:59 upgrade libpam-runtime:all 1.4.0-11ubuntu2 1.4.0-11ubuntu2.3
2023-12-11 14:07:59 status half-configured libpam-runtime:all 1.4.0-11ubuntu2
2023-12-11 14:07:59 status unpacked libpam-runtime:all 1.4.0-11ubuntu2
2023-12-11 14:07:59 status half-installed libpam-runtime:all 1.4.0-11ubuntu2
2023-12-11 14:07:59 status unpacked libpam-runtime:all 1.4.0-11ubuntu2.3
2023-12-11 14:07:59 startup packages configure
2023-12-11 14:07:59 configure libpam-runtime:all 1.4.0-11ubuntu2.3 <none>
2023-12-11 14:07:59 status unpacked libpam-runtime:all 1.4.0-11ubuntu2.3
2023-12-11 14:07:59 status half-configured libpam-runtime:all 1.4.0-11ubuntu2.3
2023-12-11 14:07:59 status installed libpam-runtime:all 1.4.0-11ubuntu2.3
2023-12-11 14:07:59 startup archives unpack
2023-12-11 14:07:59 upgrade libpcre2-8-0:amd64 10.39-3build1 10.39-3ubuntu0.1
2023-12-11 14:07:59 status half-configured libpcre2-8-0:amd64 10.39-3build1
2023-12-11 14:07:59 status unpacked libpcre2-8-0:amd64 10.39-3build1
2023-12-11 14:07:59 status half-installed libpcre2-8-0:amd64 10.39-3build1
2023-12-11 14:07:59 status unpacked libpcre2-8-0:amd64 10.39-3ubuntu0.1
2023-12-11 14:07:59 startup packages configure
2023-12-11 14:07:59 configure libpcre2-8-0:amd64 10.39-3ubuntu0.1 <none>
2023-12-11 14:07:59 status unpacked libpcre2-8-0:amd64 10.39-3ubuntu0.1
2023-12-11 14:07:59 status half-configured libpcre2-8-0:amd64 10.39-3ubuntu0.1
2023-12-11 14:07:59 status installed libpcre2-8-0:amd64 10.39-3ubuntu0.1
2023-12-11 14:07:59 startup archives unpack
2023-12-11 14:07:59 upgrade libpcre3:amd64 2:8.39-13build5 2:8.39-13ubuntu0.22.04.1
2023-12-11 14:07:59 status half-configured libpcre3:amd64 2:8.39-13build5
2023-12-11 14:07:59 status unpacked libpcre3:amd64 2:8.39-13build5
2023-12-11 14:07:59 status half-installed libpcre3:amd64 2:8.39-13build5
2023-12-11 14:07:59 status unpacked libpcre3:amd64 2:8.39-13ubuntu0.22.04.1
2023-12-11 14:07:59 startup packages configure
2023-12-11 14:07:59 configure libpcre3:amd64 2:8.39-13ubuntu0.22.04.1 <none>
2023-12-11 14:07:59 status unpacked libpcre3:amd64 2:8.39-13ubuntu0.22.04.1
2023-12-11 14:07:59 status half-configured libpcre3:amd64 2:8.39-13ubuntu0.22.04.1
2023-12-11 14:07:59 status installed libpcre3:amd64 2:8.39-13ubuntu0.22.04.1
2023-12-11 14:07:59 startup archives unpack
2023-12-11 14:07:59 upgrade libncursesw6:amd64 6.3-2 6.3-2ubuntu0.1
2023-12-11 14:07:59 status half-configured libncursesw6:amd64 6.3-2
2023-12-11 14:07:59 status unpacked libncursesw6:amd64 6.3-2
2023-12-11 14:07:59 status half-installed libncursesw6:amd64 6.3-2
2023-12-11 14:07:59 status unpacked libncursesw6:amd64 6.3-2ubuntu0.1
2023-12-11 14:07:59 upgrade libncurses6:amd64 6.3-2 6.3-2ubuntu0.1
2023-12-11 14:07:59 status half-configured libncurses6:amd64 6.3-2
2023-12-11 14:07:59 status unpacked libncurses6:amd64 6.3-2
2023-12-11 14:07:59 status half-installed libncurses6:amd64 6.3-2
2023-12-11 14:07:59 status unpacked libncurses6:amd64 6.3-2ubuntu0.1
2023-12-11 14:07:59 upgrade libtinfo6:amd64 6.3-2 6.3-2ubuntu0.1
2023-12-11 14:07:59 status half-configured libtinfo6:amd64 6.3-2
2023-12-11 14:07:59 status unpacked libtinfo6:amd64 6.3-2
2023-12-11 14:07:59 status half-installed libtinfo6:amd64 6.3-2
2023-12-11 14:07:59 status unpacked libtinfo6:amd64 6.3-2ubuntu0.1
2023-12-11 14:07:59 startup packages configure
2023-12-11 14:07:59 configure libtinfo6:amd64 6.3-2ubuntu0.1 <none>
2023-12-11 14:07:59 status unpacked libtinfo6:amd64 6.3-2ubuntu0.1
2023-12-11 14:07:59 status half-configured libtinfo6:amd64 6.3-2ubuntu0.1
2023-12-11 14:07:59 status installed libtinfo6:amd64 6.3-2ubuntu0.1
2023-12-11 14:07:59 startup archives unpack
2023-12-11 14:07:59 upgrade libtirpc-common:all 1.3.2-2build1 1.3.2-2ubuntu0.1
2023-12-11 14:07:59 status half-configured libtirpc-common:all 1.3.2-2build1
2023-12-11 14:07:59 status unpacked libtirpc-common:all 1.3.2-2build1
2023-12-11 14:07:59 status half-installed libtirpc-common:all 1.3.2-2build1
2023-12-11 14:07:59 status unpacked libtirpc-common:all 1.3.2-2ubuntu0.1
2023-12-11 14:07:59 startup packages configure
2023-12-11 14:07:59 configure libtirpc-common:all 1.3.2-2ubuntu0.1 <none>
2023-12-11 14:07:59 status unpacked libtirpc-common:all 1.3.2-2ubuntu0.1
2023-12-11 14:07:59 status half-configured libtirpc-common:all 1.3.2-2ubuntu0.1
2023-12-11 14:07:59 status installed libtirpc-common:all 1.3.2-2ubuntu0.1
2023-12-11 14:07:59 startup archives unpack
2023-12-11 14:07:59 upgrade libtirpc3:amd64 1.3.2-2build1 1.3.2-2ubuntu0.1
2023-12-11 14:07:59 status half-configured libtirpc3:amd64 1.3.2-2build1
2023-12-11 14:07:59 status unpacked libtirpc3:amd64 1.3.2-2build1
2023-12-11 14:07:59 status half-installed libtirpc3:amd64 1.3.2-2build1
2023-12-11 14:07:59 status unpacked libtirpc3:amd64 1.3.2-2ubuntu0.1
2023-12-11 14:07:59 startup packages configure
2023-12-11 14:07:59 configure libtirpc3:amd64 1.3.2-2ubuntu0.1 <none>
2023-12-11 14:07:59 status unpacked libtirpc3:amd64 1.3.2-2ubuntu0.1
2023-12-11 14:07:59 status half-configured libtirpc3:amd64 1.3.2-2ubuntu0.1
2023-12-11 14:07:59 status installed libtirpc3:amd64 1.3.2-2ubuntu0.1
2023-12-11 14:07:59 startup archives unpack
2023-12-11 14:07:59 upgrade passwd:amd64 1:4.8.1-2ubuntu2 1:4.8.1-2ubuntu2.1
2023-12-11 14:07:59 status half-configured passwd:amd64 1:4.8.1-2ubuntu2
2023-12-11 14:07:59 status unpacked passwd:amd64 1:4.8.1-2ubuntu2
2023-12-11 14:07:59 status half-installed passwd:amd64 1:4.8.1-2ubuntu2
2023-12-11 14:07:59 status unpacked passwd:amd64 1:4.8.1-2ubuntu2.1
2023-12-11 14:07:59 startup packages configure
2023-12-11 14:07:59 configure passwd:amd64 1:4.8.1-2ubuntu2.1 <none>
2023-12-11 14:07:59 status unpacked passwd:amd64 1:4.8.1-2ubuntu2.1
2023-12-11 14:07:59 status half-configured passwd:amd64 1:4.8.1-2ubuntu2.1
2023-12-11 14:07:59 status installed passwd:amd64 1:4.8.1-2ubuntu2.1
2023-12-11 14:07:59 startup archives unpack
2023-12-11 14:07:59 upgrade libprocps8:amd64 2:3.3.17-6ubuntu2 2:3.3.17-6ubuntu2.1
2023-12-11 14:07:59 status half-configured libprocps8:amd64 2:3.3.17-6ubuntu2
2023-12-11 14:07:59 status unpacked libprocps8:amd64 2:3.3.17-6ubuntu2
2023-12-11 14:07:59 status half-installed libprocps8:amd64 2:3.3.17-6ubuntu2
2023-12-11 14:07:59 status unpacked libprocps8:amd64 2:3.3.17-6ubuntu2.1
2023-12-11 14:07:59 upgrade libss2:amd64 1.46.5-2ubuntu1 1.46.5-2ubuntu1.1
2023-12-11 14:07:59 status half-configured libss2:amd64 1.46.5-2ubuntu1
2023-12-11 14:07:59 status unpacked libss2:amd64 1.46.5-2ubuntu1
2023-12-11 14:07:59 status half-installed libss2:amd64 1.46.5-2ubuntu1
2023-12-11 14:07:59 status unpacked libss2:amd64 1.46.5-2ubuntu1.1
2023-12-11 14:07:59 upgrade procps:amd64 2:3.3.17-6ubuntu2 2:3.3.17-6ubuntu2.1
2023-12-11 14:07:59 status half-configured procps:amd64 2:3.3.17-6ubuntu2
2023-12-11 14:07:59 status unpacked procps:amd64 2:3.3.17-6ubuntu2
2023-12-11 14:07:59 status half-installed procps:amd64 2:3.3.17-6ubuntu2
2023-12-11 14:07:59 status unpacked procps:amd64 2:3.3.17-6ubuntu2.1
2023-12-11 14:07:59 startup packages configure
2023-12-11 14:07:59 configure libncurses6:amd64 6.3-2ubuntu0.1 <none>
2023-12-11 14:07:59 status unpacked libncurses6:amd64 6.3-2ubuntu0.1
2023-12-11 14:07:59 status half-configured libncurses6:amd64 6.3-2ubuntu0.1
2023-12-11 14:07:59 status installed libncurses6:amd64 6.3-2ubuntu0.1
2023-12-11 14:07:59 configure libss2:amd64 1.46.5-2ubuntu1.1 <none>
2023-12-11 14:07:59 status unpacked libss2:amd64 1.46.5-2ubuntu1.1
2023-12-11 14:07:59 status half-configured libss2:amd64 1.46.5-2ubuntu1.1
2023-12-11 14:07:59 status installed libss2:amd64 1.46.5-2ubuntu1.1
2023-12-11 14:07:59 configure libncursesw6:amd64 6.3-2ubuntu0.1 <none>
2023-12-11 14:07:59 status unpacked libncursesw6:amd64 6.3-2ubuntu0.1
2023-12-11 14:07:59 status half-configured libncursesw6:amd64 6.3-2ubuntu0.1
2023-12-11 14:07:59 status installed libncursesw6:amd64 6.3-2ubuntu0.1
2023-12-11 14:07:59 configure logsave:amd64 1.46.5-2ubuntu1.1 <none>
2023-12-11 14:07:59 status unpacked logsave:amd64 1.46.5-2ubuntu1.1
2023-12-11 14:07:59 status half-configured logsave:amd64 1.46.5-2ubuntu1.1
2023-12-11 14:07:59 status installed logsave:amd64 1.46.5-2ubuntu1.1
2023-12-11 14:07:59 configure libprocps8:amd64 2:3.3.17-6ubuntu2.1 <none>
2023-12-11 14:07:59 status unpacked libprocps8:amd64 2:3.3.17-6ubuntu2.1
2023-12-11 14:07:59 status half-configured libprocps8:amd64 2:3.3.17-6ubuntu2.1
2023-12-11 14:07:59 status installed libprocps8:amd64 2:3.3.17-6ubuntu2.1
2023-12-11 14:07:59 configure e2fsprogs:amd64 1.46.5-2ubuntu1.1 <none>
2023-12-11 14:07:59 status unpacked e2fsprogs:amd64 1.46.5-2ubuntu1.1
2023-12-11 14:07:59 status half-configured e2fsprogs:amd64 1.46.5-2ubuntu1.1
2023-12-11 14:07:59 status installed e2fsprogs:amd64 1.46.5-2ubuntu1.1
2023-12-11 14:07:59 configure procps:amd64 2:3.3.17-6ubuntu2.1 <none>
2023-12-11 14:07:59 status unpacked procps:amd64 2:3.3.17-6ubuntu2.1
2023-12-11 14:07:59 status half-configured procps:amd64 2:3.3.17-6ubuntu2.1
2023-12-11 14:07:59 status installed procps:amd64 2:3.3.17-6ubuntu2.1
2023-12-11 14:07:59 trigproc libc-bin:amd64 2.35-0ubuntu3.5 <none>
2023-12-11 14:07:59 status half-configured libc-bin:amd64 2.35-0ubuntu3.5
2023-12-11 14:07:59 status installed libc-bin:amd64 2.35-0ubuntu3.5
2024-11-04 09:42:09 startup archives unpack
2024-11-04 09:42:09 upgrade libapt-pkg6.0:amd64 2.4.11 2.4.13
2024-11-04 09:42:09 status triggers-pending libc-bin:amd64 2.35-0ubuntu3.5
2024-11-04 09:42:09 status half-configured libapt-pkg6.0:amd64 2.4.11
2024-11-04 09:42:09 status unpacked libapt-pkg6.0:amd64 2.4.11
2024-11-04 09:42:09 status half-installed libapt-pkg6.0:amd64 2.4.11
2024-11-04 09:42:09 status unpacked libapt-pkg6.0:amd64 2.4.13
2024-11-04 09:42:09 startup packages configure
2024-11-04 09:42:09 configure libapt-pkg6.0:amd64 2.4.13 <none>
2024-11-04 09:42:09 status unpacked libapt-pkg6.0:amd64 2.4.13
2024-11-04 09:42:09 status half-configured libapt-pkg6.0:amd64 2.4.13
2024-11-04 09:42:09 status installed libapt-pkg6.0:amd64 2.4.13
2024-11-04 09:42:09 startup archives unpack
2024-11-04 09:42:09 upgrade apt:amd64 2.4.11 2.4.13
2024-11-04 09:42:09 status half-configured apt:amd64 2.4.11
2024-11-04 09:42:09 status unpacked apt:amd64 2.4.11
2024-11-04 09:42:09 status half-installed apt:amd64 2.4.11
2024-11-04 09:42:09 status unpacked apt:amd64 2.4.13
2024-11-04 09:42:09 startup packages configure
2024-11-04 09:42:09 configure apt:amd64 2.4.13 <none>
2024-11-04 09:42:09 status unpacked apt:amd64 2.4.13
2024-11-04 09:42:09 status half-configured apt:amd64 2.4.13
2024-11-04 09:42:10 status installed apt:amd64 2.4.13
2024-11-04 09:42:10 startup archives unpack
2024-11-04 09:42:10 install apt-utils:amd64 <none> 2.4.13
2024-11-04 09:42:10 status half-installed apt-utils:amd64 2.4.13
2024-11-04 09:42:10 status unpacked apt-utils:amd64 2.4.13
2024-11-04 09:42:10 startup packages configure
2024-11-04 09:42:10 configure apt-utils:amd64 2.4.13 <none>
2024-11-04 09:42:10 status unpacked apt-utils:amd64 2.4.13
2024-11-04 09:42:10 status half-configured apt-utils:amd64 2.4.13
2024-11-04 09:42:10 status installed apt-utils:amd64 2.4.13
2024-11-04 09:42:10 trigproc libc-bin:amd64 2.35-0ubuntu3.5 <none>
2024-11-04 09:42:10 status half-configured libc-bin:amd64 2.35-0ubuntu3.5
2024-11-04 09:42:10 status installed libc-bin:amd64 2.35-0ubuntu3.5
2024-11-04 09:42:17 startup archives unpack
2024-11-04 09:42:17 install openssl:amd64 <none> 3.0.2-0ubuntu1.18
2024-11-04 09:42:17 status half-installed openssl:amd64 3.0.2-0ubuntu1.18
2024-11-04 09:42:17 status unpacked openssl:amd64 3.0.2-0ubuntu1.18
2024-11-04 09:42:17 install ca-certificates:all <none> 20240203~22.04.1
2024-11-04 09:42:17 status half-installed ca-certificates:all 20240203~22.04.1
2024-11-04 09:42:17 status unpacked ca-certificates:all 20240203~22.04.1
2024-11-04 09:42:17 install apt-transport-https:all <none> 2.4.13
2024-11-04 09:42:17 status half-installed apt-transport-https:all 2.4.13
2024-11-04 09:42:17 status unpacked apt-transport-https:all 2.4.13
2024-11-04 09:42:17 startup packages configure
2024-11-04 09:42:17 configure apt-transport-https:all 2.4.13 <none>
2024-11-04 09:42:17 status unpacked apt-transport-https:all 2.4.13
2024-11-04 09:42:17 status half-configured apt-transport-https:all 2.4.13
2024-11-04 09:42:17 status installed apt-transport-https:all 2.4.13
2024-11-04 09:42:17 configure openssl:amd64 3.0.2-0ubuntu1.18 <none>
2024-11-04 09:42:17 status unpacked openssl:amd64 3.0.2-0ubuntu1.18
2024-11-04 09:42:17 status half-configured openssl:amd64 3.0.2-0ubuntu1.18
2024-11-04 09:42:17 status installed openssl:amd64 3.0.2-0ubuntu1.18
2024-11-04 09:42:17 configure ca-certificates:all 20240203~22.04.1 <none>
2024-11-04 09:42:17 status unpacked ca-certificates:all 20240203~22.04.1
2024-11-04 09:42:17 status half-configured ca-certificates:all 20240203~22.04.1
2024-11-04 09:42:19 status installed ca-certificates:all 20240203~22.04.1
2024-11-04 09:42:19 status triggers-pending ca-certificates:all 20240203~22.04.1
2024-11-04 09:42:19 trigproc ca-certificates:all 20240203~22.04.1 <none>
2024-11-04 09:42:19 status half-configured ca-certificates:all 20240203~22.04.1
2024-11-04 09:42:20 status installed ca-certificates:all 20240203~22.04.1
2024-11-04 09:42:37 startup archives unpack
2024-11-04 09:42:38 upgrade libsystemd0:amd64 249.11-0ubuntu3.11 249.11-0ubuntu3.12
2024-11-04 09:42:38 status triggers-pending libc-bin:amd64 2.35-0ubuntu3.5
2024-11-04 09:42:38 status half-configured libsystemd0:amd64 249.11-0ubuntu3.11
2024-11-04 09:42:38 status unpacked libsystemd0:amd64 249.11-0ubuntu3.11
2024-11-04 09:42:38 status half-installed libsystemd0:amd64 249.11-0ubuntu3.11
2024-11-04 09:42:38 status unpacked libsystemd0:amd64 249.11-0ubuntu3.12
2024-11-04 09:42:38 startup packages configure
2024-11-04 09:42:38 configure libsystemd0:amd64 249.11-0ubuntu3.12 <none>
2024-11-04 09:42:38 status unpacked libsystemd0:amd64 249.11-0ubuntu3.12
2024-11-04 09:42:38 status half-configured libsystemd0:amd64 249.11-0ubuntu3.12
2024-11-04 09:42:38 status installed libsystemd0:amd64 249.11-0ubuntu3.12
2024-11-04 09:42:38 startup archives unpack
2024-11-04 09:42:38 install libpython3.10-minimal:amd64 <none> 3.10.12-1~22.04.6
2024-11-04 09:42:38 status half-installed libpython3.10-minimal:amd64 3.10.12-1~22.04.6
2024-11-04 09:42:38 status unpacked libpython3.10-minimal:amd64 3.10.12-1~22.04.6
2024-11-04 09:42:38 install libexpat1:amd64 <none> 2.4.7-1ubuntu0.4
2024-11-04 09:42:38 status half-installed libexpat1:amd64 2.4.7-1ubuntu0.4
2024-11-04 09:42:38 status unpacked libexpat1:amd64 2.4.7-1ubuntu0.4
2024-11-04 09:42:38 install python3.10-minimal:amd64 <none> 3.10.12-1~22.04.6
2024-11-04 09:42:38 status half-installed python3.10-minimal:amd64 3.10.12-1~22.04.6
2024-11-04 09:42:38 status unpacked python3.10-minimal:amd64 3.10.12-1~22.04.6
2024-11-04 09:42:38 startup packages configure
2024-11-04 09:42:38 configure libpython3.10-minimal:amd64 3.10.12-1~22.04.6 <none>
2024-11-04 09:42:38 status unpacked libpython3.10-minimal:amd64 3.10.12-1~22.04.6
2024-11-04 09:42:38 status half-configured libpython3.10-minimal:amd64 3.10.12-1~22.04.6
2024-11-04 09:42:38 status installed libpython3.10-minimal:amd64 3.10.12-1~22.04.6
2024-11-04 09:42:38 configure libexpat1:amd64 2.4.7-1ubuntu0.4 <none>
2024-11-04 09:42:38 status unpacked libexpat1:amd64 2.4.7-1ubuntu0.4
2024-11-04 09:42:38 status half-configured libexpat1:amd64 2.4.7-1ubuntu0.4
2024-11-04 09:42:38 status installed libexpat1:amd64 2.4.7-1ubuntu0.4
2024-11-04 09:42:38 configure python3.10-minimal:amd64 3.10.12-1~22.04.6 <none>
2024-11-04 09:42:38 status unpacked python3.10-minimal:amd64 3.10.12-1~22.04.6
2024-11-04 09:42:38 status half-configured python3.10-minimal:amd64 3.10.12-1~22.04.6
2024-11-04 09:42:39 status installed python3.10-minimal:amd64 3.10.12-1~22.04.6
2024-11-04 09:42:39 startup archives unpack
2024-11-04 09:42:39 install python3-minimal:amd64 <none> 3.10.6-1~22.04.1
2024-11-04 09:42:39 status half-installed python3-minimal:amd64 3.10.6-1~22.04.1
2024-11-04 09:42:39 status unpacked python3-minimal:amd64 3.10.6-1~22.04.1
2024-11-04 09:42:39 install media-types:all <none> 7.0.0
2024-11-04 09:42:39 status half-installed media-types:all 7.0.0
2024-11-04 09:42:39 status unpacked media-types:all 7.0.0
2024-11-04 09:42:39 install libmpdec3:amd64 <none> 2.5.1-2build2
2024-11-04 09:42:39 status half-installed libmpdec3:amd64 2.5.1-2build2
2024-11-04 09:42:39 status unpacked libmpdec3:amd64 2.5.1-2build2
2024-11-04 09:42:39 install readline-common:all <none> 8.1.2-1
2024-11-04 09:42:39 status half-installed readline-common:all 8.1.2-1
2024-11-04 09:42:39 status unpacked readline-common:all 8.1.2-1
2024-11-04 09:42:39 install libreadline8:amd64 <none> 8.1.2-1
2024-11-04 09:42:39 status half-installed libreadline8:amd64 8.1.2-1
2024-11-04 09:42:39 status unpacked libreadline8:amd64 8.1.2-1
2024-11-04 09:42:39 install libsqlite3-0:amd64 <none> 3.37.2-2ubuntu0.3
2024-11-04 09:42:39 status half-installed libsqlite3-0:amd64 3.37.2-2ubuntu0.3
2024-11-04 09:42:39 status unpacked libsqlite3-0:amd64 3.37.2-2ubuntu0.3
2024-11-04 09:42:39 install libpython3.10-stdlib:amd64 <none> 3.10.12-1~22.04.6
2024-11-04 09:42:39 status half-installed libpython3.10-stdlib:amd64 3.10.12-1~22.04.6
2024-11-04 09:42:39 status unpacked libpython3.10-stdlib:amd64 3.10.12-1~22.04.6
2024-11-04 09:42:39 install python3.10:amd64 <none> 3.10.12-1~22.04.6
2024-11-04 09:42:39 status half-installed python3.10:amd64 3.10.12-1~22.04.6
2024-11-04 09:42:39 status unpacked python3.10:amd64 3.10.12-1~22.04.6
2024-11-04 09:42:39 install libpython3-stdlib:amd64 <none> 3.10.6-1~22.04.1
2024-11-04 09:42:39 status half-installed libpython3-stdlib:amd64 3.10.6-1~22.04.1
2024-11-04 09:42:39 status unpacked libpython3-stdlib:amd64 3.10.6-1~22.04.1
2024-11-04 09:42:39 startup packages configure
2024-11-04 09:42:39 configure python3-minimal:amd64 3.10.6-1~22.04.1 <none>
2024-11-04 09:42:39 status unpacked python3-minimal:amd64 3.10.6-1~22.04.1
2024-11-04 09:42:39 status half-configured python3-minimal:amd64 3.10.6-1~22.04.1
2024-11-04 09:42:40 status installed python3-minimal:amd64 3.10.6-1~22.04.1
2024-11-04 09:42:40 startup archives unpack
2024-11-04 09:42:40 install python3:amd64 <none> 3.10.6-1~22.04.1
2024-11-04 09:42:40 status half-installed python3:amd64 3.10.6-1~22.04.1
2024-11-04 09:42:40 status unpacked python3:amd64 3.10.6-1~22.04.1
2024-11-04 09:42:40 install libapparmor1:amd64 <none> 3.0.4-2ubuntu2.4
2024-11-04 09:42:40 status half-installed libapparmor1:amd64 3.0.4-2ubuntu2.4
2024-11-04 09:42:40 status unpacked libapparmor1:amd64 3.0.4-2ubuntu2.4
2024-11-04 09:42:40 install libargon2-1:amd64 <none> 0~20171227-0.3
2024-11-04 09:42:40 status half-installed libargon2-1:amd64 0~20171227-0.3
2024-11-04 09:42:40 status unpacked libargon2-1:amd64 0~20171227-0.3
2024-11-04 09:42:40 install libdevmapper1.02.1:amd64 <none> 2:1.02.175-2.1ubuntu4
2024-11-04 09:42:40 status half-installed libdevmapper1.02.1:amd64 2:1.02.175-2.1ubuntu4
2024-11-04 09:42:40 status unpacked libdevmapper1.02.1:amd64 2:1.02.175-2.1ubuntu4
2024-11-04 09:42:40 install libjson-c5:amd64 <none> 0.15-3~ubuntu1.22.04.2
2024-11-04 09:42:40 status half-installed libjson-c5:amd64 0.15-3~ubuntu1.22.04.2
2024-11-04 09:42:40 status unpacked libjson-c5:amd64 0.15-3~ubuntu1.22.04.2
2024-11-04 09:42:40 install libcryptsetup12:amd64 <none> 2:2.4.3-1ubuntu1.2
2024-11-04 09:42:40 status half-installed libcryptsetup12:amd64 2:2.4.3-1ubuntu1.2
2024-11-04 09:42:40 status unpacked libcryptsetup12:amd64 2:2.4.3-1ubuntu1.2
2024-11-04 09:42:40 install libip4tc2:amd64 <none> 1.8.7-1ubuntu5.2
2024-11-04 09:42:40 status half-installed libip4tc2:amd64 1.8.7-1ubuntu5.2
2024-11-04 09:42:40 status unpacked libip4tc2:amd64 1.8.7-1ubuntu5.2
2024-11-04 09:42:40 install libkmod2:amd64 <none> 29-1ubuntu1
2024-11-04 09:42:40 status half-installed libkmod2:amd64 29-1ubuntu1
2024-11-04 09:42:40 status unpacked libkmod2:amd64 29-1ubuntu1
2024-11-04 09:42:40 install systemd:amd64 <none> 249.11-0ubuntu3.12
2024-11-04 09:42:40 status half-installed systemd:amd64 249.11-0ubuntu3.12
2024-11-04 09:42:40 status unpacked systemd:amd64 249.11-0ubuntu3.12
2024-11-04 09:42:40 startup packages configure
2024-11-04 09:42:40 configure libapparmor1:amd64 3.0.4-2ubuntu2.4 <none>
2024-11-04 09:42:40 status unpacked libapparmor1:amd64 3.0.4-2ubuntu2.4
2024-11-04 09:42:40 status half-configured libapparmor1:amd64 3.0.4-2ubuntu2.4
2024-11-04 09:42:40 status installed libapparmor1:amd64 3.0.4-2ubuntu2.4
2024-11-04 09:42:40 configure libargon2-1:amd64 0~20171227-0.3 <none>
2024-11-04 09:42:40 status unpacked libargon2-1:amd64 0~20171227-0.3
2024-11-04 09:42:40 status half-configured libargon2-1:amd64 0~20171227-0.3
2024-11-04 09:42:40 status installed libargon2-1:amd64 0~20171227-0.3
2024-11-04 09:42:40 configure libdevmapper1.02.1:amd64 2:1.02.175-2.1ubuntu4 <none>
2024-11-04 09:42:40 status unpacked libdevmapper1.02.1:amd64 2:1.02.175-2.1ubuntu4
2024-11-04 09:42:40 status half-configured libdevmapper1.02.1:amd64 2:1.02.175-2.1ubuntu4
2024-11-04 09:42:40 status installed libdevmapper1.02.1:amd64 2:1.02.175-2.1ubuntu4
2024-11-04 09:42:40 configure libjson-c5:amd64 0.15-3~ubuntu1.22.04.2 <none>
2024-11-04 09:42:40 status unpacked libjson-c5:amd64 0.15-3~ubuntu1.22.04.2
2024-11-04 09:42:40 status half-configured libjson-c5:amd64 0.15-3~ubuntu1.22.04.2
2024-11-04 09:42:40 status installed libjson-c5:amd64 0.15-3~ubuntu1.22.04.2
2024-11-04 09:42:40 configure libcryptsetup12:amd64 2:2.4.3-1ubuntu1.2 <none>
2024-11-04 09:42:40 status unpacked libcryptsetup12:amd64 2:2.4.3-1ubuntu1.2
2024-11-04 09:42:40 status half-configured libcryptsetup12:amd64 2:2.4.3-1ubuntu1.2
2024-11-04 09:42:40 status installed libcryptsetup12:amd64 2:2.4.3-1ubuntu1.2
2024-11-04 09:42:40 configure libip4tc2:amd64 1.8.7-1ubuntu5.2 <none>
2024-11-04 09:42:40 status unpacked libip4tc2:amd64 1.8.7-1ubuntu5.2
2024-11-04 09:42:40 status half-configured libip4tc2:amd64 1.8.7-1ubuntu5.2
2024-11-04 09:42:40 status installed libip4tc2:amd64 1.8.7-1ubuntu5.2
2024-11-04 09:42:40 configure libkmod2:amd64 29-1ubuntu1 <none>
2024-11-04 09:42:40 status unpacked libkmod2:amd64 29-1ubuntu1
2024-11-04 09:42:41 status half-configured libkmod2:amd64 29-1ubuntu1
2024-11-04 09:42:41 status installed libkmod2:amd64 29-1ubuntu1
2024-11-04 09:42:41 configure systemd:amd64 249.11-0ubuntu3.12 <none>
2024-11-04 09:42:41 status unpacked systemd:amd64 249.11-0ubuntu3.12
2024-11-04 09:42:41 status half-configured systemd:amd64 249.11-0ubuntu3.12
2024-11-04 09:42:41 status installed systemd:amd64 249.11-0ubuntu3.12
2024-11-04 09:42:41 startup archives unpack
2024-11-04 09:42:41 install systemd-sysv:amd64 <none> 249.11-0ubuntu3.12
2024-11-04 09:42:41 status half-installed systemd-sysv:amd64 249.11-0ubuntu3.12
2024-11-04 09:42:41 status unpacked systemd-sysv:amd64 249.11-0ubuntu3.12
2024-11-04 09:42:41 install libdbus-1-3:amd64 <none> 1.12.20-2ubuntu4.1
2024-11-04 09:42:41 status half-installed libdbus-1-3:amd64 1.12.20-2ubuntu4.1
2024-11-04 09:42:41 status unpacked libdbus-1-3:amd64 1.12.20-2ubuntu4.1
2024-11-04 09:42:41 install dbus:amd64 <none> 1.12.20-2ubuntu4.1
2024-11-04 09:42:41 status half-installed dbus:amd64 1.12.20-2ubuntu4.1
2024-11-04 09:42:41 status unpacked dbus:amd64 1.12.20-2ubuntu4.1
2024-11-04 09:42:41 install distro-info-data:all <none> 0.52ubuntu0.8
2024-11-04 09:42:41 status half-installed distro-info-data:all 0.52ubuntu0.8
2024-11-04 09:42:41 status unpacked distro-info-data:all 0.52ubuntu0.8
2024-11-04 09:42:41 install libglib2.0-0:amd64 <none> 2.72.4-0ubuntu2.3
2024-11-04 09:42:41 status half-installed libglib2.0-0:amd64 2.72.4-0ubuntu2.3
2024-11-04 09:42:41 status unpacked libglib2.0-0:amd64 2.72.4-0ubuntu2.3
2024-11-04 09:42:41 install libgirepository-1.0-1:amd64 <none> 1.72.0-1
2024-11-04 09:42:41 status half-installed libgirepository-1.0-1:amd64 1.72.0-1
2024-11-04 09:42:41 status unpacked libgirepository-1.0-1:amd64 1.72.0-1
2024-11-04 09:42:41 install gir1.2-glib-2.0:amd64 <none> 1.72.0-1
2024-11-04 09:42:41 status half-installed gir1.2-glib-2.0:amd64 1.72.0-1
2024-11-04 09:42:41 status unpacked gir1.2-glib-2.0:amd64 1.72.0-1
2024-11-04 09:42:42 install iso-codes:all <none> 4.9.0-1
2024-11-04 09:42:42 status half-installed iso-codes:all 4.9.0-1
2024-11-04 09:42:42 status unpacked iso-codes:all 4.9.0-1
2024-11-04 09:42:42 install libcap2-bin:amd64 <none> 1:2.44-1ubuntu0.22.04.1
2024-11-04 09:42:42 status half-installed libcap2-bin:amd64 1:2.44-1ubuntu0.22.04.1
2024-11-04 09:42:42 status unpacked libcap2-bin:amd64 1:2.44-1ubuntu0.22.04.1
2024-11-04 09:42:42 install libelf1:amd64 <none> 0.186-1build1
2024-11-04 09:42:42 status half-installed libelf1:amd64 0.186-1build1
2024-11-04 09:42:42 status unpacked libelf1:amd64 0.186-1build1
2024-11-04 09:42:42 install libglib2.0-data:all <none> 2.72.4-0ubuntu2.3
2024-11-04 09:42:42 status half-installed libglib2.0-data:all 2.72.4-0ubuntu2.3
2024-11-04 09:42:42 status unpacked libglib2.0-data:all 2.72.4-0ubuntu2.3
2024-11-04 09:42:42 install libicu70:amd64 <none> 70.1-2
2024-11-04 09:42:42 status half-installed libicu70:amd64 70.1-2
2024-11-04 09:42:42 status unpacked libicu70:amd64 70.1-2
2024-11-04 09:42:42 install libpam-systemd:amd64 <none> 249.11-0ubuntu3.12
2024-11-04 09:42:42 status half-installed libpam-systemd:amd64 249.11-0ubuntu3.12
2024-11-04 09:42:42 status unpacked libpam-systemd:amd64 249.11-0ubuntu3.12
2024-11-04 09:42:42 install libxml2:amd64 <none> 2.9.13+dfsg-1ubuntu0.4
2024-11-04 09:42:42 status half-installed libxml2:amd64 2.9.13+dfsg-1ubuntu0.4
2024-11-04 09:42:42 status unpacked libxml2:amd64 2.9.13+dfsg-1ubuntu0.4
2024-11-04 09:42:42 install libyaml-0-2:amd64 <none> 0.2.2-1build2
2024-11-04 09:42:42 status half-installed libyaml-0-2:amd64 0.2.2-1build2
2024-11-04 09:42:43 status unpacked libyaml-0-2:amd64 0.2.2-1build2
2024-11-04 09:42:43 install lsb-release:all <none> 11.1.0ubuntu4
2024-11-04 09:42:43 status half-installed lsb-release:all 11.1.0ubuntu4
2024-11-04 09:42:43 status unpacked lsb-release:all 11.1.0ubuntu4
2024-11-04 09:42:43 install python-apt-common:all <none> 2.4.0ubuntu4
2024-11-04 09:42:43 status half-installed python-apt-common:all 2.4.0ubuntu4
2024-11-04 09:42:43 status unpacked python-apt-common:all 2.4.0ubuntu4
2024-11-04 09:42:43 install python3-apt:amd64 <none> 2.4.0ubuntu4
2024-11-04 09:42:43 status half-installed python3-apt:amd64 2.4.0ubuntu4
2024-11-04 09:42:43 status unpacked python3-apt:amd64 2.4.0ubuntu4
2024-11-04 09:42:43 install python3-dbus:amd64 <none> 1.2.18-3build1
2024-11-04 09:42:43 status half-installed python3-dbus:amd64 1.2.18-3build1
2024-11-04 09:42:43 status unpacked python3-dbus:amd64 1.2.18-3build1
2024-11-04 09:42:43 install python3-gi:amd64 <none> 3.42.1-0ubuntu1
2024-11-04 09:42:43 status half-installed python3-gi:amd64 3.42.1-0ubuntu1
2024-11-04 09:42:43 status unpacked python3-gi:amd64 3.42.1-0ubuntu1
2024-11-04 09:42:43 install python3-pkg-resources:all <none> 59.6.0-1.2ubuntu0.22.04.2
2024-11-04 09:42:43 status half-installed python3-pkg-resources:all 59.6.0-1.2ubuntu0.22.04.2
2024-11-04 09:42:43 status unpacked python3-pkg-resources:all 59.6.0-1.2ubuntu0.22.04.2
2024-11-04 09:42:43 install libnghttp2-14:amd64 <none> 1.43.0-1ubuntu0.2
2024-11-04 09:42:43 status half-installed libnghttp2-14:amd64 1.43.0-1ubuntu0.2
2024-11-04 09:42:43 status unpacked libnghttp2-14:amd64 1.43.0-1ubuntu0.2
2024-11-04 09:42:43 install libpsl5:amd64 <none> 0.21.0-1.2build2
2024-11-04 09:42:43 status half-installed libpsl5:amd64 0.21.0-1.2build2
2024-11-04 09:42:43 status unpacked libpsl5:amd64 0.21.0-1.2build2
2024-11-04 09:42:43 install libpackagekit-glib2-18:amd64 <none> 1.2.5-2ubuntu2
2024-11-04 09:42:43 status half-installed libpackagekit-glib2-18:amd64 1.2.5-2ubuntu2
2024-11-04 09:42:43 status unpacked libpackagekit-glib2-18:amd64 1.2.5-2ubuntu2
2024-11-04 09:42:43 install gir1.2-packagekitglib-1.0:amd64 <none> 1.2.5-2ubuntu2
2024-11-04 09:42:43 status half-installed gir1.2-packagekitglib-1.0:amd64 1.2.5-2ubuntu2
2024-11-04 09:42:43 status unpacked gir1.2-packagekitglib-1.0:amd64 1.2.5-2ubuntu2
2024-11-04 09:42:43 install libassuan0:amd64 <none> 2.5.5-1build1
2024-11-04 09:42:43 status half-installed libassuan0:amd64 2.5.5-1build1
2024-11-04 09:42:43 status unpacked libassuan0:amd64 2.5.5-1build1
2024-11-04 09:42:43 install gpgconf:amd64 <none> 2.2.27-3ubuntu2.1
2024-11-04 09:42:43 status half-installed gpgconf:amd64 2.2.27-3ubuntu2.1
2024-11-04 09:42:43 status unpacked gpgconf:amd64 2.2.27-3ubuntu2.1
2024-11-04 09:42:43 install gpg:amd64 <none> 2.2.27-3ubuntu2.1
2024-11-04 09:42:43 status half-installed gpg:amd64 2.2.27-3ubuntu2.1
2024-11-04 09:42:43 status unpacked gpg:amd64 2.2.27-3ubuntu2.1
2024-11-04 09:42:43 install libbrotli1:amd64 <none> 1.0.9-2build6
2024-11-04 09:42:43 status half-installed libbrotli1:amd64 1.0.9-2build6
2024-11-04 09:42:43 status unpacked libbrotli1:amd64 1.0.9-2build6
2024-11-04 09:42:43 install libsasl2-modules-db:amd64 <none> 2.1.27+dfsg2-3ubuntu1.2
2024-11-04 09:42:43 status half-installed libsasl2-modules-db:amd64 2.1.27+dfsg2-3ubuntu1.2
2024-11-04 09:42:43 status unpacked libsasl2-modules-db:amd64 2.1.27+dfsg2-3ubuntu1.2
2024-11-04 09:42:43 install libsasl2-2:amd64 <none> 2.1.27+dfsg2-3ubuntu1.2
2024-11-04 09:42:43 status half-installed libsasl2-2:amd64 2.1.27+dfsg2-3ubuntu1.2
2024-11-04 09:42:43 status unpacked libsasl2-2:amd64 2.1.27+dfsg2-3ubuntu1.2
2024-11-04 09:42:43 install libldap-2.5-0:amd64 <none> 2.5.18+dfsg-0ubuntu0.22.04.2
2024-11-04 09:42:43 status half-installed libldap-2.5-0:amd64 2.5.18+dfsg-0ubuntu0.22.04.2
2024-11-04 09:42:43 status unpacked libldap-2.5-0:amd64 2.5.18+dfsg-0ubuntu0.22.04.2
2024-11-04 09:42:43 install librtmp1:amd64 <none> 2.4+20151223.gitfa8646d.1-2build4
2024-11-04 09:42:43 status half-installed librtmp1:amd64 2.4+20151223.gitfa8646d.1-2build4
2024-11-04 09:42:43 status unpacked librtmp1:amd64 2.4+20151223.gitfa8646d.1-2build4
2024-11-04 09:42:43 install libssh-4:amd64 <none> 0.9.6-2ubuntu0.22.04.3
2024-11-04 09:42:43 status half-installed libssh-4:amd64 0.9.6-2ubuntu0.22.04.3
2024-11-04 09:42:43 status unpacked libssh-4:amd64 0.9.6-2ubuntu0.22.04.3
2024-11-04 09:42:43 install libcurl3-gnutls:amd64 <none> 7.81.0-1ubuntu1.18
2024-11-04 09:42:43 status half-installed libcurl3-gnutls:amd64 7.81.0-1ubuntu1.18
2024-11-04 09:42:43 status unpacked libcurl3-gnutls:amd64 7.81.0-1ubuntu1.18
2024-11-04 09:42:44 install libstemmer0d:amd64 <none> 2.2.0-1build1
2024-11-04 09:42:44 status half-installed libstemmer0d:amd64 2.2.0-1build1
2024-11-04 09:42:44 status unpacked libstemmer0d:amd64 2.2.0-1build1
2024-11-04 09:42:44 install libxmlb2:amd64 <none> 0.3.6-2build1
2024-11-04 09:42:44 status half-installed libxmlb2:amd64 0.3.6-2build1
2024-11-04 09:42:44 status unpacked libxmlb2:amd64 0.3.6-2build1
2024-11-04 09:42:44 install libappstream4:amd64 <none> 0.15.2-2
2024-11-04 09:42:44 status half-installed libappstream4:amd64 0.15.2-2
2024-11-04 09:42:44 status unpacked libappstream4:amd64 0.15.2-2
2024-11-04 09:42:44 install libdw1:amd64 <none> 0.186-1build1
2024-11-04 09:42:44 status half-installed libdw1:amd64 0.186-1build1
2024-11-04 09:42:44 status unpacked libdw1:amd64 0.186-1build1
2024-11-04 09:42:44 install libglib2.0-bin:amd64 <none> 2.72.4-0ubuntu2.3
2024-11-04 09:42:44 status half-installed libglib2.0-bin:amd64 2.72.4-0ubuntu2.3
2024-11-04 09:42:44 status unpacked libglib2.0-bin:amd64 2.72.4-0ubuntu2.3
2024-11-04 09:42:44 install libunwind8:amd64 <none> 1.3.2-2build2.1
2024-11-04 09:42:44 status half-installed libunwind8:amd64 1.3.2-2build2.1
2024-11-04 09:42:44 status unpacked libunwind8:amd64 1.3.2-2build2.1
2024-11-04 09:42:44 install libgstreamer1.0-0:amd64 <none> 1.20.3-0ubuntu1
2024-11-04 09:42:44 status half-installed libgstreamer1.0-0:amd64 1.20.3-0ubuntu1
2024-11-04 09:42:44 status unpacked libgstreamer1.0-0:amd64 1.20.3-0ubuntu1
2024-11-04 09:42:44 install libpolkit-gobject-1-0:amd64 <none> 0.105-33
2024-11-04 09:42:44 status half-installed libpolkit-gobject-1-0:amd64 0.105-33
2024-11-04 09:42:44 status unpacked libpolkit-gobject-1-0:amd64 0.105-33
2024-11-04 09:42:44 install libpolkit-agent-1-0:amd64 <none> 0.105-33
2024-11-04 09:42:44 status half-installed libpolkit-agent-1-0:amd64 0.105-33
2024-11-04 09:42:44 status unpacked libpolkit-agent-1-0:amd64 0.105-33
2024-11-04 09:42:44 install polkitd:amd64 <none> 0.105-33
2024-11-04 09:42:44 status half-installed polkitd:amd64 0.105-33
2024-11-04 09:42:44 status unpacked polkitd:amd64 0.105-33
2024-11-04 09:42:44 install pkexec:amd64 <none> 0.105-33
2024-11-04 09:42:44 status half-installed pkexec:amd64 0.105-33
2024-11-04 09:42:44 status unpacked pkexec:amd64 0.105-33
2024-11-04 09:42:44 install policykit-1:amd64 <none> 0.105-33
2024-11-04 09:42:44 status half-installed policykit-1:amd64 0.105-33
2024-11-04 09:42:44 status unpacked policykit-1:amd64 0.105-33
2024-11-04 09:42:44 install python3-blinker:all <none> 1.4+dfsg1-0.4
2024-11-04 09:42:44 status half-installed python3-blinker:all 1.4+dfsg1-0.4
2024-11-04 09:42:44 status unpacked python3-blinker:all 1.4+dfsg1-0.4
2024-11-04 09:42:44 install python3-cffi-backend:amd64 <none> 1.15.0-1build2
2024-11-04 09:42:44 status half-installed python3-cffi-backend:amd64 1.15.0-1build2
2024-11-04 09:42:44 status unpacked python3-cffi-backend:amd64 1.15.0-1build2
2024-11-04 09:42:45 install python3-cryptography:amd64 <none> 3.4.8-1ubuntu2.2
2024-11-04 09:42:45 status half-installed python3-cryptography:amd64 3.4.8-1ubuntu2.2
2024-11-04 09:42:45 status unpacked python3-cryptography:amd64 3.4.8-1ubuntu2.2
2024-11-04 09:42:45 install python3-pyparsing:all <none> 2.4.7-1
2024-11-04 09:42:45 status half-installed python3-pyparsing:all 2.4.7-1
2024-11-04 09:42:45 status unpacked python3-pyparsing:all 2.4.7-1
2024-11-04 09:42:45 install python3-httplib2:all <none> 0.20.2-2
2024-11-04 09:42:45 status half-installed python3-httplib2:all 0.20.2-2
2024-11-04 09:42:45 status unpacked python3-httplib2:all 0.20.2-2
2024-11-04 09:42:45 install python3-more-itertools:all <none> 8.10.0-2
2024-11-04 09:42:45 status half-installed python3-more-itertools:all 8.10.0-2
2024-11-04 09:42:45 status unpacked python3-more-itertools:all 8.10.0-2
2024-11-04 09:42:45 install python3-zipp:all <none> 1.0.0-3ubuntu0.1
2024-11-04 09:42:45 status half-installed python3-zipp:all 1.0.0-3ubuntu0.1
2024-11-04 09:42:45 status unpacked python3-zipp:all 1.0.0-3ubuntu0.1
2024-11-04 09:42:45 install python3-importlib-metadata:all <none> 4.6.4-1
2024-11-04 09:42:45 status half-installed python3-importlib-metadata:all 4.6.4-1
2024-11-04 09:42:45 status unpacked python3-importlib-metadata:all 4.6.4-1
2024-11-04 09:42:45 install python3-jeepney:all <none> 0.7.1-3
2024-11-04 09:42:45 status half-installed python3-jeepney:all 0.7.1-3
2024-11-04 09:42:45 status unpacked python3-jeepney:all 0.7.1-3
2024-11-04 09:42:45 install python3-jwt:all <none> 2.3.0-1ubuntu0.2
2024-11-04 09:42:45 status half-installed python3-jwt:all 2.3.0-1ubuntu0.2
2024-11-04 09:42:45 status unpacked python3-jwt:all 2.3.0-1ubuntu0.2
2024-11-04 09:42:45 install python3-secretstorage:all <none> 3.3.1-1
2024-11-04 09:42:45 status half-installed python3-secretstorage:all 3.3.1-1
2024-11-04 09:42:45 status unpacked python3-secretstorage:all 3.3.1-1
2024-11-04 09:42:45 install python3-keyring:all <none> 23.5.0-1
2024-11-04 09:42:45 status half-installed python3-keyring:all 23.5.0-1
2024-11-04 09:42:45 status unpacked python3-keyring:all 23.5.0-1
2024-11-04 09:42:45 install python3-lazr.uri:all <none> 1.0.6-2
2024-11-04 09:42:45 status half-installed python3-lazr.uri:all 1.0.6-2
2024-11-04 09:42:45 status unpacked python3-lazr.uri:all 1.0.6-2
2024-11-04 09:42:45 install python3-wadllib:all <none> 1.3.6-1
2024-11-04 09:42:45 status half-installed python3-wadllib:all 1.3.6-1
2024-11-04 09:42:45 status unpacked python3-wadllib:all 1.3.6-1
2024-11-04 09:42:45 install python3-distro:all <none> 1.7.0-1
2024-11-04 09:42:45 status half-installed python3-distro:all 1.7.0-1
2024-11-04 09:42:45 status unpacked python3-distro:all 1.7.0-1
2024-11-04 09:42:45 install python3-oauthlib:all <none> 3.2.0-1ubuntu0.1
2024-11-04 09:42:45 status half-installed python3-oauthlib:all 3.2.0-1ubuntu0.1
2024-11-04 09:42:45 status unpacked python3-oauthlib:all 3.2.0-1ubuntu0.1
2024-11-04 09:42:45 install python3-six:all <none> 1.16.0-3ubuntu1
2024-11-04 09:42:45 status half-installed python3-six:all 1.16.0-3ubuntu1
2024-11-04 09:42:45 status unpacked python3-six:all 1.16.0-3ubuntu1
2024-11-04 09:42:45 install python3-lazr.restfulclient:all <none> 0.14.4-1
2024-11-04 09:42:45 status half-installed python3-lazr.restfulclient:all 0.14.4-1
2024-11-04 09:42:45 status unpacked python3-lazr.restfulclient:all 0.14.4-1
2024-11-04 09:42:45 install python3-launchpadlib:all <none> 1.10.16-1
2024-11-04 09:42:45 status half-installed python3-launchpadlib:all 1.10.16-1
2024-11-04 09:42:45 status unpacked python3-launchpadlib:all 1.10.16-1
2024-11-04 09:42:45 install python3-software-properties:all <none> 0.99.22.9
2024-11-04 09:42:45 status half-installed python3-software-properties:all 0.99.22.9
2024-11-04 09:42:45 status unpacked python3-software-properties:all 0.99.22.9
2024-11-04 09:42:45 install packagekit:amd64 <none> 1.2.5-2ubuntu2
2024-11-04 09:42:45 status half-installed packagekit:amd64 1.2.5-2ubuntu2
2024-11-04 09:42:46 status unpacked packagekit:amd64 1.2.5-2ubuntu2
2024-11-04 09:42:46 install software-properties-common:all <none> 0.99.22.9
2024-11-04 09:42:46 status half-installed software-properties-common:all 0.99.22.9
2024-11-04 09:42:46 status unpacked software-properties-common:all 0.99.22.9
2024-11-04 09:42:46 startup packages configure
2024-11-04 09:42:46 configure media-types:all 7.0.0 <none>
2024-11-04 09:42:46 status unpacked media-types:all 7.0.0
2024-11-04 09:42:46 status half-configured media-types:all 7.0.0
2024-11-04 09:42:46 status installed media-types:all 7.0.0
2024-11-04 09:42:46 configure systemd-sysv:amd64 249.11-0ubuntu3.12 <none>
2024-11-04 09:42:46 status unpacked systemd-sysv:amd64 249.11-0ubuntu3.12
2024-11-04 09:42:46 status half-configured systemd-sysv:amd64 249.11-0ubuntu3.12
2024-11-04 09:42:46 status installed systemd-sysv:amd64 249.11-0ubuntu3.12
2024-11-04 09:42:46 configure libpsl5:amd64 0.21.0-1.2build2 <none>
2024-11-04 09:42:46 status unpacked libpsl5:amd64 0.21.0-1.2build2
2024-11-04 09:42:46 status half-configured libpsl5:amd64 0.21.0-1.2build2
2024-11-04 09:42:46 status installed libpsl5:amd64 0.21.0-1.2build2
2024-11-04 09:42:46 configure libyaml-0-2:amd64 0.2.2-1build2 <none>
2024-11-04 09:42:46 status unpacked libyaml-0-2:amd64 0.2.2-1build2
2024-11-04 09:42:46 status half-configured libyaml-0-2:amd64 0.2.2-1build2
2024-11-04 09:42:46 status installed libyaml-0-2:amd64 0.2.2-1build2
2024-11-04 09:42:46 configure libglib2.0-0:amd64 2.72.4-0ubuntu2.3 <none>
2024-11-04 09:42:46 status unpacked libglib2.0-0:amd64 2.72.4-0ubuntu2.3
2024-11-04 09:42:46 status half-configured libglib2.0-0:amd64 2.72.4-0ubuntu2.3
2024-11-04 09:42:46 status installed libglib2.0-0:amd64 2.72.4-0ubuntu2.3
2024-11-04 09:42:46 configure distro-info-data:all 0.52ubuntu0.8 <none>
2024-11-04 09:42:46 status unpacked distro-info-data:all 0.52ubuntu0.8
2024-11-04 09:42:46 status half-configured distro-info-data:all 0.52ubuntu0.8
2024-11-04 09:42:46 status installed distro-info-data:all 0.52ubuntu0.8
2024-11-04 09:42:46 configure libxmlb2:amd64 0.3.6-2build1 <none>
2024-11-04 09:42:46 status unpacked libxmlb2:amd64 0.3.6-2build1
2024-11-04 09:42:46 status half-configured libxmlb2:amd64 0.3.6-2build1
2024-11-04 09:42:46 status installed libxmlb2:amd64 0.3.6-2build1
2024-11-04 09:42:46 configure libbrotli1:amd64 1.0.9-2build6 <none>
2024-11-04 09:42:46 status unpacked libbrotli1:amd64 1.0.9-2build6
2024-11-04 09:42:46 status half-configured libbrotli1:amd64 1.0.9-2build6
2024-11-04 09:42:46 status installed libbrotli1:amd64 1.0.9-2build6
2024-11-04 09:42:46 configure libsqlite3-0:amd64 3.37.2-2ubuntu0.3 <none>
2024-11-04 09:42:46 status unpacked libsqlite3-0:amd64 3.37.2-2ubuntu0.3
2024-11-04 09:42:46 status half-configured libsqlite3-0:amd64 3.37.2-2ubuntu0.3
2024-11-04 09:42:46 status installed libsqlite3-0:amd64 3.37.2-2ubuntu0.3
2024-11-04 09:42:46 configure libnghttp2-14:amd64 1.43.0-1ubuntu0.2 <none>
2024-11-04 09:42:46 status unpacked libnghttp2-14:amd64 1.43.0-1ubuntu0.2
2024-11-04 09:42:46 status half-configured libnghttp2-14:amd64 1.43.0-1ubuntu0.2
2024-11-04 09:42:46 status installed libnghttp2-14:amd64 1.43.0-1ubuntu0.2
2024-11-04 09:42:46 configure libpackagekit-glib2-18:amd64 1.2.5-2ubuntu2 <none>
2024-11-04 09:42:46 status unpacked libpackagekit-glib2-18:amd64 1.2.5-2ubuntu2
2024-11-04 09:42:46 status half-configured libpackagekit-glib2-18:amd64 1.2.5-2ubuntu2
2024-11-04 09:42:46 status installed libpackagekit-glib2-18:amd64 1.2.5-2ubuntu2
2024-11-04 09:42:46 configure libassuan0:amd64 2.5.5-1build1 <none>
2024-11-04 09:42:46 status unpacked libassuan0:amd64 2.5.5-1build1
2024-11-04 09:42:46 status half-configured libassuan0:amd64 2.5.5-1build1
2024-11-04 09:42:46 status installed libassuan0:amd64 2.5.5-1build1
2024-11-04 09:42:46 configure libunwind8:amd64 1.3.2-2build2.1 <none>
2024-11-04 09:42:46 status unpacked libunwind8:amd64 1.3.2-2build2.1
2024-11-04 09:42:46 status half-configured libunwind8:amd64 1.3.2-2build2.1
2024-11-04 09:42:46 status installed libunwind8:amd64 1.3.2-2build2.1
2024-11-04 09:42:46 configure libsasl2-modules-db:amd64 2.1.27+dfsg2-3ubuntu1.2 <none>
2024-11-04 09:42:46 status unpacked libsasl2-modules-db:amd64 2.1.27+dfsg2-3ubuntu1.2
2024-11-04 09:42:46 status half-configured libsasl2-modules-db:amd64 2.1.27+dfsg2-3ubuntu1.2
2024-11-04 09:42:46 status installed libsasl2-modules-db:amd64 2.1.27+dfsg2-3ubuntu1.2
2024-11-04 09:42:46 configure libcap2-bin:amd64 1:2.44-1ubuntu0.22.04.1 <none>
2024-11-04 09:42:46 status unpacked libcap2-bin:amd64 1:2.44-1ubuntu0.22.04.1
2024-11-04 09:42:46 status half-configured libcap2-bin:amd64 1:2.44-1ubuntu0.22.04.1
2024-11-04 09:42:46 status installed libcap2-bin:amd64 1:2.44-1ubuntu0.22.04.1
2024-11-04 09:42:46 configure libglib2.0-data:all 2.72.4-0ubuntu2.3 <none>
2024-11-04 09:42:46 status unpacked libglib2.0-data:all 2.72.4-0ubuntu2.3
2024-11-04 09:42:46 status half-configured libglib2.0-data:all 2.72.4-0ubuntu2.3
2024-11-04 09:42:46 status installed libglib2.0-data:all 2.72.4-0ubuntu2.3
2024-11-04 09:42:46 configure librtmp1:amd64 2.4+20151223.gitfa8646d.1-2build4 <none>
2024-11-04 09:42:46 status unpacked librtmp1:amd64 2.4+20151223.gitfa8646d.1-2build4
2024-11-04 09:42:46 status half-configured librtmp1:amd64 2.4+20151223.gitfa8646d.1-2build4
2024-11-04 09:42:46 status installed librtmp1:amd64 2.4+20151223.gitfa8646d.1-2build4
2024-11-04 09:42:46 configure libdbus-1-3:amd64 1.12.20-2ubuntu4.1 <none>
2024-11-04 09:42:46 status unpacked libdbus-1-3:amd64 1.12.20-2ubuntu4.1
2024-11-04 09:42:46 status half-configured libdbus-1-3:amd64 1.12.20-2ubuntu4.1
2024-11-04 09:42:46 status installed libdbus-1-3:amd64 1.12.20-2ubuntu4.1
2024-11-04 09:42:46 configure dbus:amd64 1.12.20-2ubuntu4.1 <none>
2024-11-04 09:42:46 status unpacked dbus:amd64 1.12.20-2ubuntu4.1
2024-11-04 09:42:46 status half-configured dbus:amd64 1.12.20-2ubuntu4.1
2024-11-04 09:42:46 status installed dbus:amd64 1.12.20-2ubuntu4.1
2024-11-04 09:42:46 configure libsasl2-2:amd64 2.1.27+dfsg2-3ubuntu1.2 <none>
2024-11-04 09:42:46 status unpacked libsasl2-2:amd64 2.1.27+dfsg2-3ubuntu1.2
2024-11-04 09:42:46 status half-configured libsasl2-2:amd64 2.1.27+dfsg2-3ubuntu1.2
2024-11-04 09:42:46 status installed libsasl2-2:amd64 2.1.27+dfsg2-3ubuntu1.2
2024-11-04 09:42:46 configure libssh-4:amd64 0.9.6-2ubuntu0.22.04.3 <none>
2024-11-04 09:42:46 status unpacked libssh-4:amd64 0.9.6-2ubuntu0.22.04.3
2024-11-04 09:42:46 status half-configured libssh-4:amd64 0.9.6-2ubuntu0.22.04.3
2024-11-04 09:42:46 status installed libssh-4:amd64 0.9.6-2ubuntu0.22.04.3
2024-11-04 09:42:46 configure python-apt-common:all 2.4.0ubuntu4 <none>
2024-11-04 09:42:46 status unpacked python-apt-common:all 2.4.0ubuntu4
2024-11-04 09:42:46 status half-configured python-apt-common:all 2.4.0ubuntu4
2024-11-04 09:42:46 status installed python-apt-common:all 2.4.0ubuntu4
2024-11-04 09:42:46 configure libmpdec3:amd64 2.5.1-2build2 <none>
2024-11-04 09:42:46 status unpacked libmpdec3:amd64 2.5.1-2build2
2024-11-04 09:42:46 status half-configured libmpdec3:amd64 2.5.1-2build2
2024-11-04 09:42:46 status installed libmpdec3:amd64 2.5.1-2build2
2024-11-04 09:42:46 configure libpam-systemd:amd64 249.11-0ubuntu3.12 <none>
2024-11-04 09:42:46 status unpacked libpam-systemd:amd64 249.11-0ubuntu3.12
2024-11-04 09:42:46 status half-configured libpam-systemd:amd64 249.11-0ubuntu3.12
2024-11-04 09:42:46 status installed libpam-systemd:amd64 249.11-0ubuntu3.12
2024-11-04 09:42:46 configure libgirepository-1.0-1:amd64 1.72.0-1 <none>
2024-11-04 09:42:46 status unpacked libgirepository-1.0-1:amd64 1.72.0-1
2024-11-04 09:42:46 status half-configured libgirepository-1.0-1:amd64 1.72.0-1
2024-11-04 09:42:46 status installed libgirepository-1.0-1:amd64 1.72.0-1
2024-11-04 09:42:46 configure libstemmer0d:amd64 2.2.0-1build1 <none>
2024-11-04 09:42:46 status unpacked libstemmer0d:amd64 2.2.0-1build1
2024-11-04 09:42:46 status half-configured libstemmer0d:amd64 2.2.0-1build1
2024-11-04 09:42:46 status installed libstemmer0d:amd64 2.2.0-1build1
2024-11-04 09:42:46 configure libelf1:amd64 0.186-1build1 <none>
2024-11-04 09:42:46 status unpacked libelf1:amd64 0.186-1build1
2024-11-04 09:42:46 status half-configured libelf1:amd64 0.186-1build1
2024-11-04 09:42:46 status installed libelf1:amd64 0.186-1build1
2024-11-04 09:42:46 configure readline-common:all 8.1.2-1 <none>
2024-11-04 09:42:46 status unpacked readline-common:all 8.1.2-1
2024-11-04 09:42:46 status half-configured readline-common:all 8.1.2-1
2024-11-04 09:42:46 status installed readline-common:all 8.1.2-1
2024-11-04 09:42:46 configure iso-codes:all 4.9.0-1 <none>
2024-11-04 09:42:46 status unpacked iso-codes:all 4.9.0-1
2024-11-04 09:42:46 status half-configured iso-codes:all 4.9.0-1
2024-11-04 09:42:46 status installed iso-codes:all 4.9.0-1
2024-11-04 09:42:46 configure libpolkit-gobject-1-0:amd64 0.105-33 <none>
2024-11-04 09:42:46 status unpacked libpolkit-gobject-1-0:amd64 0.105-33
2024-11-04 09:42:46 status half-configured libpolkit-gobject-1-0:amd64 0.105-33
2024-11-04 09:42:46 status installed libpolkit-gobject-1-0:amd64 0.105-33
2024-11-04 09:42:46 configure libicu70:amd64 70.1-2 <none>
2024-11-04 09:42:46 status unpacked libicu70:amd64 70.1-2
2024-11-04 09:42:46 status half-configured libicu70:amd64 70.1-2
2024-11-04 09:42:46 status installed libicu70:amd64 70.1-2
2024-11-04 09:42:46 configure libdw1:amd64 0.186-1build1 <none>
2024-11-04 09:42:46 status unpacked libdw1:amd64 0.186-1build1
2024-11-04 09:42:46 status half-configured libdw1:amd64 0.186-1build1
2024-11-04 09:42:46 status installed libdw1:amd64 0.186-1build1
2024-11-04 09:42:46 configure libreadline8:amd64 8.1.2-1 <none>
2024-11-04 09:42:46 status unpacked libreadline8:amd64 8.1.2-1
2024-11-04 09:42:46 status half-configured libreadline8:amd64 8.1.2-1
2024-11-04 09:42:46 status installed libreadline8:amd64 8.1.2-1
2024-11-04 09:42:46 configure libglib2.0-bin:amd64 2.72.4-0ubuntu2.3 <none>
2024-11-04 09:42:46 status unpacked libglib2.0-bin:amd64 2.72.4-0ubuntu2.3
2024-11-04 09:42:46 status half-configured libglib2.0-bin:amd64 2.72.4-0ubuntu2.3
2024-11-04 09:42:46 status installed libglib2.0-bin:amd64 2.72.4-0ubuntu2.3
2024-11-04 09:42:46 configure libldap-2.5-0:amd64 2.5.18+dfsg-0ubuntu0.22.04.2 <none>
2024-11-04 09:42:46 status unpacked libldap-2.5-0:amd64 2.5.18+dfsg-0ubuntu0.22.04.2
2024-11-04 09:42:46 status half-configured libldap-2.5-0:amd64 2.5.18+dfsg-0ubuntu0.22.04.2
2024-11-04 09:42:46 status installed libldap-2.5-0:amd64 2.5.18+dfsg-0ubuntu0.22.04.2
2024-11-04 09:42:46 configure libpython3.10-stdlib:amd64 3.10.12-1~22.04.6 <none>
2024-11-04 09:42:46 status unpacked libpython3.10-stdlib:amd64 3.10.12-1~22.04.6
2024-11-04 09:42:46 status half-configured libpython3.10-stdlib:amd64 3.10.12-1~22.04.6
2024-11-04 09:42:46 status installed libpython3.10-stdlib:amd64 3.10.12-1~22.04.6
2024-11-04 09:42:46 configure gir1.2-glib-2.0:amd64 1.72.0-1 <none>
2024-11-04 09:42:46 status unpacked gir1.2-glib-2.0:amd64 1.72.0-1
2024-11-04 09:42:46 status half-configured gir1.2-glib-2.0:amd64 1.72.0-1
2024-11-04 09:42:46 status installed gir1.2-glib-2.0:amd64 1.72.0-1
2024-11-04 09:42:46 configure gpgconf:amd64 2.2.27-3ubuntu2.1 <none>
2024-11-04 09:42:46 status unpacked gpgconf:amd64 2.2.27-3ubuntu2.1
2024-11-04 09:42:46 status half-configured gpgconf:amd64 2.2.27-3ubuntu2.1
2024-11-04 09:42:46 status installed gpgconf:amd64 2.2.27-3ubuntu2.1
2024-11-04 09:42:46 configure libpolkit-agent-1-0:amd64 0.105-33 <none>
2024-11-04 09:42:46 status unpacked libpolkit-agent-1-0:amd64 0.105-33
2024-11-04 09:42:47 status half-configured libpolkit-agent-1-0:amd64 0.105-33
2024-11-04 09:42:47 status installed libpolkit-agent-1-0:amd64 0.105-33
2024-11-04 09:42:47 configure libxml2:amd64 2.9.13+dfsg-1ubuntu0.4 <none>
2024-11-04 09:42:47 status unpacked libxml2:amd64 2.9.13+dfsg-1ubuntu0.4
2024-11-04 09:42:47 status half-configured libxml2:amd64 2.9.13+dfsg-1ubuntu0.4
2024-11-04 09:42:47 status installed libxml2:amd64 2.9.13+dfsg-1ubuntu0.4
2024-11-04 09:42:47 configure polkitd:amd64 0.105-33 <none>
2024-11-04 09:42:47 status unpacked polkitd:amd64 0.105-33
2024-11-04 09:42:47 status half-configured polkitd:amd64 0.105-33
2024-11-04 09:42:47 status installed polkitd:amd64 0.105-33
2024-11-04 09:42:47 configure gpg:amd64 2.2.27-3ubuntu2.1 <none>
2024-11-04 09:42:47 status unpacked gpg:amd64 2.2.27-3ubuntu2.1
2024-11-04 09:42:47 status half-configured gpg:amd64 2.2.27-3ubuntu2.1
2024-11-04 09:42:47 status installed gpg:amd64 2.2.27-3ubuntu2.1
2024-11-04 09:42:47 configure libgstreamer1.0-0:amd64 1.20.3-0ubuntu1 <none>
2024-11-04 09:42:47 status unpacked libgstreamer1.0-0:amd64 1.20.3-0ubuntu1
2024-11-04 09:42:47 status half-configured libgstreamer1.0-0:amd64 1.20.3-0ubuntu1
2024-11-04 09:42:47 status installed libgstreamer1.0-0:amd64 1.20.3-0ubuntu1
2024-11-04 09:42:47 configure libpython3-stdlib:amd64 3.10.6-1~22.04.1 <none>
2024-11-04 09:42:47 status unpacked libpython3-stdlib:amd64 3.10.6-1~22.04.1
2024-11-04 09:42:47 status half-configured libpython3-stdlib:amd64 3.10.6-1~22.04.1
2024-11-04 09:42:47 status installed libpython3-stdlib:amd64 3.10.6-1~22.04.1
2024-11-04 09:42:47 configure python3.10:amd64 3.10.12-1~22.04.6 <none>
2024-11-04 09:42:47 status unpacked python3.10:amd64 3.10.12-1~22.04.6
2024-11-04 09:42:47 status half-configured python3.10:amd64 3.10.12-1~22.04.6
2024-11-04 09:42:48 status installed python3.10:amd64 3.10.12-1~22.04.6
2024-11-04 09:42:48 configure pkexec:amd64 0.105-33 <none>
2024-11-04 09:42:48 status unpacked pkexec:amd64 0.105-33
2024-11-04 09:42:48 status half-configured pkexec:amd64 0.105-33
2024-11-04 09:42:48 status installed pkexec:amd64 0.105-33
2024-11-04 09:42:48 configure libcurl3-gnutls:amd64 7.81.0-1ubuntu1.18 <none>
2024-11-04 09:42:48 status unpacked libcurl3-gnutls:amd64 7.81.0-1ubuntu1.18
2024-11-04 09:42:48 status half-configured libcurl3-gnutls:amd64 7.81.0-1ubuntu1.18
2024-11-04 09:42:48 status installed libcurl3-gnutls:amd64 7.81.0-1ubuntu1.18
2024-11-04 09:42:48 configure python3:amd64 3.10.6-1~22.04.1 <none>
2024-11-04 09:42:48 status unpacked python3:amd64 3.10.6-1~22.04.1
2024-11-04 09:42:48 status half-configured python3:amd64 3.10.6-1~22.04.1
2024-11-04 09:42:48 status installed python3:amd64 3.10.6-1~22.04.1
2024-11-04 09:42:48 configure libappstream4:amd64 0.15.2-2 <none>
2024-11-04 09:42:48 status unpacked libappstream4:amd64 0.15.2-2
2024-11-04 09:42:48 status half-configured libappstream4:amd64 0.15.2-2
2024-11-04 09:42:48 status installed libappstream4:amd64 0.15.2-2
2024-11-04 09:42:48 configure python3-six:all 1.16.0-3ubuntu1 <none>
2024-11-04 09:42:48 status unpacked python3-six:all 1.16.0-3ubuntu1
2024-11-04 09:42:48 status half-configured python3-six:all 1.16.0-3ubuntu1
2024-11-04 09:42:48 status installed python3-six:all 1.16.0-3ubuntu1
2024-11-04 09:42:48 configure gir1.2-packagekitglib-1.0:amd64 1.2.5-2ubuntu2 <none>
2024-11-04 09:42:48 status unpacked gir1.2-packagekitglib-1.0:amd64 1.2.5-2ubuntu2
2024-11-04 09:42:48 status half-configured gir1.2-packagekitglib-1.0:amd64 1.2.5-2ubuntu2
2024-11-04 09:42:48 status installed gir1.2-packagekitglib-1.0:amd64 1.2.5-2ubuntu2
2024-11-04 09:42:48 configure python3-pyparsing:all 2.4.7-1 <none>
2024-11-04 09:42:48 status unpacked python3-pyparsing:all 2.4.7-1
2024-11-04 09:42:48 status half-configured python3-pyparsing:all 2.4.7-1
2024-11-04 09:42:48 status installed python3-pyparsing:all 2.4.7-1
2024-11-04 09:42:48 configure python3-gi:amd64 3.42.1-0ubuntu1 <none>
2024-11-04 09:42:48 status unpacked python3-gi:amd64 3.42.1-0ubuntu1
2024-11-04 09:42:48 status half-configured python3-gi:amd64 3.42.1-0ubuntu1
2024-11-04 09:42:49 status installed python3-gi:amd64 3.42.1-0ubuntu1
2024-11-04 09:42:49 configure python3-jeepney:all 0.7.1-3 <none>
2024-11-04 09:42:49 status unpacked python3-jeepney:all 0.7.1-3
2024-11-04 09:42:49 status half-configured python3-jeepney:all 0.7.1-3
2024-11-04 09:42:49 status installed python3-jeepney:all 0.7.1-3
2024-11-04 09:42:49 configure python3-httplib2:all 0.20.2-2 <none>
2024-11-04 09:42:49 status unpacked python3-httplib2:all 0.20.2-2
2024-11-04 09:42:49 status half-configured python3-httplib2:all 0.20.2-2
2024-11-04 09:42:49 status installed python3-httplib2:all 0.20.2-2
2024-11-04 09:42:49 configure lsb-release:all 11.1.0ubuntu4 <none>
2024-11-04 09:42:49 status unpacked lsb-release:all 11.1.0ubuntu4
2024-11-04 09:42:49 status half-configured lsb-release:all 11.1.0ubuntu4
2024-11-04 09:42:49 status installed lsb-release:all 11.1.0ubuntu4
2024-11-04 09:42:49 configure policykit-1:amd64 0.105-33 <none>
2024-11-04 09:42:49 status unpacked policykit-1:amd64 0.105-33
2024-11-04 09:42:49 status half-configured policykit-1:amd64 0.105-33
2024-11-04 09:42:49 status installed policykit-1:amd64 0.105-33
2024-11-04 09:42:49 configure python3-cffi-backend:amd64 1.15.0-1build2 <none>
2024-11-04 09:42:49 status unpacked python3-cffi-backend:amd64 1.15.0-1build2
2024-11-04 09:42:49 status half-configured python3-cffi-backend:amd64 1.15.0-1build2
2024-11-04 09:42:49 status installed python3-cffi-backend:amd64 1.15.0-1build2
2024-11-04 09:42:49 configure python3-blinker:all 1.4+dfsg1-0.4 <none>
2024-11-04 09:42:49 status unpacked python3-blinker:all 1.4+dfsg1-0.4
2024-11-04 09:42:49 status half-configured python3-blinker:all 1.4+dfsg1-0.4
2024-11-04 09:42:49 status installed python3-blinker:all 1.4+dfsg1-0.4
2024-11-04 09:42:49 configure python3-pkg-resources:all 59.6.0-1.2ubuntu0.22.04.2 <none>
2024-11-04 09:42:49 status unpacked python3-pkg-resources:all 59.6.0-1.2ubuntu0.22.04.2
2024-11-04 09:42:49 status half-configured python3-pkg-resources:all 59.6.0-1.2ubuntu0.22.04.2
2024-11-04 09:42:50 status installed python3-pkg-resources:all 59.6.0-1.2ubuntu0.22.04.2
2024-11-04 09:42:50 configure python3-more-itertools:all 8.10.0-2 <none>
2024-11-04 09:42:50 status unpacked python3-more-itertools:all 8.10.0-2
2024-11-04 09:42:50 status half-configured python3-more-itertools:all 8.10.0-2
2024-11-04 09:42:50 status installed python3-more-itertools:all 8.10.0-2
2024-11-04 09:42:50 configure python3-dbus:amd64 1.2.18-3build1 <none>
2024-11-04 09:42:50 status unpacked python3-dbus:amd64 1.2.18-3build1
2024-11-04 09:42:50 status half-configured python3-dbus:amd64 1.2.18-3build1
2024-11-04 09:42:50 status installed python3-dbus:amd64 1.2.18-3build1
2024-11-04 09:42:50 configure python3-distro:all 1.7.0-1 <none>
2024-11-04 09:42:50 status unpacked python3-distro:all 1.7.0-1
2024-11-04 09:42:50 status half-configured python3-distro:all 1.7.0-1
2024-11-04 09:42:50 status installed python3-distro:all 1.7.0-1
2024-11-04 09:42:50 configure python3-jwt:all 2.3.0-1ubuntu0.2 <none>
2024-11-04 09:42:50 status unpacked python3-jwt:all 2.3.0-1ubuntu0.2
2024-11-04 09:42:50 status half-configured python3-jwt:all 2.3.0-1ubuntu0.2
2024-11-04 09:42:50 status installed python3-jwt:all 2.3.0-1ubuntu0.2
2024-11-04 09:42:50 configure python3-apt:amd64 2.4.0ubuntu4 <none>
2024-11-04 09:42:50 status unpacked python3-apt:amd64 2.4.0ubuntu4
2024-11-04 09:42:50 status half-configured python3-apt:amd64 2.4.0ubuntu4
2024-11-04 09:42:51 status installed python3-apt:amd64 2.4.0ubuntu4
2024-11-04 09:42:51 configure python3-lazr.uri:all 1.0.6-2 <none>
2024-11-04 09:42:51 status unpacked python3-lazr.uri:all 1.0.6-2
2024-11-04 09:42:51 status half-configured python3-lazr.uri:all 1.0.6-2
2024-11-04 09:42:51 status installed python3-lazr.uri:all 1.0.6-2
2024-11-04 09:42:51 configure python3-zipp:all 1.0.0-3ubuntu0.1 <none>
2024-11-04 09:42:51 status unpacked python3-zipp:all 1.0.0-3ubuntu0.1
2024-11-04 09:42:51 status half-configured python3-zipp:all 1.0.0-3ubuntu0.1
2024-11-04 09:42:51 status installed python3-zipp:all 1.0.0-3ubuntu0.1
2024-11-04 09:42:51 configure python3-cryptography:amd64 3.4.8-1ubuntu2.2 <none>
2024-11-04 09:42:51 status unpacked python3-cryptography:amd64 3.4.8-1ubuntu2.2
2024-11-04 09:42:51 status half-configured python3-cryptography:amd64 3.4.8-1ubuntu2.2
2024-11-04 09:42:51 status installed python3-cryptography:amd64 3.4.8-1ubuntu2.2
2024-11-04 09:42:51 configure python3-wadllib:all 1.3.6-1 <none>
2024-11-04 09:42:51 status unpacked python3-wadllib:all 1.3.6-1
2024-11-04 09:42:51 status half-configured python3-wadllib:all 1.3.6-1
2024-11-04 09:42:52 status installed python3-wadllib:all 1.3.6-1
2024-11-04 09:42:52 configure packagekit:amd64 1.2.5-2ubuntu2 <none>
2024-11-04 09:42:52 status unpacked packagekit:amd64 1.2.5-2ubuntu2
2024-11-04 09:42:52 status triggers-pending dbus:amd64 1.12.20-2ubuntu4.1
2024-11-04 09:42:52 status half-configured packagekit:amd64 1.2.5-2ubuntu2
2024-11-04 09:42:52 status installed packagekit:amd64 1.2.5-2ubuntu2
2024-11-04 09:42:52 configure python3-importlib-metadata:all 4.6.4-1 <none>
2024-11-04 09:42:52 status unpacked python3-importlib-metadata:all 4.6.4-1
2024-11-04 09:42:52 status half-configured python3-importlib-metadata:all 4.6.4-1
2024-11-04 09:42:52 status installed python3-importlib-metadata:all 4.6.4-1
2024-11-04 09:42:52 configure python3-oauthlib:all 3.2.0-1ubuntu0.1 <none>
2024-11-04 09:42:52 status unpacked python3-oauthlib:all 3.2.0-1ubuntu0.1
2024-11-04 09:42:52 status half-configured python3-oauthlib:all 3.2.0-1ubuntu0.1
2024-11-04 09:42:52 status installed python3-oauthlib:all 3.2.0-1ubuntu0.1
2024-11-04 09:42:52 configure python3-secretstorage:all 3.3.1-1 <none>
2024-11-04 09:42:52 status unpacked python3-secretstorage:all 3.3.1-1
2024-11-04 09:42:52 status half-configured python3-secretstorage:all 3.3.1-1
2024-11-04 09:42:53 status installed python3-secretstorage:all 3.3.1-1
2024-11-04 09:42:53 configure python3-keyring:all 23.5.0-1 <none>
2024-11-04 09:42:53 status unpacked python3-keyring:all 23.5.0-1
2024-11-04 09:42:53 status half-configured python3-keyring:all 23.5.0-1
2024-11-04 09:42:53 status installed python3-keyring:all 23.5.0-1
2024-11-04 09:42:53 configure python3-lazr.restfulclient:all 0.14.4-1 <none>
2024-11-04 09:42:53 status unpacked python3-lazr.restfulclient:all 0.14.4-1
2024-11-04 09:42:53 status half-configured python3-lazr.restfulclient:all 0.14.4-1
2024-11-04 09:42:53 status installed python3-lazr.restfulclient:all 0.14.4-1
2024-11-04 09:42:53 configure python3-launchpadlib:all 1.10.16-1 <none>
2024-11-04 09:42:53 status unpacked python3-launchpadlib:all 1.10.16-1
2024-11-04 09:42:53 status half-configured python3-launchpadlib:all 1.10.16-1
2024-11-04 09:42:53 status installed python3-launchpadlib:all 1.10.16-1
2024-11-04 09:42:53 configure python3-software-properties:all 0.99.22.9 <none>
2024-11-04 09:42:53 status unpacked python3-software-properties:all 0.99.22.9
2024-11-04 09:42:53 status half-configured python3-software-properties:all 0.99.22.9
2024-11-04 09:42:53 status installed python3-software-properties:all 0.99.22.9
2024-11-04 09:42:53 configure software-properties-common:all 0.99.22.9 <none>
2024-11-04 09:42:53 status unpacked software-properties-common:all 0.99.22.9
2024-11-04 09:42:53 status half-configured software-properties-common:all 0.99.22.9
2024-11-04 09:42:54 status installed software-properties-common:all 0.99.22.9
2024-11-04 09:42:54 trigproc libc-bin:amd64 2.35-0ubuntu3.5 <none>
2024-11-04 09:42:54 status half-configured libc-bin:amd64 2.35-0ubuntu3.5
2024-11-04 09:42:54 status installed libc-bin:amd64 2.35-0ubuntu3.5
2024-11-04 09:42:54 trigproc dbus:amd64 1.12.20-2ubuntu4.1 <none>
2024-11-04 09:42:54 status half-configured dbus:amd64 1.12.20-2ubuntu4.1
2024-11-04 09:42:54 status installed dbus:amd64 1.12.20-2ubuntu4.1
2024-11-04 09:43:10 startup archives unpack
2024-11-04 09:43:10 upgrade libc6:amd64 2.35-0ubuntu3.5 2.35-0ubuntu3.8
2024-11-04 09:43:10 status triggers-pending libc-bin:amd64 2.35-0ubuntu3.5
2024-11-04 09:43:10 status half-configured libc6:amd64 2.35-0ubuntu3.5
2024-11-04 09:43:10 status unpacked libc6:amd64 2.35-0ubuntu3.5
2024-11-04 09:43:10 status half-installed libc6:amd64 2.35-0ubuntu3.5
2024-11-04 09:43:11 status unpacked libc6:amd64 2.35-0ubuntu3.8
2024-11-04 09:43:11 startup packages configure
2024-11-04 09:43:11 configure libc6:amd64 2.35-0ubuntu3.8 <none>
2024-11-04 09:43:11 status unpacked libc6:amd64 2.35-0ubuntu3.8
2024-11-04 09:43:11 status half-configured libc6:amd64 2.35-0ubuntu3.8
2024-11-04 09:43:12 status installed libc6:amd64 2.35-0ubuntu3.8
2024-11-04 09:43:12 startup archives unpack
2024-11-04 09:43:12 upgrade base-files:amd64 12ubuntu4.4 12ubuntu4.7
2024-11-04 09:43:12 status half-configured base-files:amd64 12ubuntu4.4
2024-11-04 09:43:12 status unpacked base-files:amd64 12ubuntu4.4
2024-11-04 09:43:12 status half-installed base-files:amd64 12ubuntu4.4
2024-11-04 09:43:12 status unpacked base-files:amd64 12ubuntu4.7
2024-11-04 09:43:12 startup packages configure
2024-11-04 09:43:12 configure base-files:amd64 12ubuntu4.7 <none>
2024-11-04 09:43:12 status unpacked base-files:amd64 12ubuntu4.7
2024-11-04 09:43:12 status half-configured base-files:amd64 12ubuntu4.7
2024-11-04 09:43:12 status installed base-files:amd64 12ubuntu4.7
2024-11-04 09:43:12 startup archives unpack
2024-11-04 09:43:12 upgrade bash:amd64 5.1-6ubuntu1 5.1-6ubuntu1.1
2024-11-04 09:43:12 status half-configured bash:amd64 5.1-6ubuntu1
2024-11-04 09:43:12 status unpacked bash:amd64 5.1-6ubuntu1
2024-11-04 09:43:12 status half-installed bash:amd64 5.1-6ubuntu1
2024-11-04 09:43:12 status unpacked bash:amd64 5.1-6ubuntu1.1
2024-11-04 09:43:12 startup packages configure
2024-11-04 09:43:12 configure bash:amd64 5.1-6ubuntu1.1 <none>
2024-11-04 09:43:12 status unpacked bash:amd64 5.1-6ubuntu1.1
2024-11-04 09:43:12 status half-configured bash:amd64 5.1-6ubuntu1.1
2024-11-04 09:43:12 status installed bash:amd64 5.1-6ubuntu1.1
2024-11-04 09:43:12 startup archives unpack
2024-11-04 09:43:12 upgrade bsdutils:amd64 1:2.37.2-4ubuntu3 1:2.37.2-4ubuntu3.4
2024-11-04 09:43:12 status half-configured bsdutils:amd64 1:2.37.2-4ubuntu3
2024-11-04 09:43:12 status unpacked bsdutils:amd64 1:2.37.2-4ubuntu3
2024-11-04 09:43:12 status half-installed bsdutils:amd64 1:2.37.2-4ubuntu3
2024-11-04 09:43:13 status unpacked bsdutils:amd64 1:2.37.2-4ubuntu3.4
2024-11-04 09:43:13 startup packages configure
2024-11-04 09:43:13 configure bsdutils:amd64 1:2.37.2-4ubuntu3.4 <none>
2024-11-04 09:43:13 status unpacked bsdutils:amd64 1:2.37.2-4ubuntu3.4
2024-11-04 09:43:13 status half-configured bsdutils:amd64 1:2.37.2-4ubuntu3.4
2024-11-04 09:43:13 status installed bsdutils:amd64 1:2.37.2-4ubuntu3.4
2024-11-04 09:43:13 startup archives unpack
2024-11-04 09:43:13 upgrade coreutils:amd64 8.32-4.1ubuntu1 8.32-4.1ubuntu1.2
2024-11-04 09:43:13 status half-configured coreutils:amd64 8.32-4.1ubuntu1
2024-11-04 09:43:13 status unpacked coreutils:amd64 8.32-4.1ubuntu1
2024-11-04 09:43:13 status half-installed coreutils:amd64 8.32-4.1ubuntu1
2024-11-04 09:43:13 status unpacked coreutils:amd64 8.32-4.1ubuntu1.2
2024-11-04 09:43:13 startup packages configure
2024-11-04 09:43:13 configure coreutils:amd64 8.32-4.1ubuntu1.2 <none>
2024-11-04 09:43:13 status unpacked coreutils:amd64 8.32-4.1ubuntu1.2
2024-11-04 09:43:13 status half-configured coreutils:amd64 8.32-4.1ubuntu1.2
2024-11-04 09:43:13 status installed coreutils:amd64 8.32-4.1ubuntu1.2
2024-11-04 09:43:13 startup archives unpack
2024-11-04 09:43:13 upgrade dpkg:amd64 1.21.1ubuntu2.2 1.21.1ubuntu2.3
2024-11-04 09:43:13 status half-configured dpkg:amd64 1.21.1ubuntu2.2
2024-11-04 09:43:13 status unpacked dpkg:amd64 1.21.1ubuntu2.2
2024-11-04 09:43:13 status half-installed dpkg:amd64 1.21.1ubuntu2.2
2024-11-04 09:43:14 status unpacked dpkg:amd64 1.21.1ubuntu2.3
2024-11-04 09:43:14 startup packages configure
2024-11-04 09:43:14 configure dpkg:amd64 1.21.1ubuntu2.3 <none>
2024-11-04 09:43:14 status unpacked dpkg:amd64 1.21.1ubuntu2.3
2024-11-04 09:43:14 status half-configured dpkg:amd64 1.21.1ubuntu2.3
2024-11-04 09:43:14 status installed dpkg:amd64 1.21.1ubuntu2.3
2024-11-04 09:43:14 startup archives unpack
2024-11-04 09:43:14 upgrade login:amd64 1:4.8.1-2ubuntu2.1 1:4.8.1-2ubuntu2.2
2024-11-04 09:43:14 status half-configured login:amd64 1:4.8.1-2ubuntu2.1
2024-11-04 09:43:14 status unpacked login:amd64 1:4.8.1-2ubuntu2.1
2024-11-04 09:43:14 status half-installed login:amd64 1:4.8.1-2ubuntu2.1
2024-11-04 09:43:14 status unpacked login:amd64 1:4.8.1-2ubuntu2.2
2024-11-04 09:43:14 startup packages configure
2024-11-04 09:43:14 configure login:amd64 1:4.8.1-2ubuntu2.2 <none>
2024-11-04 09:43:14 status unpacked login:amd64 1:4.8.1-2ubuntu2.2
2024-11-04 09:43:14 status half-configured login:amd64 1:4.8.1-2ubuntu2.2
2024-11-04 09:43:14 status installed login:amd64 1:4.8.1-2ubuntu2.2
2024-11-04 09:43:14 startup archives unpack
2024-11-04 09:43:14 upgrade util-linux:amd64 2.37.2-4ubuntu3 2.37.2-4ubuntu3.4
2024-11-04 09:43:14 status half-configured util-linux:amd64 2.37.2-4ubuntu3
2024-11-04 09:43:14 status unpacked util-linux:amd64 2.37.2-4ubuntu3
2024-11-04 09:43:14 status half-installed util-linux:amd64 2.37.2-4ubuntu3
2024-11-04 09:43:15 status unpacked util-linux:amd64 2.37.2-4ubuntu3.4
2024-11-04 09:43:15 startup packages configure
2024-11-04 09:43:15 configure util-linux:amd64 2.37.2-4ubuntu3.4 <none>
2024-11-04 09:43:15 status unpacked util-linux:amd64 2.37.2-4ubuntu3.4
2024-11-04 09:43:15 status half-configured util-linux:amd64 2.37.2-4ubuntu3.4
2024-11-04 09:43:15 status installed util-linux:amd64 2.37.2-4ubuntu3.4
2024-11-04 09:43:15 startup archives unpack
2024-11-04 09:43:15 upgrade libc-bin:amd64 2.35-0ubuntu3.5 2.35-0ubuntu3.8
2024-11-04 09:43:15 status half-configured libc-bin:amd64 2.35-0ubuntu3.5
2024-11-04 09:43:15 status unpacked libc-bin:amd64 2.35-0ubuntu3.5
2024-11-04 09:43:15 status half-installed libc-bin:amd64 2.35-0ubuntu3.5
2024-11-04 09:43:15 status unpacked libc-bin:amd64 2.35-0ubuntu3.8
2024-11-04 09:43:15 startup packages configure
2024-11-04 09:43:15 configure libc-bin:amd64 2.35-0ubuntu3.8 <none>
2024-11-04 09:43:15 status unpacked libc-bin:amd64 2.35-0ubuntu3.8
2024-11-04 09:43:15 status half-configured libc-bin:amd64 2.35-0ubuntu3.8
2024-11-04 09:43:15 status installed libc-bin:amd64 2.35-0ubuntu3.8
2024-11-04 09:43:15 startup archives unpack
2024-11-04 09:43:15 upgrade libpam0g:amd64 1.4.0-11ubuntu2.3 1.4.0-11ubuntu2.4
2024-11-04 09:43:15 status triggers-pending libc-bin:amd64 2.35-0ubuntu3.8
2024-11-04 09:43:15 status half-configured libpam0g:amd64 1.4.0-11ubuntu2.3
2024-11-04 09:43:15 status unpacked libpam0g:amd64 1.4.0-11ubuntu2.3
2024-11-04 09:43:15 status half-installed libpam0g:amd64 1.4.0-11ubuntu2.3
2024-11-04 09:43:15 status unpacked libpam0g:amd64 1.4.0-11ubuntu2.4
2024-11-04 09:43:15 startup packages configure
2024-11-04 09:43:15 configure libpam0g:amd64 1.4.0-11ubuntu2.4 <none>
2024-11-04 09:43:15 status unpacked libpam0g:amd64 1.4.0-11ubuntu2.4
2024-11-04 09:43:15 status half-configured libpam0g:amd64 1.4.0-11ubuntu2.4
2024-11-04 09:43:16 status installed libpam0g:amd64 1.4.0-11ubuntu2.4
2024-11-04 09:43:16 startup archives unpack
2024-11-04 09:43:16 upgrade libpam-modules-bin:amd64 1.4.0-11ubuntu2.3 1.4.0-11ubuntu2.4
2024-11-04 09:43:16 status half-configured libpam-modules-bin:amd64 1.4.0-11ubuntu2.3
2024-11-04 09:43:16 status unpacked libpam-modules-bin:amd64 1.4.0-11ubuntu2.3
2024-11-04 09:43:16 status half-installed libpam-modules-bin:amd64 1.4.0-11ubuntu2.3
2024-11-04 09:43:16 status unpacked libpam-modules-bin:amd64 1.4.0-11ubuntu2.4
2024-11-04 09:43:16 startup packages configure
2024-11-04 09:43:16 configure libpam-modules-bin:amd64 1.4.0-11ubuntu2.4 <none>
2024-11-04 09:43:16 status unpacked libpam-modules-bin:amd64 1.4.0-11ubuntu2.4
2024-11-04 09:43:16 status half-configured libpam-modules-bin:amd64 1.4.0-11ubuntu2.4
2024-11-04 09:43:16 status installed libpam-modules-bin:amd64 1.4.0-11ubuntu2.4
2024-11-04 09:43:16 startup archives unpack
2024-11-04 09:43:16 upgrade libpam-modules:amd64 1.4.0-11ubuntu2.3 1.4.0-11ubuntu2.4
2024-11-04 09:43:16 status half-configured libpam-modules:amd64 1.4.0-11ubuntu2.3
2024-11-04 09:43:16 status unpacked libpam-modules:amd64 1.4.0-11ubuntu2.3
2024-11-04 09:43:16 status half-installed libpam-modules:amd64 1.4.0-11ubuntu2.3
2024-11-04 09:43:16 status unpacked libpam-modules:amd64 1.4.0-11ubuntu2.4
2024-11-04 09:43:16 startup packages configure
2024-11-04 09:43:16 configure libpam-modules:amd64 1.4.0-11ubuntu2.4 <none>
2024-11-04 09:43:16 status unpacked libpam-modules:amd64 1.4.0-11ubuntu2.4
2024-11-04 09:43:16 status half-configured libpam-modules:amd64 1.4.0-11ubuntu2.4
2024-11-04 09:43:16 status installed libpam-modules:amd64 1.4.0-11ubuntu2.4
2024-11-04 09:43:16 startup archives unpack
2024-11-04 09:43:16 upgrade logsave:amd64 1.46.5-2ubuntu1.1 1.46.5-2ubuntu1.2
2024-11-04 09:43:16 status half-configured logsave:amd64 1.46.5-2ubuntu1.1
2024-11-04 09:43:16 status unpacked logsave:amd64 1.46.5-2ubuntu1.1
2024-11-04 09:43:16 status half-installed logsave:amd64 1.46.5-2ubuntu1.1
2024-11-04 09:43:16 status unpacked logsave:amd64 1.46.5-2ubuntu1.2
2024-11-04 09:43:16 upgrade libext2fs2:amd64 1.46.5-2ubuntu1.1 1.46.5-2ubuntu1.2
2024-11-04 09:43:16 status half-configured libext2fs2:amd64 1.46.5-2ubuntu1.1
2024-11-04 09:43:16 status unpacked libext2fs2:amd64 1.46.5-2ubuntu1.1
2024-11-04 09:43:16 status half-installed libext2fs2:amd64 1.46.5-2ubuntu1.1
2024-11-04 09:43:16 status unpacked libext2fs2:amd64 1.46.5-2ubuntu1.2
2024-11-04 09:43:16 startup packages configure
2024-11-04 09:43:16 configure libext2fs2:amd64 1.46.5-2ubuntu1.2 <none>
2024-11-04 09:43:16 status unpacked libext2fs2:amd64 1.46.5-2ubuntu1.2
2024-11-04 09:43:16 status half-configured libext2fs2:amd64 1.46.5-2ubuntu1.2
2024-11-04 09:43:16 status installed libext2fs2:amd64 1.46.5-2ubuntu1.2
2024-11-04 09:43:16 startup archives unpack
2024-11-04 09:43:17 upgrade e2fsprogs:amd64 1.46.5-2ubuntu1.1 1.46.5-2ubuntu1.2
2024-11-04 09:43:17 status half-configured e2fsprogs:amd64 1.46.5-2ubuntu1.1
2024-11-04 09:43:17 status unpacked e2fsprogs:amd64 1.46.5-2ubuntu1.1
2024-11-04 09:43:17 status half-installed e2fsprogs:amd64 1.46.5-2ubuntu1.1
2024-11-04 09:43:17 status unpacked e2fsprogs:amd64 1.46.5-2ubuntu1.2
2024-11-04 09:43:17 upgrade mount:amd64 2.37.2-4ubuntu3 2.37.2-4ubuntu3.4
2024-11-04 09:43:17 status half-configured mount:amd64 2.37.2-4ubuntu3
2024-11-04 09:43:17 status unpacked mount:amd64 2.37.2-4ubuntu3
2024-11-04 09:43:17 status half-installed mount:amd64 2.37.2-4ubuntu3
2024-11-04 09:43:17 status unpacked mount:amd64 2.37.2-4ubuntu3.4
2024-11-04 09:43:17 upgrade libblkid1:amd64 2.37.2-4ubuntu3 2.37.2-4ubuntu3.4
2024-11-04 09:43:17 status half-configured libblkid1:amd64 2.37.2-4ubuntu3
2024-11-04 09:43:17 status unpacked libblkid1:amd64 2.37.2-4ubuntu3
2024-11-04 09:43:17 status half-installed libblkid1:amd64 2.37.2-4ubuntu3
2024-11-04 09:43:17 status unpacked libblkid1:amd64 2.37.2-4ubuntu3.4
2024-11-04 09:43:17 startup packages configure
2024-11-04 09:43:17 configure libblkid1:amd64 2.37.2-4ubuntu3.4 <none>
2024-11-04 09:43:17 status unpacked libblkid1:amd64 2.37.2-4ubuntu3.4
2024-11-04 09:43:17 status half-configured libblkid1:amd64 2.37.2-4ubuntu3.4
2024-11-04 09:43:17 status installed libblkid1:amd64 2.37.2-4ubuntu3.4
2024-11-04 09:43:17 startup archives unpack
2024-11-04 09:43:17 upgrade libcom-err2:amd64 1.46.5-2ubuntu1.1 1.46.5-2ubuntu1.2
2024-11-04 09:43:17 status half-configured libcom-err2:amd64 1.46.5-2ubuntu1.1
2024-11-04 09:43:17 status unpacked libcom-err2:amd64 1.46.5-2ubuntu1.1
2024-11-04 09:43:17 status half-installed libcom-err2:amd64 1.46.5-2ubuntu1.1
2024-11-04 09:43:17 status unpacked libcom-err2:amd64 1.46.5-2ubuntu1.2
2024-11-04 09:43:17 startup packages configure
2024-11-04 09:43:17 configure libcom-err2:amd64 1.46.5-2ubuntu1.2 <none>
2024-11-04 09:43:17 status unpacked libcom-err2:amd64 1.46.5-2ubuntu1.2
2024-11-04 09:43:17 status half-configured libcom-err2:amd64 1.46.5-2ubuntu1.2
2024-11-04 09:43:17 status installed libcom-err2:amd64 1.46.5-2ubuntu1.2
2024-11-04 09:43:17 startup archives unpack
2024-11-04 09:43:17 upgrade libk5crypto3:amd64 1.19.2-2ubuntu0.3 1.19.2-2ubuntu0.4
2024-11-04 09:43:17 status half-configured libk5crypto3:amd64 1.19.2-2ubuntu0.3
2024-11-04 09:43:17 status unpacked libk5crypto3:amd64 1.19.2-2ubuntu0.3
2024-11-04 09:43:17 status half-installed libk5crypto3:amd64 1.19.2-2ubuntu0.3
2024-11-04 09:43:17 status unpacked libk5crypto3:amd64 1.19.2-2ubuntu0.4
2024-11-04 09:43:17 startup packages configure
2024-11-04 09:43:17 configure libk5crypto3:amd64 1.19.2-2ubuntu0.4 <none>
2024-11-04 09:43:17 status unpacked libk5crypto3:amd64 1.19.2-2ubuntu0.4
2024-11-04 09:43:17 status half-configured libk5crypto3:amd64 1.19.2-2ubuntu0.4
2024-11-04 09:43:17 status installed libk5crypto3:amd64 1.19.2-2ubuntu0.4
2024-11-04 09:43:17 startup archives unpack
2024-11-04 09:43:17 upgrade libkrb5support0:amd64 1.19.2-2ubuntu0.3 1.19.2-2ubuntu0.4
2024-11-04 09:43:17 status half-configured libkrb5support0:amd64 1.19.2-2ubuntu0.3
2024-11-04 09:43:17 status unpacked libkrb5support0:amd64 1.19.2-2ubuntu0.3
2024-11-04 09:43:17 status half-installed libkrb5support0:amd64 1.19.2-2ubuntu0.3
2024-11-04 09:43:17 status unpacked libkrb5support0:amd64 1.19.2-2ubuntu0.4
2024-11-04 09:43:17 startup packages configure
2024-11-04 09:43:17 configure libkrb5support0:amd64 1.19.2-2ubuntu0.4 <none>
2024-11-04 09:43:17 status unpacked libkrb5support0:amd64 1.19.2-2ubuntu0.4
2024-11-04 09:43:17 status half-configured libkrb5support0:amd64 1.19.2-2ubuntu0.4
2024-11-04 09:43:17 status installed libkrb5support0:amd64 1.19.2-2ubuntu0.4
2024-11-04 09:43:17 startup archives unpack
2024-11-04 09:43:17 upgrade libkrb5-3:amd64 1.19.2-2ubuntu0.3 1.19.2-2ubuntu0.4
2024-11-04 09:43:17 status half-configured libkrb5-3:amd64 1.19.2-2ubuntu0.3
2024-11-04 09:43:17 status unpacked libkrb5-3:amd64 1.19.2-2ubuntu0.3
2024-11-04 09:43:17 status half-installed libkrb5-3:amd64 1.19.2-2ubuntu0.3
2024-11-04 09:43:17 status unpacked libkrb5-3:amd64 1.19.2-2ubuntu0.4
2024-11-04 09:43:18 startup packages configure
2024-11-04 09:43:18 configure libkrb5-3:amd64 1.19.2-2ubuntu0.4 <none>
2024-11-04 09:43:18 status unpacked libkrb5-3:amd64 1.19.2-2ubuntu0.4
2024-11-04 09:43:18 status half-configured libkrb5-3:amd64 1.19.2-2ubuntu0.4
2024-11-04 09:43:18 status installed libkrb5-3:amd64 1.19.2-2ubuntu0.4
2024-11-04 09:43:18 startup archives unpack
2024-11-04 09:43:18 upgrade libgssapi-krb5-2:amd64 1.19.2-2ubuntu0.3 1.19.2-2ubuntu0.4
2024-11-04 09:43:18 status half-configured libgssapi-krb5-2:amd64 1.19.2-2ubuntu0.3
2024-11-04 09:43:18 status unpacked libgssapi-krb5-2:amd64 1.19.2-2ubuntu0.3
2024-11-04 09:43:18 status half-installed libgssapi-krb5-2:amd64 1.19.2-2ubuntu0.3
2024-11-04 09:43:18 status unpacked libgssapi-krb5-2:amd64 1.19.2-2ubuntu0.4
2024-11-04 09:43:18 startup packages configure
2024-11-04 09:43:18 configure libgssapi-krb5-2:amd64 1.19.2-2ubuntu0.4 <none>
2024-11-04 09:43:18 status unpacked libgssapi-krb5-2:amd64 1.19.2-2ubuntu0.4
2024-11-04 09:43:18 status half-configured libgssapi-krb5-2:amd64 1.19.2-2ubuntu0.4
2024-11-04 09:43:18 status installed libgssapi-krb5-2:amd64 1.19.2-2ubuntu0.4
2024-11-04 09:43:18 startup archives unpack
2024-11-04 09:43:18 upgrade libssl3:amd64 3.0.2-0ubuntu1.12 3.0.2-0ubuntu1.18
2024-11-04 09:43:18 status half-configured libssl3:amd64 3.0.2-0ubuntu1.12
2024-11-04 09:43:18 status unpacked libssl3:amd64 3.0.2-0ubuntu1.12
2024-11-04 09:43:18 status half-installed libssl3:amd64 3.0.2-0ubuntu1.12
2024-11-04 09:43:18 status unpacked libssl3:amd64 3.0.2-0ubuntu1.18
2024-11-04 09:43:18 startup packages configure
2024-11-04 09:43:18 configure libssl3:amd64 3.0.2-0ubuntu1.18 <none>
2024-11-04 09:43:18 status unpacked libssl3:amd64 3.0.2-0ubuntu1.18
2024-11-04 09:43:18 status half-configured libssl3:amd64 3.0.2-0ubuntu1.18
2024-11-04 09:43:18 status installed libssl3:amd64 3.0.2-0ubuntu1.18
2024-11-04 09:43:18 startup archives unpack
2024-11-04 09:43:18 upgrade libmount1:amd64 2.37.2-4ubuntu3 2.37.2-4ubuntu3.4
2024-11-04 09:43:18 status half-configured libmount1:amd64 2.37.2-4ubuntu3
2024-11-04 09:43:18 status unpacked libmount1:amd64 2.37.2-4ubuntu3
2024-11-04 09:43:18 status half-installed libmount1:amd64 2.37.2-4ubuntu3
2024-11-04 09:43:18 status unpacked libmount1:amd64 2.37.2-4ubuntu3.4
2024-11-04 09:43:18 startup packages configure
2024-11-04 09:43:18 configure libmount1:amd64 2.37.2-4ubuntu3.4 <none>
2024-11-04 09:43:18 status unpacked libmount1:amd64 2.37.2-4ubuntu3.4
2024-11-04 09:43:18 status half-configured libmount1:amd64 2.37.2-4ubuntu3.4
2024-11-04 09:43:18 status installed libmount1:amd64 2.37.2-4ubuntu3.4
2024-11-04 09:43:18 startup archives unpack
2024-11-04 09:43:18 upgrade libpam-runtime:all 1.4.0-11ubuntu2.3 1.4.0-11ubuntu2.4
2024-11-04 09:43:18 status half-configured libpam-runtime:all 1.4.0-11ubuntu2.3
2024-11-04 09:43:18 status unpacked libpam-runtime:all 1.4.0-11ubuntu2.3
2024-11-04 09:43:18 status half-installed libpam-runtime:all 1.4.0-11ubuntu2.3
2024-11-04 09:43:18 status unpacked libpam-runtime:all 1.4.0-11ubuntu2.4
2024-11-04 09:43:18 startup packages configure
2024-11-04 09:43:18 configure libpam-runtime:all 1.4.0-11ubuntu2.4 <none>
2024-11-04 09:43:18 status unpacked libpam-runtime:all 1.4.0-11ubuntu2.4
2024-11-04 09:43:18 status half-configured libpam-runtime:all 1.4.0-11ubuntu2.4
2024-11-04 09:43:19 status installed libpam-runtime:all 1.4.0-11ubuntu2.4
2024-11-04 09:43:19 startup archives unpack
2024-11-04 09:43:19 upgrade libsmartcols1:amd64 2.37.2-4ubuntu3 2.37.2-4ubuntu3.4
2024-11-04 09:43:19 status half-configured libsmartcols1:amd64 2.37.2-4ubuntu3
2024-11-04 09:43:19 status unpacked libsmartcols1:amd64 2.37.2-4ubuntu3
2024-11-04 09:43:19 status half-installed libsmartcols1:amd64 2.37.2-4ubuntu3
2024-11-04 09:43:19 status unpacked libsmartcols1:amd64 2.37.2-4ubuntu3.4
2024-11-04 09:43:19 startup packages configure
2024-11-04 09:43:19 configure libsmartcols1:amd64 2.37.2-4ubuntu3.4 <none>
2024-11-04 09:43:19 status unpacked libsmartcols1:amd64 2.37.2-4ubuntu3.4
2024-11-04 09:43:19 status half-configured libsmartcols1:amd64 2.37.2-4ubuntu3.4
2024-11-04 09:43:19 status installed libsmartcols1:amd64 2.37.2-4ubuntu3.4
2024-11-04 09:43:19 startup archives unpack
2024-11-04 09:43:19 upgrade libudev1:amd64 249.11-0ubuntu3.11 249.11-0ubuntu3.12
2024-11-04 09:43:19 status half-configured libudev1:amd64 249.11-0ubuntu3.11
2024-11-04 09:43:19 status unpacked libudev1:amd64 249.11-0ubuntu3.11
2024-11-04 09:43:19 status half-installed libudev1:amd64 249.11-0ubuntu3.11
2024-11-04 09:43:19 status unpacked libudev1:amd64 249.11-0ubuntu3.12
2024-11-04 09:43:19 startup packages configure
2024-11-04 09:43:19 configure libudev1:amd64 249.11-0ubuntu3.12 <none>
2024-11-04 09:43:19 status unpacked libudev1:amd64 249.11-0ubuntu3.12
2024-11-04 09:43:19 status half-configured libudev1:amd64 249.11-0ubuntu3.12
2024-11-04 09:43:19 status installed libudev1:amd64 249.11-0ubuntu3.12
2024-11-04 09:43:19 startup archives unpack
2024-11-04 09:43:19 upgrade libuuid1:amd64 2.37.2-4ubuntu3 2.37.2-4ubuntu3.4
2024-11-04 09:43:19 status half-configured libuuid1:amd64 2.37.2-4ubuntu3
2024-11-04 09:43:19 status unpacked libuuid1:amd64 2.37.2-4ubuntu3
2024-11-04 09:43:19 status half-installed libuuid1:amd64 2.37.2-4ubuntu3
2024-11-04 09:43:19 status unpacked libuuid1:amd64 2.37.2-4ubuntu3.4
2024-11-04 09:43:19 startup packages configure
2024-11-04 09:43:19 configure libuuid1:amd64 2.37.2-4ubuntu3.4 <none>
2024-11-04 09:43:19 status unpacked libuuid1:amd64 2.37.2-4ubuntu3.4
2024-11-04 09:43:19 status half-configured libuuid1:amd64 2.37.2-4ubuntu3.4
2024-11-04 09:43:19 status installed libuuid1:amd64 2.37.2-4ubuntu3.4
2024-11-04 09:43:19 startup archives unpack
2024-11-04 09:43:19 upgrade passwd:amd64 1:4.8.1-2ubuntu2.1 1:4.8.1-2ubuntu2.2
2024-11-04 09:43:19 status half-configured passwd:amd64 1:4.8.1-2ubuntu2.1
2024-11-04 09:43:19 status unpacked passwd:amd64 1:4.8.1-2ubuntu2.1
2024-11-04 09:43:19 status half-installed passwd:amd64 1:4.8.1-2ubuntu2.1
2024-11-04 09:43:19 status unpacked passwd:amd64 1:4.8.1-2ubuntu2.2
2024-11-04 09:43:19 startup packages configure
2024-11-04 09:43:19 configure passwd:amd64 1:4.8.1-2ubuntu2.2 <none>
2024-11-04 09:43:19 status unpacked passwd:amd64 1:4.8.1-2ubuntu2.2
2024-11-04 09:43:19 status half-configured passwd:amd64 1:4.8.1-2ubuntu2.2
2024-11-04 09:43:19 status installed passwd:amd64 1:4.8.1-2ubuntu2.2
2024-11-04 09:43:19 startup archives unpack
2024-11-04 09:43:20 upgrade libgnutls30:amd64 3.7.3-4ubuntu1.3 3.7.3-4ubuntu1.5
2024-11-04 09:43:20 status half-configured libgnutls30:amd64 3.7.3-4ubuntu1.3
2024-11-04 09:43:20 status unpacked libgnutls30:amd64 3.7.3-4ubuntu1.3
2024-11-04 09:43:20 status half-installed libgnutls30:amd64 3.7.3-4ubuntu1.3
2024-11-04 09:43:20 status unpacked libgnutls30:amd64 3.7.3-4ubuntu1.5
2024-11-04 09:43:20 startup packages configure
2024-11-04 09:43:20 configure libgnutls30:amd64 3.7.3-4ubuntu1.5 <none>
2024-11-04 09:43:20 status unpacked libgnutls30:amd64 3.7.3-4ubuntu1.5
2024-11-04 09:43:20 status half-configured libgnutls30:amd64 3.7.3-4ubuntu1.5
2024-11-04 09:43:20 status installed libgnutls30:amd64 3.7.3-4ubuntu1.5
2024-11-04 09:43:20 startup archives unpack
2024-11-04 09:43:20 upgrade libss2:amd64 1.46.5-2ubuntu1.1 1.46.5-2ubuntu1.2
2024-11-04 09:43:20 status half-configured libss2:amd64 1.46.5-2ubuntu1.1
2024-11-04 09:43:20 status unpacked libss2:amd64 1.46.5-2ubuntu1.1
2024-11-04 09:43:20 status half-installed libss2:amd64 1.46.5-2ubuntu1.1
2024-11-04 09:43:20 status unpacked libss2:amd64 1.46.5-2ubuntu1.2
2024-11-04 09:43:20 startup packages configure
2024-11-04 09:43:20 configure libss2:amd64 1.46.5-2ubuntu1.2 <none>
2024-11-04 09:43:20 status unpacked libss2:amd64 1.46.5-2ubuntu1.2
2024-11-04 09:43:20 status half-configured libss2:amd64 1.46.5-2ubuntu1.2
2024-11-04 09:43:20 status installed libss2:amd64 1.46.5-2ubuntu1.2
2024-11-04 09:43:20 configure logsave:amd64 1.46.5-2ubuntu1.2 <none>
2024-11-04 09:43:20 status unpacked logsave:amd64 1.46.5-2ubuntu1.2
2024-11-04 09:43:20 status half-configured logsave:amd64 1.46.5-2ubuntu1.2
2024-11-04 09:43:20 status installed logsave:amd64 1.46.5-2ubuntu1.2
2024-11-04 09:43:20 configure mount:amd64 2.37.2-4ubuntu3.4 <none>
2024-11-04 09:43:20 status unpacked mount:amd64 2.37.2-4ubuntu3.4
2024-11-04 09:43:20 status half-configured mount:amd64 2.37.2-4ubuntu3.4
2024-11-04 09:43:20 status installed mount:amd64 2.37.2-4ubuntu3.4
2024-11-04 09:43:20 configure e2fsprogs:amd64 1.46.5-2ubuntu1.2 <none>
2024-11-04 09:43:20 status unpacked e2fsprogs:amd64 1.46.5-2ubuntu1.2
2024-11-04 09:43:20 status half-configured e2fsprogs:amd64 1.46.5-2ubuntu1.2
2024-11-04 09:43:20 status installed e2fsprogs:amd64 1.46.5-2ubuntu1.2
2024-11-04 09:43:20 trigproc libc-bin:amd64 2.35-0ubuntu3.8 <none>
2024-11-04 09:43:20 status half-configured libc-bin:amd64 2.35-0ubuntu3.8
2024-11-04 09:43:20 status installed libc-bin:amd64 2.35-0ubuntu3.8
2024-11-04 09:43:28 startup archives unpack
2024-11-04 09:43:28 install locales:all <none> 2.35-0ubuntu3.8
2024-11-04 09:43:28 status half-installed locales:all 2.35-0ubuntu3.8
2024-11-04 09:43:28 status unpacked locales:all 2.35-0ubuntu3.8
2024-11-04 09:43:28 install language-pack-en-base:all <none> 1:22.04+20240902
2024-11-04 09:43:28 status half-installed language-pack-en-base:all 1:22.04+20240902
2024-11-04 09:43:28 status unpacked language-pack-en-base:all 1:22.04+20240902
2024-11-04 09:43:28 install language-pack-en:all <none> 1:22.04+20240902
2024-11-04 09:43:28 status half-installed language-pack-en:all 1:22.04+20240902
2024-11-04 09:43:28 status unpacked language-pack-en:all 1:22.04+20240902
2024-11-04 09:43:28 startup packages configure
2024-11-04 09:43:28 configure locales:all 2.35-0ubuntu3.8 <none>
2024-11-04 09:43:28 status unpacked locales:all 2.35-0ubuntu3.8
2024-11-04 09:43:28 status half-configured locales:all 2.35-0ubuntu3.8
2024-11-04 09:44:09 status installed locales:all 2.35-0ubuntu3.8
2024-11-04 09:44:09 configure language-pack-en:all 1:22.04+20240902 <none>
2024-11-04 09:44:09 status unpacked language-pack-en:all 1:22.04+20240902
2024-11-04 09:44:09 status half-configured language-pack-en:all 1:22.04+20240902
2024-11-04 09:44:09 status installed language-pack-en:all 1:22.04+20240902
2024-11-04 09:44:09 configure language-pack-en-base:all 1:22.04+20240902 <none>
2024-11-04 09:44:09 status unpacked language-pack-en-base:all 1:22.04+20240902
2024-11-04 09:44:09 status half-configured language-pack-en-base:all 1:22.04+20240902
2024-11-04 09:44:10 status installed language-pack-en-base:all 1:22.04+20240902
2024-11-04 09:44:19 startup archives unpack
2024-11-04 09:44:19 install sysuser-helper:all <none> 1.3.7+really1.4.1
2024-11-04 09:44:19 status half-installed sysuser-helper:all 1.3.7+really1.4.1
2024-11-04 09:44:19 status unpacked sysuser-helper:all 1.3.7+really1.4.1
2024-11-04 09:44:19 install runit:amd64 <none> 2.1.2-44ubuntu2
2024-11-04 09:44:19 status half-installed runit:amd64 2.1.2-44ubuntu2
2024-11-04 09:44:19 status unpacked runit:amd64 2.1.2-44ubuntu2
2024-11-04 09:44:19 startup packages configure
2024-11-04 09:44:19 configure sysuser-helper:all 1.3.7+really1.4.1 <none>
2024-11-04 09:44:19 status unpacked sysuser-helper:all 1.3.7+really1.4.1
2024-11-04 09:44:19 status half-configured sysuser-helper:all 1.3.7+really1.4.1
2024-11-04 09:44:19 status installed sysuser-helper:all 1.3.7+really1.4.1
2024-11-04 09:44:19 configure runit:amd64 2.1.2-44ubuntu2 <none>
2024-11-04 09:44:19 status unpacked runit:amd64 2.1.2-44ubuntu2
2024-11-04 09:44:19 status half-configured runit:amd64 2.1.2-44ubuntu2
2024-11-04 09:44:20 status installed runit:amd64 2.1.2-44ubuntu2
2024-11-04 09:44:26 startup archives unpack
2024-11-04 09:44:26 install libnet1:amd64 <none> 1.1.6+dfsg-3.1build3
2024-11-04 09:44:26 status triggers-pending libc-bin:amd64 2.35-0ubuntu3.8
2024-11-04 09:44:26 status half-installed libnet1:amd64 1.1.6+dfsg-3.1build3
2024-11-04 09:44:26 status unpacked libnet1:amd64 1.1.6+dfsg-3.1build3
2024-11-04 09:44:26 install libwrap0:amd64 <none> 7.6.q-31build2
2024-11-04 09:44:26 status half-installed libwrap0:amd64 7.6.q-31build2
2024-11-04 09:44:26 status unpacked libwrap0:amd64 7.6.q-31build2
2024-11-04 09:44:26 install libivykis0:amd64 <none> 0.42.4-1
2024-11-04 09:44:26 status half-installed libivykis0:amd64 0.42.4-1
2024-11-04 09:44:26 status unpacked libivykis0:amd64 0.42.4-1
2024-11-04 09:44:26 install syslog-ng-core:amd64 <none> 3.35.1-1
2024-11-04 09:44:26 status half-installed syslog-ng-core:amd64 3.35.1-1
2024-11-04 09:44:26 status unpacked syslog-ng-core:amd64 3.35.1-1
2024-11-04 09:44:26 startup packages configure
2024-11-04 09:44:26 configure libnet1:amd64 1.1.6+dfsg-3.1build3 <none>
2024-11-04 09:44:26 status unpacked libnet1:amd64 1.1.6+dfsg-3.1build3
2024-11-04 09:44:26 status half-configured libnet1:amd64 1.1.6+dfsg-3.1build3
2024-11-04 09:44:26 status installed libnet1:amd64 1.1.6+dfsg-3.1build3
2024-11-04 09:44:26 configure libwrap0:amd64 7.6.q-31build2 <none>
2024-11-04 09:44:26 status unpacked libwrap0:amd64 7.6.q-31build2
2024-11-04 09:44:26 status half-configured libwrap0:amd64 7.6.q-31build2
2024-11-04 09:44:26 status installed libwrap0:amd64 7.6.q-31build2
2024-11-04 09:44:26 configure libivykis0:amd64 0.42.4-1 <none>
2024-11-04 09:44:26 status unpacked libivykis0:amd64 0.42.4-1
2024-11-04 09:44:27 status half-configured libivykis0:amd64 0.42.4-1
2024-11-04 09:44:27 status installed libivykis0:amd64 0.42.4-1
2024-11-04 09:44:27 configure syslog-ng-core:amd64 3.35.1-1 <none>
2024-11-04 09:44:27 status unpacked syslog-ng-core:amd64 3.35.1-1
2024-11-04 09:44:27 status half-configured syslog-ng-core:amd64 3.35.1-1
2024-11-04 09:44:27 status installed syslog-ng-core:amd64 3.35.1-1
2024-11-04 09:44:27 trigproc libc-bin:amd64 2.35-0ubuntu3.8 <none>
2024-11-04 09:44:27 status half-configured libc-bin:amd64 2.35-0ubuntu3.8
2024-11-04 09:44:27 status installed libc-bin:amd64 2.35-0ubuntu3.8
2024-11-04 09:44:32 startup archives unpack
2024-11-04 09:44:32 install libpopt0:amd64 <none> 1.18-3build1
2024-11-04 09:44:32 status triggers-pending libc-bin:amd64 2.35-0ubuntu3.8
2024-11-04 09:44:32 status half-installed libpopt0:amd64 1.18-3build1
2024-11-04 09:44:32 status unpacked libpopt0:amd64 1.18-3build1
2024-11-04 09:44:32 install logrotate:amd64 <none> 3.19.0-1ubuntu1.1
2024-11-04 09:44:32 status half-installed logrotate:amd64 3.19.0-1ubuntu1.1
2024-11-04 09:44:32 status unpacked logrotate:amd64 3.19.0-1ubuntu1.1
2024-11-04 09:44:32 startup packages configure
2024-11-04 09:44:32 configure libpopt0:amd64 1.18-3build1 <none>
2024-11-04 09:44:32 status unpacked libpopt0:amd64 1.18-3build1
2024-11-04 09:44:32 status half-configured libpopt0:amd64 1.18-3build1
2024-11-04 09:44:32 status installed libpopt0:amd64 1.18-3build1
2024-11-04 09:44:32 configure logrotate:amd64 3.19.0-1ubuntu1.1 <none>
2024-11-04 09:44:32 status unpacked logrotate:amd64 3.19.0-1ubuntu1.1
2024-11-04 09:44:32 status half-configured logrotate:amd64 3.19.0-1ubuntu1.1
2024-11-04 09:44:33 status installed logrotate:amd64 3.19.0-1ubuntu1.1
2024-11-04 09:44:33 trigproc libc-bin:amd64 2.35-0ubuntu3.8 <none>
2024-11-04 09:44:33 status half-configured libc-bin:amd64 2.35-0ubuntu3.8
2024-11-04 09:44:33 status installed libc-bin:amd64 2.35-0ubuntu3.8
2024-11-04 09:44:37 startup archives unpack
2024-11-04 09:44:37 install cron:amd64 <none> 3.0pl1-137ubuntu3
2024-11-04 09:44:37 status half-installed cron:amd64 3.0pl1-137ubuntu3
2024-11-04 09:44:37 status unpacked cron:amd64 3.0pl1-137ubuntu3
2024-11-04 09:44:37 startup packages configure
2024-11-04 09:44:37 configure cron:amd64 3.0pl1-137ubuntu3 <none>
2024-11-04 09:44:37 status unpacked cron:amd64 3.0pl1-137ubuntu3
2024-11-04 09:44:37 status half-configured cron:amd64 3.0pl1-137ubuntu3
2024-11-04 09:44:38 status installed cron:amd64 3.0pl1-137ubuntu3
2024-11-04 09:44:47 startup archives unpack
2024-11-04 09:44:47 install less:amd64 <none> 590-1ubuntu0.22.04.3
2024-11-04 09:44:47 status half-installed less:amd64 590-1ubuntu0.22.04.3
2024-11-04 09:44:47 status unpacked less:amd64 590-1ubuntu0.22.04.3
2024-11-04 09:44:47 install xxd:amd64 <none> 2:8.2.3995-1ubuntu2.19
2024-11-04 09:44:47 status half-installed xxd:amd64 2:8.2.3995-1ubuntu2.19
2024-11-04 09:44:47 status unpacked xxd:amd64 2:8.2.3995-1ubuntu2.19
2024-11-04 09:44:47 install vim-common:all <none> 2:8.2.3995-1ubuntu2.19
2024-11-04 09:44:47 status half-installed vim-common:all 2:8.2.3995-1ubuntu2.19
2024-11-04 09:44:47 status unpacked vim-common:all 2:8.2.3995-1ubuntu2.19
2024-11-04 09:44:47 install vim-tiny:amd64 <none> 2:8.2.3995-1ubuntu2.19
2024-11-04 09:44:47 status half-installed vim-tiny:amd64 2:8.2.3995-1ubuntu2.19
2024-11-04 09:44:47 status unpacked vim-tiny:amd64 2:8.2.3995-1ubuntu2.19
2024-11-04 09:44:47 install psmisc:amd64 <none> 23.4-2build3
2024-11-04 09:44:47 status half-installed psmisc:amd64 23.4-2build3
2024-11-04 09:44:47 status unpacked psmisc:amd64 23.4-2build3
2024-11-04 09:44:48 install libcurl4:amd64 <none> 7.81.0-1ubuntu1.18
2024-11-04 09:44:48 status triggers-pending libc-bin:amd64 2.35-0ubuntu3.8
2024-11-04 09:44:48 status half-installed libcurl4:amd64 7.81.0-1ubuntu1.18
2024-11-04 09:44:48 status unpacked libcurl4:amd64 7.81.0-1ubuntu1.18
2024-11-04 09:44:48 install curl:amd64 <none> 7.81.0-1ubuntu1.18
2024-11-04 09:44:48 status half-installed curl:amd64 7.81.0-1ubuntu1.18
2024-11-04 09:44:48 status unpacked curl:amd64 7.81.0-1ubuntu1.18
2024-11-04 09:44:48 install libksba8:amd64 <none> 1.6.0-2ubuntu0.2
2024-11-04 09:44:48 status half-installed libksba8:amd64 1.6.0-2ubuntu0.2
2024-11-04 09:44:48 status unpacked libksba8:amd64 1.6.0-2ubuntu0.2
2024-11-04 09:44:48 install libnpth0:amd64 <none> 1.6-3build2
2024-11-04 09:44:48 status half-installed libnpth0:amd64 1.6-3build2
2024-11-04 09:44:48 status unpacked libnpth0:amd64 1.6-3build2
2024-11-04 09:44:48 install dirmngr:amd64 <none> 2.2.27-3ubuntu2.1
2024-11-04 09:44:48 status half-installed dirmngr:amd64 2.2.27-3ubuntu2.1
2024-11-04 09:44:48 status unpacked dirmngr:amd64 2.2.27-3ubuntu2.1
2024-11-04 09:44:48 install pinentry-curses:amd64 <none> 1.1.1-1build2
2024-11-04 09:44:48 status half-installed pinentry-curses:amd64 1.1.1-1build2
2024-11-04 09:44:48 status unpacked pinentry-curses:amd64 1.1.1-1build2
2024-11-04 09:44:48 install gpg-agent:amd64 <none> 2.2.27-3ubuntu2.1
2024-11-04 09:44:48 status half-installed gpg-agent:amd64 2.2.27-3ubuntu2.1
2024-11-04 09:44:48 status unpacked gpg-agent:amd64 2.2.27-3ubuntu2.1
2024-11-04 09:44:48 startup packages configure
2024-11-04 09:44:48 configure libksba8:amd64 1.6.0-2ubuntu0.2 <none>
2024-11-04 09:44:48 status unpacked libksba8:amd64 1.6.0-2ubuntu0.2
2024-11-04 09:44:48 status half-configured libksba8:amd64 1.6.0-2ubuntu0.2
2024-11-04 09:44:48 status installed libksba8:amd64 1.6.0-2ubuntu0.2
2024-11-04 09:44:48 configure pinentry-curses:amd64 1.1.1-1build2 <none>
2024-11-04 09:44:48 status unpacked pinentry-curses:amd64 1.1.1-1build2
2024-11-04 09:44:48 status half-configured pinentry-curses:amd64 1.1.1-1build2
2024-11-04 09:44:48 status installed pinentry-curses:amd64 1.1.1-1build2
2024-11-04 09:44:48 configure psmisc:amd64 23.4-2build3 <none>
2024-11-04 09:44:48 status unpacked psmisc:amd64 23.4-2build3
2024-11-04 09:44:48 status half-configured psmisc:amd64 23.4-2build3
2024-11-04 09:44:48 status installed psmisc:amd64 23.4-2build3
2024-11-04 09:44:48 configure less:amd64 590-1ubuntu0.22.04.3 <none>
2024-11-04 09:44:48 status unpacked less:amd64 590-1ubuntu0.22.04.3
2024-11-04 09:44:48 status half-configured less:amd64 590-1ubuntu0.22.04.3
2024-11-04 09:44:48 status installed less:amd64 590-1ubuntu0.22.04.3
2024-11-04 09:44:48 configure libnpth0:amd64 1.6-3build2 <none>
2024-11-04 09:44:48 status unpacked libnpth0:amd64 1.6-3build2
2024-11-04 09:44:48 status half-configured libnpth0:amd64 1.6-3build2
2024-11-04 09:44:48 status installed libnpth0:amd64 1.6-3build2
2024-11-04 09:44:48 configure xxd:amd64 2:8.2.3995-1ubuntu2.19 <none>
2024-11-04 09:44:48 status unpacked xxd:amd64 2:8.2.3995-1ubuntu2.19
2024-11-04 09:44:48 status half-configured xxd:amd64 2:8.2.3995-1ubuntu2.19
2024-11-04 09:44:48 status installed xxd:amd64 2:8.2.3995-1ubuntu2.19
2024-11-04 09:44:48 configure dirmngr:amd64 2.2.27-3ubuntu2.1 <none>
2024-11-04 09:44:48 status unpacked dirmngr:amd64 2.2.27-3ubuntu2.1
2024-11-04 09:44:48 status half-configured dirmngr:amd64 2.2.27-3ubuntu2.1
2024-11-04 09:44:48 status installed dirmngr:amd64 2.2.27-3ubuntu2.1
2024-11-04 09:44:48 configure vim-common:all 2:8.2.3995-1ubuntu2.19 <none>
2024-11-04 09:44:48 status unpacked vim-common:all 2:8.2.3995-1ubuntu2.19
2024-11-04 09:44:48 status half-configured vim-common:all 2:8.2.3995-1ubuntu2.19
2024-11-04 09:44:48 status installed vim-common:all 2:8.2.3995-1ubuntu2.19
2024-11-04 09:44:48 configure libcurl4:amd64 7.81.0-1ubuntu1.18 <none>
2024-11-04 09:44:48 status unpacked libcurl4:amd64 7.81.0-1ubuntu1.18
2024-11-04 09:44:48 status half-configured libcurl4:amd64 7.81.0-1ubuntu1.18
2024-11-04 09:44:48 status installed libcurl4:amd64 7.81.0-1ubuntu1.18
2024-11-04 09:44:48 configure curl:amd64 7.81.0-1ubuntu1.18 <none>
2024-11-04 09:44:48 status unpacked curl:amd64 7.81.0-1ubuntu1.18
2024-11-04 09:44:48 status half-configured curl:amd64 7.81.0-1ubuntu1.18
2024-11-04 09:44:48 status installed curl:amd64 7.81.0-1ubuntu1.18
2024-11-04 09:44:48 configure gpg-agent:amd64 2.2.27-3ubuntu2.1 <none>
2024-11-04 09:44:48 status unpacked gpg-agent:amd64 2.2.27-3ubuntu2.1
2024-11-04 09:44:48 status half-configured gpg-agent:amd64 2.2.27-3ubuntu2.1
2024-11-04 09:44:49 status installed gpg-agent:amd64 2.2.27-3ubuntu2.1
2024-11-04 09:44:49 configure vim-tiny:amd64 2:8.2.3995-1ubuntu2.19 <none>
2024-11-04 09:44:49 status unpacked vim-tiny:amd64 2:8.2.3995-1ubuntu2.19
2024-11-04 09:44:49 status half-configured vim-tiny:amd64 2:8.2.3995-1ubuntu2.19
2024-11-04 09:44:49 status installed vim-tiny:amd64 2:8.2.3995-1ubuntu2.19
2024-11-04 09:44:49 trigproc libc-bin:amd64 2.35-0ubuntu3.8 <none>
2024-11-04 09:44:49 status half-configured libc-bin:amd64 2.35-0ubuntu3.8
2024-11-04 09:44:49 status installed libc-bin:amd64 2.35-0ubuntu3.8
2024-11-04 09:46:25 startup archives unpack
2024-11-04 09:46:25 install perl-modules-5.34:all <none> 5.34.0-3ubuntu1.3
2024-11-04 09:46:25 status half-installed perl-modules-5.34:all 5.34.0-3ubuntu1.3
2024-11-04 09:46:26 status unpacked perl-modules-5.34:all 5.34.0-3ubuntu1.3
2024-11-04 09:46:26 install libgdbm6:amd64 <none> 1.23-1
2024-11-04 09:46:26 status triggers-pending libc-bin:amd64 2.35-0ubuntu3.8
2024-11-04 09:46:26 status half-installed libgdbm6:amd64 1.23-1
2024-11-04 09:46:26 status unpacked libgdbm6:amd64 1.23-1
2024-11-04 09:46:26 install libgdbm-compat4:amd64 <none> 1.23-1
2024-11-04 09:46:26 status half-installed libgdbm-compat4:amd64 1.23-1
2024-11-04 09:46:26 status unpacked libgdbm-compat4:amd64 1.23-1
2024-11-04 09:46:26 install libperl5.34:amd64 <none> 5.34.0-3ubuntu1.3
2024-11-04 09:46:26 status half-installed libperl5.34:amd64 5.34.0-3ubuntu1.3
2024-11-04 09:46:26 status unpacked libperl5.34:amd64 5.34.0-3ubuntu1.3
2024-11-04 09:46:26 install perl:amd64 <none> 5.34.0-3ubuntu1.3
2024-11-04 09:46:26 status half-installed perl:amd64 5.34.0-3ubuntu1.3
2024-11-04 09:46:26 status unpacked perl:amd64 5.34.0-3ubuntu1.3
2024-11-04 09:46:26 install libmd0:amd64 <none> 1.0.4-1build1
2024-11-04 09:46:26 status half-installed libmd0:amd64 1.0.4-1build1
2024-11-04 09:46:26 status unpacked libmd0:amd64 1.0.4-1build1
2024-11-04 09:46:27 install libbsd0:amd64 <none> 0.11.5-1
2024-11-04 09:46:27 status half-installed libbsd0:amd64 0.11.5-1
2024-11-04 09:46:27 status unpacked libbsd0:amd64 0.11.5-1
2024-11-04 09:46:27 install netbase:all <none> 6.3
2024-11-04 09:46:27 status half-installed netbase:all 6.3
2024-11-04 09:46:27 status unpacked netbase:all 6.3
2024-11-04 09:46:27 install libcbor0.8:amd64 <none> 0.8.0-2ubuntu1
2024-11-04 09:46:27 status half-installed libcbor0.8:amd64 0.8.0-2ubuntu1
2024-11-04 09:46:27 status unpacked libcbor0.8:amd64 0.8.0-2ubuntu1
2024-11-04 09:46:27 install libedit2:amd64 <none> 3.1-20210910-1build1
2024-11-04 09:46:27 status half-installed libedit2:amd64 3.1-20210910-1build1
2024-11-04 09:46:27 status unpacked libedit2:amd64 3.1-20210910-1build1
2024-11-04 09:46:27 install libfido2-1:amd64 <none> 1.10.0-1
2024-11-04 09:46:27 status half-installed libfido2-1:amd64 1.10.0-1
2024-11-04 09:46:27 status unpacked libfido2-1:amd64 1.10.0-1
2024-11-04 09:46:27 install libxau6:amd64 <none> 1:1.0.9-1build5
2024-11-04 09:46:27 status half-installed libxau6:amd64 1:1.0.9-1build5
2024-11-04 09:46:27 status unpacked libxau6:amd64 1:1.0.9-1build5
2024-11-04 09:46:27 install libxdmcp6:amd64 <none> 1:1.1.3-0ubuntu5
2024-11-04 09:46:27 status half-installed libxdmcp6:amd64 1:1.1.3-0ubuntu5
2024-11-04 09:46:27 status unpacked libxdmcp6:amd64 1:1.1.3-0ubuntu5
2024-11-04 09:46:27 install libxcb1:amd64 <none> 1.14-3ubuntu3
2024-11-04 09:46:27 status half-installed libxcb1:amd64 1.14-3ubuntu3
2024-11-04 09:46:27 status unpacked libxcb1:amd64 1.14-3ubuntu3
2024-11-04 09:46:27 install libx11-data:all <none> 2:1.7.5-1ubuntu0.3
2024-11-04 09:46:27 status half-installed libx11-data:all 2:1.7.5-1ubuntu0.3
2024-11-04 09:46:27 status unpacked libx11-data:all 2:1.7.5-1ubuntu0.3
2024-11-04 09:46:27 install libx11-6:amd64 <none> 2:1.7.5-1ubuntu0.3
2024-11-04 09:46:27 status half-installed libx11-6:amd64 2:1.7.5-1ubuntu0.3
2024-11-04 09:46:27 status unpacked libx11-6:amd64 2:1.7.5-1ubuntu0.3
2024-11-04 09:46:27 install libxext6:amd64 <none> 2:1.3.4-1build1
2024-11-04 09:46:27 status half-installed libxext6:amd64 2:1.3.4-1build1
2024-11-04 09:46:27 status unpacked libxext6:amd64 2:1.3.4-1build1
2024-11-04 09:46:27 install libxmuu1:amd64 <none> 2:1.1.3-3
2024-11-04 09:46:27 status half-installed libxmuu1:amd64 2:1.1.3-3
2024-11-04 09:46:27 status unpacked libxmuu1:amd64 2:1.1.3-3
2024-11-04 09:46:27 install openssh-client:amd64 <none> 1:8.9p1-3ubuntu0.10
2024-11-04 09:46:27 status half-installed openssh-client:amd64 1:8.9p1-3ubuntu0.10
2024-11-04 09:46:27 status unpacked openssh-client:amd64 1:8.9p1-3ubuntu0.10
2024-11-04 09:46:27 install wget:amd64 <none> 1.21.2-2ubuntu1.1
2024-11-04 09:46:27 status half-installed wget:amd64 1.21.2-2ubuntu1.1
2024-11-04 09:46:27 status unpacked wget:amd64 1.21.2-2ubuntu1.1
2024-11-04 09:46:27 install xauth:amd64 <none> 1:1.1-1build2
2024-11-04 09:46:27 status half-installed xauth:amd64 1:1.1-1build2
2024-11-04 09:46:27 status unpacked xauth:amd64 1:1.1-1build2
2024-11-04 09:46:27 install liberror-perl:all <none> 0.17029-1
2024-11-04 09:46:27 status half-installed liberror-perl:all 0.17029-1
2024-11-04 09:46:27 status unpacked liberror-perl:all 0.17029-1
2024-11-04 09:46:28 install git-man:all <none> 1:2.34.1-1ubuntu1.11
2024-11-04 09:46:28 status half-installed git-man:all 1:2.34.1-1ubuntu1.11
2024-11-04 09:46:28 status unpacked git-man:all 1:2.34.1-1ubuntu1.11
2024-11-04 09:46:28 install git:amd64 <none> 1:2.34.1-1ubuntu1.11
2024-11-04 09:46:28 status half-installed git:amd64 1:2.34.1-1ubuntu1.11
2024-11-04 09:46:28 status unpacked git:amd64 1:2.34.1-1ubuntu1.11
2024-11-04 09:46:28 install libnl-3-200:amd64 <none> 3.5.0-0.1
2024-11-04 09:46:28 status half-installed libnl-3-200:amd64 3.5.0-0.1
2024-11-04 09:46:28 status unpacked libnl-3-200:amd64 3.5.0-0.1
2024-11-04 09:46:28 install libnl-genl-3-200:amd64 <none> 3.5.0-0.1
2024-11-04 09:46:28 status half-installed libnl-genl-3-200:amd64 3.5.0-0.1
2024-11-04 09:46:28 status unpacked libnl-genl-3-200:amd64 3.5.0-0.1
2024-11-04 09:46:28 install htop:amd64 <none> 3.0.5-7build2
2024-11-04 09:46:28 status half-installed htop:amd64 3.0.5-7build2
2024-11-04 09:46:28 status unpacked htop:amd64 3.0.5-7build2
2024-11-04 09:46:28 install libgpm2:amd64 <none> 1.20.7-10build1
2024-11-04 09:46:28 status half-installed libgpm2:amd64 1.20.7-10build1
2024-11-04 09:46:28 status unpacked libgpm2:amd64 1.20.7-10build1
2024-11-04 09:46:28 install libpython3.10:amd64 <none> 3.10.12-1~22.04.6
2024-11-04 09:46:28 status half-installed libpython3.10:amd64 3.10.12-1~22.04.6
2024-11-04 09:46:28 status unpacked libpython3.10:amd64 3.10.12-1~22.04.6
2024-11-04 09:46:28 install libsodium23:amd64 <none> 1.0.18-1build2
2024-11-04 09:46:28 status half-installed libsodium23:amd64 1.0.18-1build2
2024-11-04 09:46:28 status unpacked libsodium23:amd64 1.0.18-1build2
2024-11-04 09:46:28 install net-tools:amd64 <none> 1.60+git20181103.0eebece-1ubuntu5
2024-11-04 09:46:28 status half-installed net-tools:amd64 1.60+git20181103.0eebece-1ubuntu5
2024-11-04 09:46:28 status unpacked net-tools:amd64 1.60+git20181103.0eebece-1ubuntu5
2024-11-04 09:46:28 install patch:amd64 <none> 2.7.6-7build2
2024-11-04 09:46:28 status half-installed patch:amd64 2.7.6-7build2
2024-11-04 09:46:28 status unpacked patch:amd64 2.7.6-7build2
2024-11-04 09:46:28 install unzip:amd64 <none> 6.0-26ubuntu3.2
2024-11-04 09:46:28 status half-installed unzip:amd64 6.0-26ubuntu3.2
2024-11-04 09:46:28 status unpacked unzip:amd64 6.0-26ubuntu3.2
2024-11-04 09:46:28 install vim-runtime:all <none> 2:8.2.3995-1ubuntu2.19
2024-11-04 09:46:28 status half-installed vim-runtime:all 2:8.2.3995-1ubuntu2.19
2024-11-04 09:46:29 status unpacked vim-runtime:all 2:8.2.3995-1ubuntu2.19
2024-11-04 09:46:29 install vim:amd64 <none> 2:8.2.3995-1ubuntu2.19
2024-11-04 09:46:29 status half-installed vim:amd64 2:8.2.3995-1ubuntu2.19
2024-11-04 09:46:29 status unpacked vim:amd64 2:8.2.3995-1ubuntu2.19
2024-11-04 09:46:29 startup packages configure
2024-11-04 09:46:29 configure libpython3.10:amd64 3.10.12-1~22.04.6 <none>
2024-11-04 09:46:29 status unpacked libpython3.10:amd64 3.10.12-1~22.04.6
2024-11-04 09:46:29 status half-configured libpython3.10:amd64 3.10.12-1~22.04.6
2024-11-04 09:46:29 status installed libpython3.10:amd64 3.10.12-1~22.04.6
2024-11-04 09:46:29 configure libxau6:amd64 1:1.0.9-1build5 <none>
2024-11-04 09:46:29 status unpacked libxau6:amd64 1:1.0.9-1build5
2024-11-04 09:46:29 status half-configured libxau6:amd64 1:1.0.9-1build5
2024-11-04 09:46:29 status installed libxau6:amd64 1:1.0.9-1build5
2024-11-04 09:46:29 configure net-tools:amd64 1.60+git20181103.0eebece-1ubuntu5 <none>
2024-11-04 09:46:29 status unpacked net-tools:amd64 1.60+git20181103.0eebece-1ubuntu5
2024-11-04 09:46:29 status half-configured net-tools:amd64 1.60+git20181103.0eebece-1ubuntu5
2024-11-04 09:46:29 status installed net-tools:amd64 1.60+git20181103.0eebece-1ubuntu5
2024-11-04 09:46:29 configure libsodium23:amd64 1.0.18-1build2 <none>
2024-11-04 09:46:29 status unpacked libsodium23:amd64 1.0.18-1build2
2024-11-04 09:46:29 status half-configured libsodium23:amd64 1.0.18-1build2
2024-11-04 09:46:29 status installed libsodium23:amd64 1.0.18-1build2
2024-11-04 09:46:29 configure libgpm2:amd64 1.20.7-10build1 <none>
2024-11-04 09:46:29 status unpacked libgpm2:amd64 1.20.7-10build1
2024-11-04 09:46:29 status half-configured libgpm2:amd64 1.20.7-10build1
2024-11-04 09:46:29 status installed libgpm2:amd64 1.20.7-10build1
2024-11-04 09:46:29 configure wget:amd64 1.21.2-2ubuntu1.1 <none>
2024-11-04 09:46:29 status unpacked wget:amd64 1.21.2-2ubuntu1.1
2024-11-04 09:46:29 status half-configured wget:amd64 1.21.2-2ubuntu1.1
2024-11-04 09:46:29 status installed wget:amd64 1.21.2-2ubuntu1.1
2024-11-04 09:46:29 configure unzip:amd64 6.0-26ubuntu3.2 <none>
2024-11-04 09:46:29 status unpacked unzip:amd64 6.0-26ubuntu3.2
2024-11-04 09:46:29 status half-configured unzip:amd64 6.0-26ubuntu3.2
2024-11-04 09:46:29 status installed unzip:amd64 6.0-26ubuntu3.2
2024-11-04 09:46:29 configure libcbor0.8:amd64 0.8.0-2ubuntu1 <none>
2024-11-04 09:46:29 status unpacked libcbor0.8:amd64 0.8.0-2ubuntu1
2024-11-04 09:46:29 status half-configured libcbor0.8:amd64 0.8.0-2ubuntu1
2024-11-04 09:46:29 status installed libcbor0.8:amd64 0.8.0-2ubuntu1
2024-11-04 09:46:29 configure perl-modules-5.34:all 5.34.0-3ubuntu1.3 <none>
2024-11-04 09:46:29 status unpacked perl-modules-5.34:all 5.34.0-3ubuntu1.3
2024-11-04 09:46:29 status half-configured perl-modules-5.34:all 5.34.0-3ubuntu1.3
2024-11-04 09:46:29 status installed perl-modules-5.34:all 5.34.0-3ubuntu1.3
2024-11-04 09:46:29 configure libx11-data:all 2:1.7.5-1ubuntu0.3 <none>
2024-11-04 09:46:29 status unpacked libx11-data:all 2:1.7.5-1ubuntu0.3
2024-11-04 09:46:29 status half-configured libx11-data:all 2:1.7.5-1ubuntu0.3
2024-11-04 09:46:29 status installed libx11-data:all 2:1.7.5-1ubuntu0.3
2024-11-04 09:46:29 configure patch:amd64 2.7.6-7build2 <none>
2024-11-04 09:46:29 status unpacked patch:amd64 2.7.6-7build2
2024-11-04 09:46:29 status half-configured patch:amd64 2.7.6-7build2
2024-11-04 09:46:29 status installed patch:amd64 2.7.6-7build2
2024-11-04 09:46:29 configure libmd0:amd64 1.0.4-1build1 <none>
2024-11-04 09:46:29 status unpacked libmd0:amd64 1.0.4-1build1
2024-11-04 09:46:29 status half-configured libmd0:amd64 1.0.4-1build1
2024-11-04 09:46:29 status installed libmd0:amd64 1.0.4-1build1
2024-11-04 09:46:29 configure libnl-3-200:amd64 3.5.0-0.1 <none>
2024-11-04 09:46:29 status unpacked libnl-3-200:amd64 3.5.0-0.1
2024-11-04 09:46:29 status half-configured libnl-3-200:amd64 3.5.0-0.1
2024-11-04 09:46:29 status installed libnl-3-200:amd64 3.5.0-0.1
2024-11-04 09:46:29 configure git-man:all 1:2.34.1-1ubuntu1.11 <none>
2024-11-04 09:46:29 status unpacked git-man:all 1:2.34.1-1ubuntu1.11
2024-11-04 09:46:29 status half-configured git-man:all 1:2.34.1-1ubuntu1.11
2024-11-04 09:46:29 status installed git-man:all 1:2.34.1-1ubuntu1.11
2024-11-04 09:46:29 configure netbase:all 6.3 <none>
2024-11-04 09:46:29 status unpacked netbase:all 6.3
2024-11-04 09:46:30 status half-configured netbase:all 6.3
2024-11-04 09:46:30 status installed netbase:all 6.3
2024-11-04 09:46:30 configure vim-runtime:all 2:8.2.3995-1ubuntu2.19 <none>
2024-11-04 09:46:30 status unpacked vim-runtime:all 2:8.2.3995-1ubuntu2.19
2024-11-04 09:46:30 status half-configured vim-runtime:all 2:8.2.3995-1ubuntu2.19
2024-11-04 09:46:30 status installed vim-runtime:all 2:8.2.3995-1ubuntu2.19
2024-11-04 09:46:30 configure libfido2-1:amd64 1.10.0-1 <none>
2024-11-04 09:46:30 status unpacked libfido2-1:amd64 1.10.0-1
2024-11-04 09:46:30 status half-configured libfido2-1:amd64 1.10.0-1
2024-11-04 09:46:30 status installed libfido2-1:amd64 1.10.0-1
2024-11-04 09:46:30 configure libbsd0:amd64 0.11.5-1 <none>
2024-11-04 09:46:30 status unpacked libbsd0:amd64 0.11.5-1
2024-11-04 09:46:30 status half-configured libbsd0:amd64 0.11.5-1
2024-11-04 09:46:30 status installed libbsd0:amd64 0.11.5-1
2024-11-04 09:46:30 configure libgdbm6:amd64 1.23-1 <none>
2024-11-04 09:46:30 status unpacked libgdbm6:amd64 1.23-1
2024-11-04 09:46:30 status half-configured libgdbm6:amd64 1.23-1
2024-11-04 09:46:30 status installed libgdbm6:amd64 1.23-1
2024-11-04 09:46:30 configure libxdmcp6:amd64 1:1.1.3-0ubuntu5 <none>
2024-11-04 09:46:30 status unpacked libxdmcp6:amd64 1:1.1.3-0ubuntu5
2024-11-04 09:46:30 status half-configured libxdmcp6:amd64 1:1.1.3-0ubuntu5
2024-11-04 09:46:30 status installed libxdmcp6:amd64 1:1.1.3-0ubuntu5
2024-11-04 09:46:30 configure libxcb1:amd64 1.14-3ubuntu3 <none>
2024-11-04 09:46:30 status unpacked libxcb1:amd64 1.14-3ubuntu3
2024-11-04 09:46:30 status half-configured libxcb1:amd64 1.14-3ubuntu3
2024-11-04 09:46:30 status installed libxcb1:amd64 1.14-3ubuntu3
2024-11-04 09:46:30 configure vim:amd64 2:8.2.3995-1ubuntu2.19 <none>
2024-11-04 09:46:30 status unpacked vim:amd64 2:8.2.3995-1ubuntu2.19
2024-11-04 09:46:30 status half-configured vim:amd64 2:8.2.3995-1ubuntu2.19
2024-11-04 09:46:30 status installed vim:amd64 2:8.2.3995-1ubuntu2.19
2024-11-04 09:46:30 configure libedit2:amd64 3.1-20210910-1build1 <none>
2024-11-04 09:46:30 status unpacked libedit2:amd64 3.1-20210910-1build1
2024-11-04 09:46:30 status half-configured libedit2:amd64 3.1-20210910-1build1
2024-11-04 09:46:30 status installed libedit2:amd64 3.1-20210910-1build1
2024-11-04 09:46:30 configure libgdbm-compat4:amd64 1.23-1 <none>
2024-11-04 09:46:30 status unpacked libgdbm-compat4:amd64 1.23-1
2024-11-04 09:46:30 status half-configured libgdbm-compat4:amd64 1.23-1
2024-11-04 09:46:30 status installed libgdbm-compat4:amd64 1.23-1
2024-11-04 09:46:30 configure libnl-genl-3-200:amd64 3.5.0-0.1 <none>
2024-11-04 09:46:30 status unpacked libnl-genl-3-200:amd64 3.5.0-0.1
2024-11-04 09:46:30 status half-configured libnl-genl-3-200:amd64 3.5.0-0.1
2024-11-04 09:46:30 status installed libnl-genl-3-200:amd64 3.5.0-0.1
2024-11-04 09:46:30 configure libx11-6:amd64 2:1.7.5-1ubuntu0.3 <none>
2024-11-04 09:46:30 status unpacked libx11-6:amd64 2:1.7.5-1ubuntu0.3
2024-11-04 09:46:30 status half-configured libx11-6:amd64 2:1.7.5-1ubuntu0.3
2024-11-04 09:46:30 status installed libx11-6:amd64 2:1.7.5-1ubuntu0.3
2024-11-04 09:46:30 configure libxmuu1:amd64 2:1.1.3-3 <none>
2024-11-04 09:46:30 status unpacked libxmuu1:amd64 2:1.1.3-3
2024-11-04 09:46:30 status half-configured libxmuu1:amd64 2:1.1.3-3
2024-11-04 09:46:30 status installed libxmuu1:amd64 2:1.1.3-3
2024-11-04 09:46:30 configure libperl5.34:amd64 5.34.0-3ubuntu1.3 <none>
2024-11-04 09:46:30 status unpacked libperl5.34:amd64 5.34.0-3ubuntu1.3
2024-11-04 09:46:30 status half-configured libperl5.34:amd64 5.34.0-3ubuntu1.3
2024-11-04 09:46:30 status installed libperl5.34:amd64 5.34.0-3ubuntu1.3
2024-11-04 09:46:30 configure htop:amd64 3.0.5-7build2 <none>
2024-11-04 09:46:30 status unpacked htop:amd64 3.0.5-7build2
2024-11-04 09:46:30 status half-configured htop:amd64 3.0.5-7build2
2024-11-04 09:46:30 status installed htop:amd64 3.0.5-7build2
2024-11-04 09:46:30 configure openssh-client:amd64 1:8.9p1-3ubuntu0.10 <none>
2024-11-04 09:46:30 status unpacked openssh-client:amd64 1:8.9p1-3ubuntu0.10
2024-11-04 09:46:30 status half-configured openssh-client:amd64 1:8.9p1-3ubuntu0.10
2024-11-04 09:46:30 status installed openssh-client:amd64 1:8.9p1-3ubuntu0.10
2024-11-04 09:46:30 configure libxext6:amd64 2:1.3.4-1build1 <none>
2024-11-04 09:46:30 status unpacked libxext6:amd64 2:1.3.4-1build1
2024-11-04 09:46:30 status half-configured libxext6:amd64 2:1.3.4-1build1
2024-11-04 09:46:30 status installed libxext6:amd64 2:1.3.4-1build1
2024-11-04 09:46:30 configure perl:amd64 5.34.0-3ubuntu1.3 <none>
2024-11-04 09:46:30 status unpacked perl:amd64 5.34.0-3ubuntu1.3
2024-11-04 09:46:30 status half-configured perl:amd64 5.34.0-3ubuntu1.3
2024-11-04 09:46:30 status installed perl:amd64 5.34.0-3ubuntu1.3
2024-11-04 09:46:30 configure xauth:amd64 1:1.1-1build2 <none>
2024-11-04 09:46:30 status unpacked xauth:amd64 1:1.1-1build2
2024-11-04 09:46:30 status half-configured xauth:amd64 1:1.1-1build2
2024-11-04 09:46:30 status installed xauth:amd64 1:1.1-1build2
2024-11-04 09:46:30 configure liberror-perl:all 0.17029-1 <none>
2024-11-04 09:46:30 status unpacked liberror-perl:all 0.17029-1
2024-11-04 09:46:30 status half-configured liberror-perl:all 0.17029-1
2024-11-04 09:46:30 status installed liberror-perl:all 0.17029-1
2024-11-04 09:46:30 configure git:amd64 1:2.34.1-1ubuntu1.11 <none>
2024-11-04 09:46:30 status unpacked git:amd64 1:2.34.1-1ubuntu1.11
2024-11-04 09:46:30 status half-configured git:amd64 1:2.34.1-1ubuntu1.11
2024-11-04 09:46:30 status installed git:amd64 1:2.34.1-1ubuntu1.11
2024-11-04 09:46:30 trigproc libc-bin:amd64 2.35-0ubuntu3.8 <none>
2024-11-04 09:46:30 status half-configured libc-bin:amd64 2.35-0ubuntu3.8
2024-11-04 09:46:30 status installed libc-bin:amd64 2.35-0ubuntu3.8
2024-11-04 09:46:42 startup archives unpack
2024-11-04 09:46:43 install tzdata:all <none> 2024a-0ubuntu0.22.04.1
2024-11-04 09:46:43 status half-installed tzdata:all 2024a-0ubuntu0.22.04.1
2024-11-04 09:46:43 status unpacked tzdata:all 2024a-0ubuntu0.22.04.1
2024-11-04 09:46:43 install ucf:all <none> 3.0043
2024-11-04 09:46:43 status half-installed ucf:all 3.0043
2024-11-04 09:46:43 status unpacked ucf:all 3.0043
2024-11-04 09:46:43 install liblmdb0:amd64 <none> 0.9.24-1build2
2024-11-04 09:46:43 status triggers-pending libc-bin:amd64 2.35-0ubuntu3.8
2024-11-04 09:46:43 status half-installed liblmdb0:amd64 0.9.24-1build2
2024-11-04 09:46:43 status unpacked liblmdb0:amd64 0.9.24-1build2
2024-11-04 09:46:43 install libmaxminddb0:amd64 <none> 1.5.2-1build2
2024-11-04 09:46:43 status half-installed libmaxminddb0:amd64 1.5.2-1build2
2024-11-04 09:46:43 status unpacked libmaxminddb0:amd64 1.5.2-1build2
2024-11-04 09:46:43 install libuv1:amd64 <none> 1.43.0-1ubuntu0.1
2024-11-04 09:46:43 status half-installed libuv1:amd64 1.43.0-1ubuntu0.1
2024-11-04 09:46:43 status unpacked libuv1:amd64 1.43.0-1ubuntu0.1
2024-11-04 09:46:43 install bind9-libs:amd64 <none> 1:9.18.28-0ubuntu0.22.04.1
2024-11-04 09:46:43 status half-installed bind9-libs:amd64 1:9.18.28-0ubuntu0.22.04.1
2024-11-04 09:46:43 status unpacked bind9-libs:amd64 1:9.18.28-0ubuntu0.22.04.1
2024-11-04 09:46:43 install bind9-host:amd64 <none> 1:9.18.28-0ubuntu0.22.04.1
2024-11-04 09:46:43 status half-installed bind9-host:amd64 1:9.18.28-0ubuntu0.22.04.1
2024-11-04 09:46:43 status unpacked bind9-host:amd64 1:9.18.28-0ubuntu0.22.04.1
2024-11-04 09:46:43 install bind9-dnsutils:amd64 <none> 1:9.18.28-0ubuntu0.22.04.1
2024-11-04 09:46:43 status half-installed bind9-dnsutils:amd64 1:9.18.28-0ubuntu0.22.04.1
2024-11-04 09:46:43 status unpacked bind9-dnsutils:amd64 1:9.18.28-0ubuntu0.22.04.1
2024-11-04 09:46:43 install libpng16-16:amd64 <none> 1.6.37-3build5
2024-11-04 09:46:43 status half-installed libpng16-16:amd64 1.6.37-3build5
2024-11-04 09:46:43 status unpacked libpng16-16:amd64 1.6.37-3build5
2024-11-04 09:46:43 install manpages:all <none> 5.10-1ubuntu1
2024-11-04 09:46:43 status half-installed manpages:all 5.10-1ubuntu1
2024-11-04 09:46:43 status unpacked manpages:all 5.10-1ubuntu1
2024-11-04 09:46:44 install dnsutils:all <none> 1:9.18.28-0ubuntu0.22.04.1
2024-11-04 09:46:44 status half-installed dnsutils:all 1:9.18.28-0ubuntu0.22.04.1
2024-11-04 09:46:44 status unpacked dnsutils:all 1:9.18.28-0ubuntu0.22.04.1
2024-11-04 09:46:44 install fonts-dejavu-core:all <none> 2.37-2build1
2024-11-04 09:46:44 status half-installed fonts-dejavu-core:all 2.37-2build1
2024-11-04 09:46:44 status unpacked fonts-dejavu-core:all 2.37-2build1
2024-11-04 09:46:44 install fontconfig-config:all <none> 2.13.1-4.2ubuntu5
2024-11-04 09:46:44 status half-installed fontconfig-config:all 2.13.1-4.2ubuntu5
2024-11-04 09:46:44 status unpacked fontconfig-config:all 2.13.1-4.2ubuntu5
2024-11-04 09:46:44 install libfuse2:amd64 <none> 2.9.9-5ubuntu3
2024-11-04 09:46:44 status half-installed libfuse2:amd64 2.9.9-5ubuntu3
2024-11-04 09:46:44 status unpacked libfuse2:amd64 2.9.9-5ubuntu3
2024-11-04 09:46:44 install fuse:amd64 <none> 2.9.9-5ubuntu3
2024-11-04 09:46:44 status half-installed fuse:amd64 2.9.9-5ubuntu3
2024-11-04 09:46:44 status unpacked fuse:amd64 2.9.9-5ubuntu3
2024-11-04 09:46:44 install ldap-utils:amd64 <none> 2.5.18+dfsg-0ubuntu0.22.04.2
2024-11-04 09:46:44 status half-installed ldap-utils:amd64 2.5.18+dfsg-0ubuntu0.22.04.2
2024-11-04 09:46:44 status unpacked ldap-utils:amd64 2.5.18+dfsg-0ubuntu0.22.04.2
2024-11-04 09:46:44 install libc-dev-bin:amd64 <none> 2.35-0ubuntu3.8
2024-11-04 09:46:44 status half-installed libc-dev-bin:amd64 2.35-0ubuntu3.8
2024-11-04 09:46:44 status unpacked libc-dev-bin:amd64 2.35-0ubuntu3.8
2024-11-04 09:46:44 install libfreetype6:amd64 <none> 2.11.1+dfsg-1ubuntu0.2
2024-11-04 09:46:44 status half-installed libfreetype6:amd64 2.11.1+dfsg-1ubuntu0.2
2024-11-04 09:46:44 status unpacked libfreetype6:amd64 2.11.1+dfsg-1ubuntu0.2
2024-11-04 09:46:44 install libfontconfig1:amd64 <none> 2.13.1-4.2ubuntu5
2024-11-04 09:46:44 status half-installed libfontconfig1:amd64 2.13.1-4.2ubuntu5
2024-11-04 09:46:44 status unpacked libfontconfig1:amd64 2.13.1-4.2ubuntu5
2024-11-04 09:46:44 install libjpeg-turbo8:amd64 <none> 2.1.2-0ubuntu1
2024-11-04 09:46:44 status half-installed libjpeg-turbo8:amd64 2.1.2-0ubuntu1
2024-11-04 09:46:44 status unpacked libjpeg-turbo8:amd64 2.1.2-0ubuntu1
2024-11-04 09:46:44 install libjpeg8:amd64 <none> 8c-2ubuntu10
2024-11-04 09:46:44 status half-installed libjpeg8:amd64 8c-2ubuntu10
2024-11-04 09:46:44 status unpacked libjpeg8:amd64 8c-2ubuntu10
2024-11-04 09:46:44 install libdeflate0:amd64 <none> 1.10-2
2024-11-04 09:46:44 status half-installed libdeflate0:amd64 1.10-2
2024-11-04 09:46:44 status unpacked libdeflate0:amd64 1.10-2
2024-11-04 09:46:44 install libjbig0:amd64 <none> 2.1-3.1ubuntu0.22.04.1
2024-11-04 09:46:44 status half-installed libjbig0:amd64 2.1-3.1ubuntu0.22.04.1
2024-11-04 09:46:44 status unpacked libjbig0:amd64 2.1-3.1ubuntu0.22.04.1
2024-11-04 09:46:44 install libwebp7:amd64 <none> 1.2.2-2ubuntu0.22.04.2
2024-11-04 09:46:44 status half-installed libwebp7:amd64 1.2.2-2ubuntu0.22.04.2
2024-11-04 09:46:44 status unpacked libwebp7:amd64 1.2.2-2ubuntu0.22.04.2
2024-11-04 09:46:44 install libtiff5:amd64 <none> 4.3.0-6ubuntu0.10
2024-11-04 09:46:44 status half-installed libtiff5:amd64 4.3.0-6ubuntu0.10
2024-11-04 09:46:44 status unpacked libtiff5:amd64 4.3.0-6ubuntu0.10
2024-11-04 09:46:44 install libxpm4:amd64 <none> 1:3.5.12-1ubuntu0.22.04.2
2024-11-04 09:46:44 status half-installed libxpm4:amd64 1:3.5.12-1ubuntu0.22.04.2
2024-11-04 09:46:44 status unpacked libxpm4:amd64 1:3.5.12-1ubuntu0.22.04.2
2024-11-04 09:46:44 install libgd3:amd64 <none> 2.3.0-2ubuntu2
2024-11-04 09:46:44 status half-installed libgd3:amd64 2.3.0-2ubuntu2
2024-11-04 09:46:44 status unpacked libgd3:amd64 2.3.0-2ubuntu2
2024-11-04 09:46:45 install libc-devtools:amd64 <none> 2.35-0ubuntu3.8
2024-11-04 09:46:45 status half-installed libc-devtools:amd64 2.35-0ubuntu3.8
2024-11-04 09:46:45 status unpacked libc-devtools:amd64 2.35-0ubuntu3.8
2024-11-04 09:46:45 install linux-libc-dev:amd64 <none> 5.15.0-124.134
2024-11-04 09:46:45 status half-installed linux-libc-dev:amd64 5.15.0-124.134
2024-11-04 09:46:45 status unpacked linux-libc-dev:amd64 5.15.0-124.134
2024-11-04 09:46:45 install libcrypt-dev:amd64 <none> 1:4.4.27-1
2024-11-04 09:46:45 status half-installed libcrypt-dev:amd64 1:4.4.27-1
2024-11-04 09:46:45 status unpacked libcrypt-dev:amd64 1:4.4.27-1
2024-11-04 09:46:45 install rpcsvc-proto:amd64 <none> 1.4.2-0ubuntu6
2024-11-04 09:46:45 status half-installed rpcsvc-proto:amd64 1.4.2-0ubuntu6
2024-11-04 09:46:45 status unpacked rpcsvc-proto:amd64 1.4.2-0ubuntu6
2024-11-04 09:46:45 install libtirpc-dev:amd64 <none> 1.3.2-2ubuntu0.1
2024-11-04 09:46:45 status half-installed libtirpc-dev:amd64 1.3.2-2ubuntu0.1
2024-11-04 09:46:45 status unpacked libtirpc-dev:amd64 1.3.2-2ubuntu0.1
2024-11-04 09:46:45 install libnsl-dev:amd64 <none> 1.3.0-2build2
2024-11-04 09:46:45 status half-installed libnsl-dev:amd64 1.3.0-2build2
2024-11-04 09:46:45 status unpacked libnsl-dev:amd64 1.3.0-2build2
2024-11-04 09:46:45 install libc6-dev:amd64 <none> 2.35-0ubuntu3.8
2024-11-04 09:46:45 status half-installed libc6-dev:amd64 2.35-0ubuntu3.8
2024-11-04 09:46:45 status unpacked libc6-dev:amd64 2.35-0ubuntu3.8
2024-11-04 09:46:45 install libhashkit2:amd64 <none> 1.0.18-4.2ubuntu4
2024-11-04 09:46:45 status half-installed libhashkit2:amd64 1.0.18-4.2ubuntu4
2024-11-04 09:46:45 status unpacked libhashkit2:amd64 1.0.18-4.2ubuntu4
2024-11-04 09:46:45 install libhashkit-dev:amd64 <none> 1.0.18-4.2ubuntu4
2024-11-04 09:46:45 status half-installed libhashkit-dev:amd64 1.0.18-4.2ubuntu4
2024-11-04 09:46:45 status unpacked libhashkit-dev:amd64 1.0.18-4.2ubuntu4
2024-11-04 09:46:45 install libldap-dev:amd64 <none> 2.5.18+dfsg-0ubuntu0.22.04.2
2024-11-04 09:46:45 status half-installed libldap-dev:amd64 2.5.18+dfsg-0ubuntu0.22.04.2
2024-11-04 09:46:45 status unpacked libldap-dev:amd64 2.5.18+dfsg-0ubuntu0.22.04.2
2024-11-04 09:46:46 install libmemcached11:amd64 <none> 1.0.18-4.2ubuntu4
2024-11-04 09:46:46 status half-installed libmemcached11:amd64 1.0.18-4.2ubuntu4
2024-11-04 09:46:46 status unpacked libmemcached11:amd64 1.0.18-4.2ubuntu4
2024-11-04 09:46:46 install libmemcachedutil2:amd64 <none> 1.0.18-4.2ubuntu4
2024-11-04 09:46:46 status half-installed libmemcachedutil2:amd64 1.0.18-4.2ubuntu4
2024-11-04 09:46:46 status unpacked libmemcachedutil2:amd64 1.0.18-4.2ubuntu4
2024-11-04 09:46:46 install mysql-common:all <none> 5.8+1.0.8
2024-11-04 09:46:46 status half-installed mysql-common:all 5.8+1.0.8
2024-11-04 09:46:46 status unpacked mysql-common:all 5.8+1.0.8
2024-11-04 09:46:46 install libmysqlclient21:amd64 <none> 8.0.39-0ubuntu0.22.04.1
2024-11-04 09:46:46 status half-installed libmysqlclient21:amd64 8.0.39-0ubuntu0.22.04.1
2024-11-04 09:46:46 status unpacked libmysqlclient21:amd64 8.0.39-0ubuntu0.22.04.1
2024-11-04 09:46:46 install libssl-dev:amd64 <none> 3.0.2-0ubuntu1.18
2024-11-04 09:46:46 status half-installed libssl-dev:amd64 3.0.2-0ubuntu1.18
2024-11-04 09:46:46 status unpacked libssl-dev:amd64 3.0.2-0ubuntu1.18
2024-11-04 09:46:46 install libzstd-dev:amd64 <none> 1.4.8+dfsg-3build1
2024-11-04 09:46:46 status half-installed libzstd-dev:amd64 1.4.8+dfsg-3build1
2024-11-04 09:46:46 status unpacked libzstd-dev:amd64 1.4.8+dfsg-3build1
2024-11-04 09:46:46 install zlib1g-dev:amd64 <none> 1:1.2.11.dfsg-2ubuntu9.2
2024-11-04 09:46:46 status half-installed zlib1g-dev:amd64 1:1.2.11.dfsg-2ubuntu9.2
2024-11-04 09:46:46 status unpacked zlib1g-dev:amd64 1:1.2.11.dfsg-2ubuntu9.2
2024-11-04 09:46:46 install libmysqlclient-dev:amd64 <none> 8.0.39-0ubuntu0.22.04.1
2024-11-04 09:46:46 status half-installed libmysqlclient-dev:amd64 8.0.39-0ubuntu0.22.04.1
2024-11-04 09:46:46 status unpacked libmysqlclient-dev:amd64 8.0.39-0ubuntu0.22.04.1
2024-11-04 09:46:46 install libsasl2-dev:amd64 <none> 2.1.27+dfsg2-3ubuntu1.2
2024-11-04 09:46:46 status half-installed libsasl2-dev:amd64 2.1.27+dfsg2-3ubuntu1.2
2024-11-04 09:46:46 status unpacked libsasl2-dev:amd64 2.1.27+dfsg2-3ubuntu1.2
2024-11-04 09:46:46 install manpages-dev:all <none> 5.10-1ubuntu1
2024-11-04 09:46:46 status half-installed manpages-dev:all 5.10-1ubuntu1
2024-11-04 09:46:47 status unpacked manpages-dev:all 5.10-1ubuntu1
2024-11-04 09:46:47 install nginx:amd64 <none> 1.26.2-1~jammy
2024-11-04 09:46:47 status half-installed nginx:amd64 1.26.2-1~jammy
2024-11-04 09:46:47 status unpacked nginx:amd64 1.26.2-1~jammy
2024-11-04 09:46:47 install libldap2-dev:all <none> 2.5.18+dfsg-0ubuntu0.22.04.2
2024-11-04 09:46:47 status half-installed libldap2-dev:all 2.5.18+dfsg-0ubuntu0.22.04.2
2024-11-04 09:46:47 status unpacked libldap2-dev:all 2.5.18+dfsg-0ubuntu0.22.04.2
2024-11-04 09:46:47 install libmemcached-dev:amd64 <none> 1.0.18-4.2ubuntu4
2024-11-04 09:46:47 status half-installed libmemcached-dev:amd64 1.0.18-4.2ubuntu4
2024-11-04 09:46:47 status unpacked libmemcached-dev:amd64 1.0.18-4.2ubuntu4
2024-11-04 09:46:47 startup packages configure
2024-11-04 09:46:47 configure liblmdb0:amd64 0.9.24-1build2 <none>
2024-11-04 09:46:47 status unpacked liblmdb0:amd64 0.9.24-1build2
2024-11-04 09:46:47 status half-configured liblmdb0:amd64 0.9.24-1build2
2024-11-04 09:46:47 status installed liblmdb0:amd64 0.9.24-1build2
2024-11-04 09:46:47 configure mysql-common:all 5.8+1.0.8 <none>
2024-11-04 09:46:47 status unpacked mysql-common:all 5.8+1.0.8
2024-11-04 09:46:47 status half-configured mysql-common:all 5.8+1.0.8
2024-11-04 09:46:47 status installed mysql-common:all 5.8+1.0.8
2024-11-04 09:46:47 configure libmysqlclient21:amd64 8.0.39-0ubuntu0.22.04.1 <none>
2024-11-04 09:46:47 status unpacked libmysqlclient21:amd64 8.0.39-0ubuntu0.22.04.1
2024-11-04 09:46:47 status half-configured libmysqlclient21:amd64 8.0.39-0ubuntu0.22.04.1
2024-11-04 09:46:47 status installed libmysqlclient21:amd64 8.0.39-0ubuntu0.22.04.1
2024-11-04 09:46:47 configure libzstd-dev:amd64 1.4.8+dfsg-3build1 <none>
2024-11-04 09:46:47 status unpacked libzstd-dev:amd64 1.4.8+dfsg-3build1
2024-11-04 09:46:47 status half-configured libzstd-dev:amd64 1.4.8+dfsg-3build1
2024-11-04 09:46:47 status installed libzstd-dev:amd64 1.4.8+dfsg-3build1
2024-11-04 09:46:47 configure libxpm4:amd64 1:3.5.12-1ubuntu0.22.04.2 <none>
2024-11-04 09:46:47 status unpacked libxpm4:amd64 1:3.5.12-1ubuntu0.22.04.2
2024-11-04 09:46:47 status half-configured libxpm4:amd64 1:3.5.12-1ubuntu0.22.04.2
2024-11-04 09:46:47 status installed libxpm4:amd64 1:3.5.12-1ubuntu0.22.04.2
2024-11-04 09:46:47 configure nginx:amd64 1.26.2-1~jammy <none>
2024-11-04 09:46:47 status unpacked nginx:amd64 1.26.2-1~jammy
2024-11-04 09:46:47 status half-configured nginx:amd64 1.26.2-1~jammy
2024-11-04 09:46:48 status installed nginx:amd64 1.26.2-1~jammy
2024-11-04 09:46:48 configure manpages:all 5.10-1ubuntu1 <none>
2024-11-04 09:46:48 status unpacked manpages:all 5.10-1ubuntu1
2024-11-04 09:46:48 status half-configured manpages:all 5.10-1ubuntu1
2024-11-04 09:46:48 status installed manpages:all 5.10-1ubuntu1
2024-11-04 09:46:48 configure libmaxminddb0:amd64 1.5.2-1build2 <none>
2024-11-04 09:46:48 status unpacked libmaxminddb0:amd64 1.5.2-1build2
2024-11-04 09:46:48 status half-configured libmaxminddb0:amd64 1.5.2-1build2
2024-11-04 09:46:48 status installed libmaxminddb0:amd64 1.5.2-1build2
2024-11-04 09:46:48 configure libdeflate0:amd64 1.10-2 <none>
2024-11-04 09:46:48 status unpacked libdeflate0:amd64 1.10-2
2024-11-04 09:46:48 status half-configured libdeflate0:amd64 1.10-2
2024-11-04 09:46:48 status installed libdeflate0:amd64 1.10-2
2024-11-04 09:46:48 configure linux-libc-dev:amd64 5.15.0-124.134 <none>
2024-11-04 09:46:48 status unpacked linux-libc-dev:amd64 5.15.0-124.134
2024-11-04 09:46:48 status half-configured linux-libc-dev:amd64 5.15.0-124.134
2024-11-04 09:46:48 status installed linux-libc-dev:amd64 5.15.0-124.134
2024-11-04 09:46:48 configure libfuse2:amd64 2.9.9-5ubuntu3 <none>
2024-11-04 09:46:48 status unpacked libfuse2:amd64 2.9.9-5ubuntu3
2024-11-04 09:46:48 status half-configured libfuse2:amd64 2.9.9-5ubuntu3
2024-11-04 09:46:48 status installed libfuse2:amd64 2.9.9-5ubuntu3
2024-11-04 09:46:48 configure ldap-utils:amd64 2.5.18+dfsg-0ubuntu0.22.04.2 <none>
2024-11-04 09:46:48 status unpacked ldap-utils:amd64 2.5.18+dfsg-0ubuntu0.22.04.2
2024-11-04 09:46:48 status half-configured ldap-utils:amd64 2.5.18+dfsg-0ubuntu0.22.04.2
2024-11-04 09:46:48 status installed ldap-utils:amd64 2.5.18+dfsg-0ubuntu0.22.04.2
2024-11-04 09:46:48 configure libjbig0:amd64 2.1-3.1ubuntu0.22.04.1 <none>
2024-11-04 09:46:48 status unpacked libjbig0:amd64 2.1-3.1ubuntu0.22.04.1
2024-11-04 09:46:48 status half-configured libjbig0:amd64 2.1-3.1ubuntu0.22.04.1
2024-11-04 09:46:48 status installed libjbig0:amd64 2.1-3.1ubuntu0.22.04.1
2024-11-04 09:46:48 configure libhashkit2:amd64 1.0.18-4.2ubuntu4 <none>
2024-11-04 09:46:48 status unpacked libhashkit2:amd64 1.0.18-4.2ubuntu4
2024-11-04 09:46:48 status half-configured libhashkit2:amd64 1.0.18-4.2ubuntu4
2024-11-04 09:46:48 status installed libhashkit2:amd64 1.0.18-4.2ubuntu4
2024-11-04 09:46:48 configure tzdata:all 2024a-0ubuntu0.22.04.1 <none>
2024-11-04 09:46:48 status unpacked tzdata:all 2024a-0ubuntu0.22.04.1
2024-11-04 09:46:48 status half-configured tzdata:all 2024a-0ubuntu0.22.04.1
2024-11-04 09:46:48 status installed tzdata:all 2024a-0ubuntu0.22.04.1
2024-11-04 09:46:48 configure libtirpc-dev:amd64 1.3.2-2ubuntu0.1 <none>
2024-11-04 09:46:48 status unpacked libtirpc-dev:amd64 1.3.2-2ubuntu0.1
2024-11-04 09:46:48 status half-configured libtirpc-dev:amd64 1.3.2-2ubuntu0.1
2024-11-04 09:46:48 status installed libtirpc-dev:amd64 1.3.2-2ubuntu0.1
2024-11-04 09:46:48 configure libuv1:amd64 1.43.0-1ubuntu0.1 <none>
2024-11-04 09:46:48 status unpacked libuv1:amd64 1.43.0-1ubuntu0.1
2024-11-04 09:46:48 status half-configured libuv1:amd64 1.43.0-1ubuntu0.1
2024-11-04 09:46:48 status installed libuv1:amd64 1.43.0-1ubuntu0.1
2024-11-04 09:46:48 configure rpcsvc-proto:amd64 1.4.2-0ubuntu6 <none>
2024-11-04 09:46:48 status unpacked rpcsvc-proto:amd64 1.4.2-0ubuntu6
2024-11-04 09:46:48 status half-configured rpcsvc-proto:amd64 1.4.2-0ubuntu6
2024-11-04 09:46:48 status installed rpcsvc-proto:amd64 1.4.2-0ubuntu6
2024-11-04 09:46:48 configure libldap-dev:amd64 2.5.18+dfsg-0ubuntu0.22.04.2 <none>
2024-11-04 09:46:48 status unpacked libldap-dev:amd64 2.5.18+dfsg-0ubuntu0.22.04.2
2024-11-04 09:46:48 status half-configured libldap-dev:amd64 2.5.18+dfsg-0ubuntu0.22.04.2
2024-11-04 09:46:48 status installed libldap-dev:amd64 2.5.18+dfsg-0ubuntu0.22.04.2
2024-11-04 09:46:48 configure libssl-dev:amd64 3.0.2-0ubuntu1.18 <none>
2024-11-04 09:46:48 status unpacked libssl-dev:amd64 3.0.2-0ubuntu1.18
2024-11-04 09:46:48 status half-configured libssl-dev:amd64 3.0.2-0ubuntu1.18
2024-11-04 09:46:48 status installed libssl-dev:amd64 3.0.2-0ubuntu1.18
2024-11-04 09:46:48 configure libpng16-16:amd64 1.6.37-3build5 <none>
2024-11-04 09:46:48 status unpacked libpng16-16:amd64 1.6.37-3build5
2024-11-04 09:46:48 status half-configured libpng16-16:amd64 1.6.37-3build5
2024-11-04 09:46:48 status installed libpng16-16:amd64 1.6.37-3build5
2024-11-04 09:46:48 configure fonts-dejavu-core:all 2.37-2build1 <none>
2024-11-04 09:46:48 status unpacked fonts-dejavu-core:all 2.37-2build1
2024-11-04 09:46:48 status half-configured fonts-dejavu-core:all 2.37-2build1
2024-11-04 09:46:48 status installed fonts-dejavu-core:all 2.37-2build1
2024-11-04 09:46:48 configure ucf:all 3.0043 <none>
2024-11-04 09:46:48 status unpacked ucf:all 3.0043
2024-11-04 09:46:48 status half-configured ucf:all 3.0043
2024-11-04 09:46:48 status installed ucf:all 3.0043
2024-11-04 09:46:48 configure libjpeg-turbo8:amd64 2.1.2-0ubuntu1 <none>
2024-11-04 09:46:48 status unpacked libjpeg-turbo8:amd64 2.1.2-0ubuntu1
2024-11-04 09:46:48 status half-configured libjpeg-turbo8:amd64 2.1.2-0ubuntu1
2024-11-04 09:46:48 status installed libjpeg-turbo8:amd64 2.1.2-0ubuntu1
2024-11-04 09:46:48 configure libwebp7:amd64 1.2.2-2ubuntu0.22.04.2 <none>
2024-11-04 09:46:48 status unpacked libwebp7:amd64 1.2.2-2ubuntu0.22.04.2
2024-11-04 09:46:48 status half-configured libwebp7:amd64 1.2.2-2ubuntu0.22.04.2
2024-11-04 09:46:48 status installed libwebp7:amd64 1.2.2-2ubuntu0.22.04.2
2024-11-04 09:46:48 configure libmemcached11:amd64 1.0.18-4.2ubuntu4 <none>
2024-11-04 09:46:48 status unpacked libmemcached11:amd64 1.0.18-4.2ubuntu4
2024-11-04 09:46:48 status half-configured libmemcached11:amd64 1.0.18-4.2ubuntu4
2024-11-04 09:46:48 status installed libmemcached11:amd64 1.0.18-4.2ubuntu4
2024-11-04 09:46:48 configure libnsl-dev:amd64 1.3.0-2build2 <none>
2024-11-04 09:46:48 status unpacked libnsl-dev:amd64 1.3.0-2build2
2024-11-04 09:46:48 status half-configured libnsl-dev:amd64 1.3.0-2build2
2024-11-04 09:46:48 status installed libnsl-dev:amd64 1.3.0-2build2
2024-11-04 09:46:48 configure libcrypt-dev:amd64 1:4.4.27-1 <none>
2024-11-04 09:46:48 status unpacked libcrypt-dev:amd64 1:4.4.27-1
2024-11-04 09:46:48 status half-configured libcrypt-dev:amd64 1:4.4.27-1
2024-11-04 09:46:48 status installed libcrypt-dev:amd64 1:4.4.27-1
2024-11-04 09:46:48 configure libc-dev-bin:amd64 2.35-0ubuntu3.8 <none>
2024-11-04 09:46:48 status unpacked libc-dev-bin:amd64 2.35-0ubuntu3.8
2024-11-04 09:46:48 status half-configured libc-dev-bin:amd64 2.35-0ubuntu3.8
2024-11-04 09:46:48 status installed libc-dev-bin:amd64 2.35-0ubuntu3.8
2024-11-04 09:46:48 configure libjpeg8:amd64 8c-2ubuntu10 <none>
2024-11-04 09:46:48 status unpacked libjpeg8:amd64 8c-2ubuntu10
2024-11-04 09:46:48 status half-configured libjpeg8:amd64 8c-2ubuntu10
2024-11-04 09:46:48 status installed libjpeg8:amd64 8c-2ubuntu10
2024-11-04 09:46:48 configure fuse:amd64 2.9.9-5ubuntu3 <none>
2024-11-04 09:46:48 status unpacked fuse:amd64 2.9.9-5ubuntu3
2024-11-04 09:46:48 status half-configured fuse:amd64 2.9.9-5ubuntu3
2024-11-04 09:46:48 status installed fuse:amd64 2.9.9-5ubuntu3
2024-11-04 09:46:48 configure manpages-dev:all 5.10-1ubuntu1 <none>
2024-11-04 09:46:48 status unpacked manpages-dev:all 5.10-1ubuntu1
2024-11-04 09:46:48 status half-configured manpages-dev:all 5.10-1ubuntu1
2024-11-04 09:46:48 status installed manpages-dev:all 5.10-1ubuntu1
2024-11-04 09:46:48 configure bind9-libs:amd64 1:9.18.28-0ubuntu0.22.04.1 <none>
2024-11-04 09:46:48 status unpacked bind9-libs:amd64 1:9.18.28-0ubuntu0.22.04.1
2024-11-04 09:46:48 status half-configured bind9-libs:amd64 1:9.18.28-0ubuntu0.22.04.1
2024-11-04 09:46:48 status installed bind9-libs:amd64 1:9.18.28-0ubuntu0.22.04.1
2024-11-04 09:46:48 configure fontconfig-config:all 2.13.1-4.2ubuntu5 <none>
2024-11-04 09:46:48 status unpacked fontconfig-config:all 2.13.1-4.2ubuntu5
2024-11-04 09:46:49 status half-configured fontconfig-config:all 2.13.1-4.2ubuntu5
2024-11-04 09:46:49 status installed fontconfig-config:all 2.13.1-4.2ubuntu5
2024-11-04 09:46:49 configure libmemcachedutil2:amd64 1.0.18-4.2ubuntu4 <none>
2024-11-04 09:46:49 status unpacked libmemcachedutil2:amd64 1.0.18-4.2ubuntu4
2024-11-04 09:46:49 status half-configured libmemcachedutil2:amd64 1.0.18-4.2ubuntu4
2024-11-04 09:46:49 status installed libmemcachedutil2:amd64 1.0.18-4.2ubuntu4
2024-11-04 09:46:49 configure libhashkit-dev:amd64 1.0.18-4.2ubuntu4 <none>
2024-11-04 09:46:49 status unpacked libhashkit-dev:amd64 1.0.18-4.2ubuntu4
2024-11-04 09:46:49 status half-configured libhashkit-dev:amd64 1.0.18-4.2ubuntu4
2024-11-04 09:46:49 status installed libhashkit-dev:amd64 1.0.18-4.2ubuntu4
2024-11-04 09:46:49 configure libldap2-dev:all 2.5.18+dfsg-0ubuntu0.22.04.2 <none>
2024-11-04 09:46:49 status unpacked libldap2-dev:all 2.5.18+dfsg-0ubuntu0.22.04.2
2024-11-04 09:46:49 status half-configured libldap2-dev:all 2.5.18+dfsg-0ubuntu0.22.04.2
2024-11-04 09:46:49 status installed libldap2-dev:all 2.5.18+dfsg-0ubuntu0.22.04.2
2024-11-04 09:46:49 configure libfreetype6:amd64 2.11.1+dfsg-1ubuntu0.2 <none>
2024-11-04 09:46:49 status unpacked libfreetype6:amd64 2.11.1+dfsg-1ubuntu0.2
2024-11-04 09:46:49 status half-configured libfreetype6:amd64 2.11.1+dfsg-1ubuntu0.2
2024-11-04 09:46:49 status installed libfreetype6:amd64 2.11.1+dfsg-1ubuntu0.2
2024-11-04 09:46:49 configure libc6-dev:amd64 2.35-0ubuntu3.8 <none>
2024-11-04 09:46:49 status unpacked libc6-dev:amd64 2.35-0ubuntu3.8
2024-11-04 09:46:49 status half-configured libc6-dev:amd64 2.35-0ubuntu3.8
2024-11-04 09:46:49 status installed libc6-dev:amd64 2.35-0ubuntu3.8
2024-11-04 09:46:49 configure libtiff5:amd64 4.3.0-6ubuntu0.10 <none>
2024-11-04 09:46:49 status unpacked libtiff5:amd64 4.3.0-6ubuntu0.10
2024-11-04 09:46:49 status half-configured libtiff5:amd64 4.3.0-6ubuntu0.10
2024-11-04 09:46:49 status installed libtiff5:amd64 4.3.0-6ubuntu0.10
2024-11-04 09:46:49 configure libfontconfig1:amd64 2.13.1-4.2ubuntu5 <none>
2024-11-04 09:46:49 status unpacked libfontconfig1:amd64 2.13.1-4.2ubuntu5
2024-11-04 09:46:49 status half-configured libfontconfig1:amd64 2.13.1-4.2ubuntu5
2024-11-04 09:46:49 status installed libfontconfig1:amd64 2.13.1-4.2ubuntu5
2024-11-04 09:46:49 configure bind9-host:amd64 1:9.18.28-0ubuntu0.22.04.1 <none>
2024-11-04 09:46:49 status unpacked bind9-host:amd64 1:9.18.28-0ubuntu0.22.04.1
2024-11-04 09:46:49 status half-configured bind9-host:amd64 1:9.18.28-0ubuntu0.22.04.1
2024-11-04 09:46:49 status installed bind9-host:amd64 1:9.18.28-0ubuntu0.22.04.1
2024-11-04 09:46:49 configure libsasl2-dev:amd64 2.1.27+dfsg2-3ubuntu1.2 <none>
2024-11-04 09:46:49 status unpacked libsasl2-dev:amd64 2.1.27+dfsg2-3ubuntu1.2
2024-11-04 09:46:49 status half-configured libsasl2-dev:amd64 2.1.27+dfsg2-3ubuntu1.2
2024-11-04 09:46:49 status installed libsasl2-dev:amd64 2.1.27+dfsg2-3ubuntu1.2
2024-11-04 09:46:49 configure libgd3:amd64 2.3.0-2ubuntu2 <none>
2024-11-04 09:46:49 status unpacked libgd3:amd64 2.3.0-2ubuntu2
2024-11-04 09:46:49 status half-configured libgd3:amd64 2.3.0-2ubuntu2
2024-11-04 09:46:49 status installed libgd3:amd64 2.3.0-2ubuntu2
2024-11-04 09:46:49 configure zlib1g-dev:amd64 1:1.2.11.dfsg-2ubuntu9.2 <none>
2024-11-04 09:46:49 status unpacked zlib1g-dev:amd64 1:1.2.11.dfsg-2ubuntu9.2
2024-11-04 09:46:49 status half-configured zlib1g-dev:amd64 1:1.2.11.dfsg-2ubuntu9.2
2024-11-04 09:46:49 status installed zlib1g-dev:amd64 1:1.2.11.dfsg-2ubuntu9.2
2024-11-04 09:46:49 configure bind9-dnsutils:amd64 1:9.18.28-0ubuntu0.22.04.1 <none>
2024-11-04 09:46:49 status unpacked bind9-dnsutils:amd64 1:9.18.28-0ubuntu0.22.04.1
2024-11-04 09:46:49 status half-configured bind9-dnsutils:amd64 1:9.18.28-0ubuntu0.22.04.1
2024-11-04 09:46:49 status installed bind9-dnsutils:amd64 1:9.18.28-0ubuntu0.22.04.1
2024-11-04 09:46:49 configure libmysqlclient-dev:amd64 8.0.39-0ubuntu0.22.04.1 <none>
2024-11-04 09:46:49 status unpacked libmysqlclient-dev:amd64 8.0.39-0ubuntu0.22.04.1
2024-11-04 09:46:49 status half-configured libmysqlclient-dev:amd64 8.0.39-0ubuntu0.22.04.1
2024-11-04 09:46:49 status installed libmysqlclient-dev:amd64 8.0.39-0ubuntu0.22.04.1
2024-11-04 09:46:49 configure libc-devtools:amd64 2.35-0ubuntu3.8 <none>
2024-11-04 09:46:49 status unpacked libc-devtools:amd64 2.35-0ubuntu3.8
2024-11-04 09:46:49 status half-configured libc-devtools:amd64 2.35-0ubuntu3.8
2024-11-04 09:46:49 status installed libc-devtools:amd64 2.35-0ubuntu3.8
2024-11-04 09:46:49 configure libmemcached-dev:amd64 1.0.18-4.2ubuntu4 <none>
2024-11-04 09:46:49 status unpacked libmemcached-dev:amd64 1.0.18-4.2ubuntu4
2024-11-04 09:46:49 status half-configured libmemcached-dev:amd64 1.0.18-4.2ubuntu4
2024-11-04 09:46:49 status installed libmemcached-dev:amd64 1.0.18-4.2ubuntu4
2024-11-04 09:46:49 configure dnsutils:all 1:9.18.28-0ubuntu0.22.04.1 <none>
2024-11-04 09:46:49 status unpacked dnsutils:all 1:9.18.28-0ubuntu0.22.04.1
2024-11-04 09:46:49 status half-configured dnsutils:all 1:9.18.28-0ubuntu0.22.04.1
2024-11-04 09:46:49 status installed dnsutils:all 1:9.18.28-0ubuntu0.22.04.1
2024-11-04 09:46:49 trigproc libc-bin:amd64 2.35-0ubuntu3.8 <none>
2024-11-04 09:46:49 status half-configured libc-bin:amd64 2.35-0ubuntu3.8
2024-11-04 09:46:49 status installed libc-bin:amd64 2.35-0ubuntu3.8
2024-11-04 09:47:08 startup archives unpack
2024-11-04 09:47:08 install liblocale-gettext-perl:amd64 <none> 1.07-4build3
2024-11-04 09:47:08 status half-installed liblocale-gettext-perl:amd64 1.07-4build3
2024-11-04 09:47:08 status unpacked liblocale-gettext-perl:amd64 1.07-4build3
2024-11-04 09:47:09 install xz-utils:amd64 <none> 5.2.5-2ubuntu1
2024-11-04 09:47:09 status half-installed xz-utils:amd64 5.2.5-2ubuntu1
2024-11-04 09:47:09 status unpacked xz-utils:amd64 5.2.5-2ubuntu1
2024-11-04 09:47:09 install binutils-common:amd64 <none> 2.38-4ubuntu2.6
2024-11-04 09:47:09 status half-installed binutils-common:amd64 2.38-4ubuntu2.6
2024-11-04 09:47:09 status unpacked binutils-common:amd64 2.38-4ubuntu2.6
2024-11-04 09:47:09 install libbinutils:amd64 <none> 2.38-4ubuntu2.6
2024-11-04 09:47:09 status triggers-pending libc-bin:amd64 2.35-0ubuntu3.8
2024-11-04 09:47:09 status half-installed libbinutils:amd64 2.38-4ubuntu2.6
2024-11-04 09:47:09 status unpacked libbinutils:amd64 2.38-4ubuntu2.6
2024-11-04 09:47:09 install libctf-nobfd0:amd64 <none> 2.38-4ubuntu2.6
2024-11-04 09:47:09 status half-installed libctf-nobfd0:amd64 2.38-4ubuntu2.6
2024-11-04 09:47:09 status unpacked libctf-nobfd0:amd64 2.38-4ubuntu2.6
2024-11-04 09:47:09 install libctf0:amd64 <none> 2.38-4ubuntu2.6
2024-11-04 09:47:09 status half-installed libctf0:amd64 2.38-4ubuntu2.6
2024-11-04 09:47:09 status unpacked libctf0:amd64 2.38-4ubuntu2.6
2024-11-04 09:47:09 install binutils-x86-64-linux-gnu:amd64 <none> 2.38-4ubuntu2.6
2024-11-04 09:47:09 status half-installed binutils-x86-64-linux-gnu:amd64 2.38-4ubuntu2.6
2024-11-04 09:47:09 status unpacked binutils-x86-64-linux-gnu:amd64 2.38-4ubuntu2.6
2024-11-04 09:47:09 install binutils:amd64 <none> 2.38-4ubuntu2.6
2024-11-04 09:47:09 status half-installed binutils:amd64 2.38-4ubuntu2.6
2024-11-04 09:47:09 status unpacked binutils:amd64 2.38-4ubuntu2.6
2024-11-04 09:47:09 install gcc-11-base:amd64 <none> 11.4.0-1ubuntu1~22.04
2024-11-04 09:47:09 status half-installed gcc-11-base:amd64 11.4.0-1ubuntu1~22.04
2024-11-04 09:47:09 status unpacked gcc-11-base:amd64 11.4.0-1ubuntu1~22.04
2024-11-04 09:47:09 install libisl23:amd64 <none> 0.24-2build1
2024-11-04 09:47:09 status half-installed libisl23:amd64 0.24-2build1
2024-11-04 09:47:09 status unpacked libisl23:amd64 0.24-2build1
2024-11-04 09:47:09 install libmpfr6:amd64 <none> 4.1.0-3build3
2024-11-04 09:47:09 status half-installed libmpfr6:amd64 4.1.0-3build3
2024-11-04 09:47:09 status unpacked libmpfr6:amd64 4.1.0-3build3
2024-11-04 09:47:09 install libmpc3:amd64 <none> 1.2.1-2build1
2024-11-04 09:47:09 status half-installed libmpc3:amd64 1.2.1-2build1
2024-11-04 09:47:09 status unpacked libmpc3:amd64 1.2.1-2build1
2024-11-04 09:47:09 install cpp-11:amd64 <none> 11.4.0-1ubuntu1~22.04
2024-11-04 09:47:09 status half-installed cpp-11:amd64 11.4.0-1ubuntu1~22.04
2024-11-04 09:47:10 status unpacked cpp-11:amd64 11.4.0-1ubuntu1~22.04
2024-11-04 09:47:10 install cpp:amd64 <none> 4:11.2.0-1ubuntu1
2024-11-04 09:47:10 status half-installed cpp:amd64 4:11.2.0-1ubuntu1
2024-11-04 09:47:10 status unpacked cpp:amd64 4:11.2.0-1ubuntu1
2024-11-04 09:47:10 install libcc1-0:amd64 <none> 12.3.0-1ubuntu1~22.04
2024-11-04 09:47:10 status half-installed libcc1-0:amd64 12.3.0-1ubuntu1~22.04
2024-11-04 09:47:10 status unpacked libcc1-0:amd64 12.3.0-1ubuntu1~22.04
2024-11-04 09:47:10 install libgomp1:amd64 <none> 12.3.0-1ubuntu1~22.04
2024-11-04 09:47:10 status half-installed libgomp1:amd64 12.3.0-1ubuntu1~22.04
2024-11-04 09:47:10 status unpacked libgomp1:amd64 12.3.0-1ubuntu1~22.04
2024-11-04 09:47:10 install libitm1:amd64 <none> 12.3.0-1ubuntu1~22.04
2024-11-04 09:47:10 status half-installed libitm1:amd64 12.3.0-1ubuntu1~22.04
2024-11-04 09:47:10 status unpacked libitm1:amd64 12.3.0-1ubuntu1~22.04
2024-11-04 09:47:10 install libatomic1:amd64 <none> 12.3.0-1ubuntu1~22.04
2024-11-04 09:47:10 status half-installed libatomic1:amd64 12.3.0-1ubuntu1~22.04
2024-11-04 09:47:10 status unpacked libatomic1:amd64 12.3.0-1ubuntu1~22.04
2024-11-04 09:47:10 install libasan6:amd64 <none> 11.4.0-1ubuntu1~22.04
2024-11-04 09:47:10 status half-installed libasan6:amd64 11.4.0-1ubuntu1~22.04
2024-11-04 09:47:10 status unpacked libasan6:amd64 11.4.0-1ubuntu1~22.04
2024-11-04 09:47:10 install liblsan0:amd64 <none> 12.3.0-1ubuntu1~22.04
2024-11-04 09:47:10 status half-installed liblsan0:amd64 12.3.0-1ubuntu1~22.04
2024-11-04 09:47:10 status unpacked liblsan0:amd64 12.3.0-1ubuntu1~22.04
2024-11-04 09:47:10 install libtsan0:amd64 <none> 11.4.0-1ubuntu1~22.04
2024-11-04 09:47:10 status half-installed libtsan0:amd64 11.4.0-1ubuntu1~22.04
2024-11-04 09:47:10 status unpacked libtsan0:amd64 11.4.0-1ubuntu1~22.04
2024-11-04 09:47:10 install libubsan1:amd64 <none> 12.3.0-1ubuntu1~22.04
2024-11-04 09:47:10 status half-installed libubsan1:amd64 12.3.0-1ubuntu1~22.04
2024-11-04 09:47:11 status unpacked libubsan1:amd64 12.3.0-1ubuntu1~22.04
2024-11-04 09:47:11 install libquadmath0:amd64 <none> 12.3.0-1ubuntu1~22.04
2024-11-04 09:47:11 status half-installed libquadmath0:amd64 12.3.0-1ubuntu1~22.04
2024-11-04 09:47:11 status unpacked libquadmath0:amd64 12.3.0-1ubuntu1~22.04
2024-11-04 09:47:11 install libgcc-11-dev:amd64 <none> 11.4.0-1ubuntu1~22.04
2024-11-04 09:47:11 status half-installed libgcc-11-dev:amd64 11.4.0-1ubuntu1~22.04
2024-11-04 09:47:11 status unpacked libgcc-11-dev:amd64 11.4.0-1ubuntu1~22.04
2024-11-04 09:47:11 install gcc-11:amd64 <none> 11.4.0-1ubuntu1~22.04
2024-11-04 09:47:11 status half-installed gcc-11:amd64 11.4.0-1ubuntu1~22.04
2024-11-04 09:47:12 status unpacked gcc-11:amd64 11.4.0-1ubuntu1~22.04
2024-11-04 09:47:12 install gcc:amd64 <none> 4:11.2.0-1ubuntu1
2024-11-04 09:47:12 status half-installed gcc:amd64 4:11.2.0-1ubuntu1
2024-11-04 09:47:12 status unpacked gcc:amd64 4:11.2.0-1ubuntu1
2024-11-04 09:47:12 install libstdc++-11-dev:amd64 <none> 11.4.0-1ubuntu1~22.04
2024-11-04 09:47:12 status half-installed libstdc++-11-dev:amd64 11.4.0-1ubuntu1~22.04
2024-11-04 09:47:12 status unpacked libstdc++-11-dev:amd64 11.4.0-1ubuntu1~22.04
2024-11-04 09:47:12 install g++-11:amd64 <none> 11.4.0-1ubuntu1~22.04
2024-11-04 09:47:12 status half-installed g++-11:amd64 11.4.0-1ubuntu1~22.04
2024-11-04 09:47:12 status unpacked g++-11:amd64 11.4.0-1ubuntu1~22.04
2024-11-04 09:47:12 install g++:amd64 <none> 4:11.2.0-1ubuntu1
2024-11-04 09:47:12 status half-installed g++:amd64 4:11.2.0-1ubuntu1
2024-11-04 09:47:13 status unpacked g++:amd64 4:11.2.0-1ubuntu1
2024-11-04 09:47:13 install make:amd64 <none> 4.3-4.1build1
2024-11-04 09:47:13 status half-installed make:amd64 4.3-4.1build1
2024-11-04 09:47:13 status unpacked make:amd64 4.3-4.1build1
2024-11-04 09:47:13 install libdpkg-perl:all <none> 1.21.1ubuntu2.3
2024-11-04 09:47:13 status half-installed libdpkg-perl:all 1.21.1ubuntu2.3
2024-11-04 09:47:13 status unpacked libdpkg-perl:all 1.21.1ubuntu2.3
2024-11-04 09:47:13 install bzip2:amd64 <none> 1.0.8-5build1
2024-11-04 09:47:13 status half-installed bzip2:amd64 1.0.8-5build1
2024-11-04 09:47:13 status unpacked bzip2:amd64 1.0.8-5build1
2024-11-04 09:47:13 install lto-disabled-list:all <none> 24
2024-11-04 09:47:13 status half-installed lto-disabled-list:all 24
2024-11-04 09:47:13 status unpacked lto-disabled-list:all 24
2024-11-04 09:47:13 install dpkg-dev:all <none> 1.21.1ubuntu2.3
2024-11-04 09:47:13 status half-installed dpkg-dev:all 1.21.1ubuntu2.3
2024-11-04 09:47:13 status unpacked dpkg-dev:all 1.21.1ubuntu2.3
2024-11-04 09:47:13 install build-essential:amd64 <none> 12.9ubuntu3
2024-11-04 09:47:13 status half-installed build-essential:amd64 12.9ubuntu3
2024-11-04 09:47:13 status unpacked build-essential:amd64 12.9ubuntu3
2024-11-04 09:47:13 install libfakeroot:amd64 <none> 1.28-1ubuntu1
2024-11-04 09:47:13 status half-installed libfakeroot:amd64 1.28-1ubuntu1
2024-11-04 09:47:13 status unpacked libfakeroot:amd64 1.28-1ubuntu1
2024-11-04 09:47:13 install fakeroot:amd64 <none> 1.28-1ubuntu1
2024-11-04 09:47:13 status half-installed fakeroot:amd64 1.28-1ubuntu1
2024-11-04 09:47:13 status unpacked fakeroot:amd64 1.28-1ubuntu1
2024-11-04 09:47:13 install gnupg-l10n:all <none> 2.2.27-3ubuntu2.1
2024-11-04 09:47:13 status half-installed gnupg-l10n:all 2.2.27-3ubuntu2.1
2024-11-04 09:47:13 status unpacked gnupg-l10n:all 2.2.27-3ubuntu2.1
2024-11-04 09:47:13 install gnupg-utils:amd64 <none> 2.2.27-3ubuntu2.1
2024-11-04 09:47:13 status half-installed gnupg-utils:amd64 2.2.27-3ubuntu2.1
2024-11-04 09:47:13 status unpacked gnupg-utils:amd64 2.2.27-3ubuntu2.1
2024-11-04 09:47:13 install gpg-wks-client:amd64 <none> 2.2.27-3ubuntu2.1
2024-11-04 09:47:13 status half-installed gpg-wks-client:amd64 2.2.27-3ubuntu2.1
2024-11-04 09:47:13 status unpacked gpg-wks-client:amd64 2.2.27-3ubuntu2.1
2024-11-04 09:47:13 install gpg-wks-server:amd64 <none> 2.2.27-3ubuntu2.1
2024-11-04 09:47:13 status half-installed gpg-wks-server:amd64 2.2.27-3ubuntu2.1
2024-11-04 09:47:13 status unpacked gpg-wks-server:amd64 2.2.27-3ubuntu2.1
2024-11-04 09:47:13 install gpgsm:amd64 <none> 2.2.27-3ubuntu2.1
2024-11-04 09:47:13 status half-installed gpgsm:amd64 2.2.27-3ubuntu2.1
2024-11-04 09:47:13 status unpacked gpgsm:amd64 2.2.27-3ubuntu2.1
2024-11-04 09:47:13 install gnupg:all <none> 2.2.27-3ubuntu2.1
2024-11-04 09:47:13 status half-installed gnupg:all 2.2.27-3ubuntu2.1
2024-11-04 09:47:13 status unpacked gnupg:all 2.2.27-3ubuntu2.1
2024-11-04 09:47:13 install javascript-common:all <none> 11+nmu1
2024-11-04 09:47:13 status half-installed javascript-common:all 11+nmu1
2024-11-04 09:47:13 status unpacked javascript-common:all 11+nmu1
2024-11-04 09:47:13 install libalgorithm-diff-perl:all <none> 1.201-1
2024-11-04 09:47:13 status half-installed libalgorithm-diff-perl:all 1.201-1
2024-11-04 09:47:13 status unpacked libalgorithm-diff-perl:all 1.201-1
2024-11-04 09:47:13 install libalgorithm-diff-xs-perl:amd64 <none> 0.04-6build3
2024-11-04 09:47:13 status half-installed libalgorithm-diff-xs-perl:amd64 0.04-6build3
2024-11-04 09:47:14 status unpacked libalgorithm-diff-xs-perl:amd64 0.04-6build3
2024-11-04 09:47:14 install libalgorithm-merge-perl:all <none> 0.08-3
2024-11-04 09:47:14 status half-installed libalgorithm-merge-perl:all 0.08-3
2024-11-04 09:47:14 status unpacked libalgorithm-merge-perl:all 0.08-3
2024-11-04 09:47:14 install libexpat1-dev:amd64 <none> 2.4.7-1ubuntu0.4
2024-11-04 09:47:14 status half-installed libexpat1-dev:amd64 2.4.7-1ubuntu0.4
2024-11-04 09:47:14 status unpacked libexpat1-dev:amd64 2.4.7-1ubuntu0.4
2024-11-04 09:47:14 install libfile-fcntllock-perl:amd64 <none> 0.22-3build7
2024-11-04 09:47:14 status half-installed libfile-fcntllock-perl:amd64 0.22-3build7
2024-11-04 09:47:14 status unpacked libfile-fcntllock-perl:amd64 0.22-3build7
2024-11-04 09:47:14 install libjs-jquery:all <none> 3.6.0+dfsg+~3.5.13-1
2024-11-04 09:47:14 status half-installed libjs-jquery:all 3.6.0+dfsg+~3.5.13-1
2024-11-04 09:47:14 status unpacked libjs-jquery:all 3.6.0+dfsg+~3.5.13-1
2024-11-04 09:47:14 install libjs-underscore:all <none> 1.13.2~dfsg-2
2024-11-04 09:47:14 status half-installed libjs-underscore:all 1.13.2~dfsg-2
2024-11-04 09:47:14 status unpacked libjs-underscore:all 1.13.2~dfsg-2
2024-11-04 09:47:14 install libjs-sphinxdoc:all <none> 4.3.2-1
2024-11-04 09:47:14 status half-installed libjs-sphinxdoc:all 4.3.2-1
2024-11-04 09:47:14 status unpacked libjs-sphinxdoc:all 4.3.2-1
2024-11-04 09:47:14 install libpython3.10-dev:amd64 <none> 3.10.12-1~22.04.6
2024-11-04 09:47:14 status half-installed libpython3.10-dev:amd64 3.10.12-1~22.04.6
2024-11-04 09:47:14 status unpacked libpython3.10-dev:amd64 3.10.12-1~22.04.6
2024-11-04 09:47:14 install libpython3-dev:amd64 <none> 3.10.6-1~22.04.1
2024-11-04 09:47:14 status half-installed libpython3-dev:amd64 3.10.6-1~22.04.1
2024-11-04 09:47:14 status unpacked libpython3-dev:amd64 3.10.6-1~22.04.1
2024-11-04 09:47:14 install python3.10-dev:amd64 <none> 3.10.12-1~22.04.6
2024-11-04 09:47:14 status half-installed python3.10-dev:amd64 3.10.12-1~22.04.6
2024-11-04 09:47:14 status unpacked python3.10-dev:amd64 3.10.12-1~22.04.6
2024-11-04 09:47:14 install python3-lib2to3:all <none> 3.10.8-1~22.04
2024-11-04 09:47:14 status half-installed python3-lib2to3:all 3.10.8-1~22.04
2024-11-04 09:47:14 status unpacked python3-lib2to3:all 3.10.8-1~22.04
2024-11-04 09:47:14 install python3-distutils:all <none> 3.10.8-1~22.04
2024-11-04 09:47:14 status half-installed python3-distutils:all 3.10.8-1~22.04
2024-11-04 09:47:14 status unpacked python3-distutils:all 3.10.8-1~22.04
2024-11-04 09:47:14 install python3-dev:amd64 <none> 3.10.6-1~22.04.1
2024-11-04 09:47:14 status half-installed python3-dev:amd64 3.10.6-1~22.04.1
2024-11-04 09:47:14 status unpacked python3-dev:amd64 3.10.6-1~22.04.1
2024-11-04 09:47:15 install python3-pyasn1:all <none> 0.4.8-1
2024-11-04 09:47:15 status half-installed python3-pyasn1:all 0.4.8-1
2024-11-04 09:47:15 status unpacked python3-pyasn1:all 0.4.8-1
2024-11-04 09:47:15 install python3-pyasn1-modules:all <none> 0.2.1-1
2024-11-04 09:47:15 status half-installed python3-pyasn1-modules:all 0.2.1-1
2024-11-04 09:47:15 status unpacked python3-pyasn1-modules:all 0.2.1-1
2024-11-04 09:47:15 install python3-ldap:amd64 <none> 3.2.0-4ubuntu7.1
2024-11-04 09:47:15 status half-installed python3-ldap:amd64 3.2.0-4ubuntu7.1
2024-11-04 09:47:15 status unpacked python3-ldap:amd64 3.2.0-4ubuntu7.1
2024-11-04 09:47:15 install python3-setuptools:all <none> 59.6.0-1.2ubuntu0.22.04.2
2024-11-04 09:47:15 status half-installed python3-setuptools:all 59.6.0-1.2ubuntu0.22.04.2
2024-11-04 09:47:15 status unpacked python3-setuptools:all 59.6.0-1.2ubuntu0.22.04.2
2024-11-04 09:47:15 install python3-wheel:all <none> 0.37.1-2ubuntu0.22.04.1
2024-11-04 09:47:15 status half-installed python3-wheel:all 0.37.1-2ubuntu0.22.04.1
2024-11-04 09:47:15 status unpacked python3-wheel:all 0.37.1-2ubuntu0.22.04.1
2024-11-04 09:47:15 install python3-pip:all <none> 22.0.2+dfsg-1ubuntu0.5
2024-11-04 09:47:15 status half-installed python3-pip:all 22.0.2+dfsg-1ubuntu0.5
2024-11-04 09:47:15 status unpacked python3-pip:all 22.0.2+dfsg-1ubuntu0.5
2024-11-04 09:47:15 startup packages configure
2024-11-04 09:47:15 configure javascript-common:all 11+nmu1 <none>
2024-11-04 09:47:15 status unpacked javascript-common:all 11+nmu1
2024-11-04 09:47:15 status half-configured javascript-common:all 11+nmu1
2024-11-04 09:47:15 status installed javascript-common:all 11+nmu1
2024-11-04 09:47:15 configure gcc-11-base:amd64 11.4.0-1ubuntu1~22.04 <none>
2024-11-04 09:47:15 status unpacked gcc-11-base:amd64 11.4.0-1ubuntu1~22.04
2024-11-04 09:47:15 status half-configured gcc-11-base:amd64 11.4.0-1ubuntu1~22.04
2024-11-04 09:47:15 status installed gcc-11-base:amd64 11.4.0-1ubuntu1~22.04
2024-11-04 09:47:15 configure lto-disabled-list:all 24 <none>
2024-11-04 09:47:15 status unpacked lto-disabled-list:all 24
2024-11-04 09:47:15 status half-configured lto-disabled-list:all 24
2024-11-04 09:47:15 status installed lto-disabled-list:all 24
2024-11-04 09:47:15 configure gpg-wks-client:amd64 2.2.27-3ubuntu2.1 <none>
2024-11-04 09:47:15 status unpacked gpg-wks-client:amd64 2.2.27-3ubuntu2.1
2024-11-04 09:47:15 status half-configured gpg-wks-client:amd64 2.2.27-3ubuntu2.1
2024-11-04 09:47:15 status installed gpg-wks-client:amd64 2.2.27-3ubuntu2.1
2024-11-04 09:47:15 configure libfile-fcntllock-perl:amd64 0.22-3build7 <none>
2024-11-04 09:47:15 status unpacked libfile-fcntllock-perl:amd64 0.22-3build7
2024-11-04 09:47:15 status half-configured libfile-fcntllock-perl:amd64 0.22-3build7
2024-11-04 09:47:15 status installed libfile-fcntllock-perl:amd64 0.22-3build7
2024-11-04 09:47:15 configure libalgorithm-diff-perl:all 1.201-1 <none>
2024-11-04 09:47:15 status unpacked libalgorithm-diff-perl:all 1.201-1
2024-11-04 09:47:15 status half-configured libalgorithm-diff-perl:all 1.201-1
2024-11-04 09:47:15 status installed libalgorithm-diff-perl:all 1.201-1
2024-11-04 09:47:15 configure gpgsm:amd64 2.2.27-3ubuntu2.1 <none>
2024-11-04 09:47:15 status unpacked gpgsm:amd64 2.2.27-3ubuntu2.1
2024-11-04 09:47:15 status half-configured gpgsm:amd64 2.2.27-3ubuntu2.1
2024-11-04 09:47:15 status installed gpgsm:amd64 2.2.27-3ubuntu2.1
2024-11-04 09:47:15 configure binutils-common:amd64 2.38-4ubuntu2.6 <none>
2024-11-04 09:47:15 status unpacked binutils-common:amd64 2.38-4ubuntu2.6
2024-11-04 09:47:15 status half-configured binutils-common:amd64 2.38-4ubuntu2.6
2024-11-04 09:47:15 status installed binutils-common:amd64 2.38-4ubuntu2.6
2024-11-04 09:47:15 configure libctf-nobfd0:amd64 2.38-4ubuntu2.6 <none>
2024-11-04 09:47:15 status unpacked libctf-nobfd0:amd64 2.38-4ubuntu2.6
2024-11-04 09:47:15 status half-configured libctf-nobfd0:amd64 2.38-4ubuntu2.6
2024-11-04 09:47:15 status installed libctf-nobfd0:amd64 2.38-4ubuntu2.6
2024-11-04 09:47:15 configure libgomp1:amd64 12.3.0-1ubuntu1~22.04 <none>
2024-11-04 09:47:15 status unpacked libgomp1:amd64 12.3.0-1ubuntu1~22.04
2024-11-04 09:47:15 status half-configured libgomp1:amd64 12.3.0-1ubuntu1~22.04
2024-11-04 09:47:15 status installed libgomp1:amd64 12.3.0-1ubuntu1~22.04
2024-11-04 09:47:15 configure bzip2:amd64 1.0.8-5build1 <none>
2024-11-04 09:47:15 status unpacked bzip2:amd64 1.0.8-5build1
2024-11-04 09:47:15 status half-configured bzip2:amd64 1.0.8-5build1
2024-11-04 09:47:15 status installed bzip2:amd64 1.0.8-5build1
2024-11-04 09:47:15 configure libfakeroot:amd64 1.28-1ubuntu1 <none>
2024-11-04 09:47:15 status unpacked libfakeroot:amd64 1.28-1ubuntu1
2024-11-04 09:47:15 status half-configured libfakeroot:amd64 1.28-1ubuntu1
2024-11-04 09:47:15 status installed libfakeroot:amd64 1.28-1ubuntu1
2024-11-04 09:47:15 configure libasan6:amd64 11.4.0-1ubuntu1~22.04 <none>
2024-11-04 09:47:15 status unpacked libasan6:amd64 11.4.0-1ubuntu1~22.04
2024-11-04 09:47:15 status half-configured libasan6:amd64 11.4.0-1ubuntu1~22.04
2024-11-04 09:47:15 status installed libasan6:amd64 11.4.0-1ubuntu1~22.04
2024-11-04 09:47:15 configure fakeroot:amd64 1.28-1ubuntu1 <none>
2024-11-04 09:47:15 status unpacked fakeroot:amd64 1.28-1ubuntu1
2024-11-04 09:47:15 status half-configured fakeroot:amd64 1.28-1ubuntu1
2024-11-04 09:47:15 status installed fakeroot:amd64 1.28-1ubuntu1
2024-11-04 09:47:15 configure libexpat1-dev:amd64 2.4.7-1ubuntu0.4 <none>
2024-11-04 09:47:15 status unpacked libexpat1-dev:amd64 2.4.7-1ubuntu0.4
2024-11-04 09:47:15 status half-configured libexpat1-dev:amd64 2.4.7-1ubuntu0.4
2024-11-04 09:47:15 status installed libexpat1-dev:amd64 2.4.7-1ubuntu0.4
2024-11-04 09:47:15 configure make:amd64 4.3-4.1build1 <none>
2024-11-04 09:47:15 status unpacked make:amd64 4.3-4.1build1
2024-11-04 09:47:15 status half-configured make:amd64 4.3-4.1build1
2024-11-04 09:47:15 status installed make:amd64 4.3-4.1build1
2024-11-04 09:47:15 configure libmpfr6:amd64 4.1.0-3build3 <none>
2024-11-04 09:47:15 status unpacked libmpfr6:amd64 4.1.0-3build3
2024-11-04 09:47:15 status half-configured libmpfr6:amd64 4.1.0-3build3
2024-11-04 09:47:15 status installed libmpfr6:amd64 4.1.0-3build3
2024-11-04 09:47:15 configure gnupg-l10n:all 2.2.27-3ubuntu2.1 <none>
2024-11-04 09:47:15 status unpacked gnupg-l10n:all 2.2.27-3ubuntu2.1
2024-11-04 09:47:15 status half-configured gnupg-l10n:all 2.2.27-3ubuntu2.1
2024-11-04 09:47:15 status installed gnupg-l10n:all 2.2.27-3ubuntu2.1
2024-11-04 09:47:15 configure xz-utils:amd64 5.2.5-2ubuntu1 <none>
2024-11-04 09:47:15 status unpacked xz-utils:amd64 5.2.5-2ubuntu1
2024-11-04 09:47:15 status half-configured xz-utils:amd64 5.2.5-2ubuntu1
2024-11-04 09:47:15 status installed xz-utils:amd64 5.2.5-2ubuntu1
2024-11-04 09:47:15 configure libquadmath0:amd64 12.3.0-1ubuntu1~22.04 <none>
2024-11-04 09:47:15 status unpacked libquadmath0:amd64 12.3.0-1ubuntu1~22.04
2024-11-04 09:47:15 status half-configured libquadmath0:amd64 12.3.0-1ubuntu1~22.04
2024-11-04 09:47:15 status installed libquadmath0:amd64 12.3.0-1ubuntu1~22.04
2024-11-04 09:47:15 configure libmpc3:amd64 1.2.1-2build1 <none>
2024-11-04 09:47:15 status unpacked libmpc3:amd64 1.2.1-2build1
2024-11-04 09:47:15 status half-configured libmpc3:amd64 1.2.1-2build1
2024-11-04 09:47:15 status installed libmpc3:amd64 1.2.1-2build1
2024-11-04 09:47:15 configure libatomic1:amd64 12.3.0-1ubuntu1~22.04 <none>
2024-11-04 09:47:15 status unpacked libatomic1:amd64 12.3.0-1ubuntu1~22.04
2024-11-04 09:47:15 status half-configured libatomic1:amd64 12.3.0-1ubuntu1~22.04
2024-11-04 09:47:15 status installed libatomic1:amd64 12.3.0-1ubuntu1~22.04
2024-11-04 09:47:15 configure libpython3.10-dev:amd64 3.10.12-1~22.04.6 <none>
2024-11-04 09:47:15 status unpacked libpython3.10-dev:amd64 3.10.12-1~22.04.6
2024-11-04 09:47:15 status half-configured libpython3.10-dev:amd64 3.10.12-1~22.04.6
2024-11-04 09:47:15 status installed libpython3.10-dev:amd64 3.10.12-1~22.04.6
2024-11-04 09:47:15 configure libdpkg-perl:all 1.21.1ubuntu2.3 <none>
2024-11-04 09:47:15 status unpacked libdpkg-perl:all 1.21.1ubuntu2.3
2024-11-04 09:47:15 status half-configured libdpkg-perl:all 1.21.1ubuntu2.3
2024-11-04 09:47:15 status installed libdpkg-perl:all 1.21.1ubuntu2.3
2024-11-04 09:47:15 configure gpg-wks-server:amd64 2.2.27-3ubuntu2.1 <none>
2024-11-04 09:47:15 status unpacked gpg-wks-server:amd64 2.2.27-3ubuntu2.1
2024-11-04 09:47:15 status half-configured gpg-wks-server:amd64 2.2.27-3ubuntu2.1
2024-11-04 09:47:15 status installed gpg-wks-server:amd64 2.2.27-3ubuntu2.1
2024-11-04 09:47:15 configure libubsan1:amd64 12.3.0-1ubuntu1~22.04 <none>
2024-11-04 09:47:15 status unpacked libubsan1:amd64 12.3.0-1ubuntu1~22.04
2024-11-04 09:47:15 status half-configured libubsan1:amd64 12.3.0-1ubuntu1~22.04
2024-11-04 09:47:15 status installed libubsan1:amd64 12.3.0-1ubuntu1~22.04
2024-11-04 09:47:15 configure python3.10-dev:amd64 3.10.12-1~22.04.6 <none>
2024-11-04 09:47:15 status unpacked python3.10-dev:amd64 3.10.12-1~22.04.6
2024-11-04 09:47:16 status half-configured python3.10-dev:amd64 3.10.12-1~22.04.6
2024-11-04 09:47:16 status installed python3.10-dev:amd64 3.10.12-1~22.04.6
2024-11-04 09:47:16 configure python3-pyasn1:all 0.4.8-1 <none>
2024-11-04 09:47:16 status unpacked python3-pyasn1:all 0.4.8-1
2024-11-04 09:47:16 status half-configured python3-pyasn1:all 0.4.8-1
2024-11-04 09:47:16 status installed python3-pyasn1:all 0.4.8-1
2024-11-04 09:47:16 configure libjs-jquery:all 3.6.0+dfsg+~3.5.13-1 <none>
2024-11-04 09:47:16 status unpacked libjs-jquery:all 3.6.0+dfsg+~3.5.13-1
2024-11-04 09:47:16 status half-configured libjs-jquery:all 3.6.0+dfsg+~3.5.13-1
2024-11-04 09:47:16 status installed libjs-jquery:all 3.6.0+dfsg+~3.5.13-1
2024-11-04 09:47:16 configure libbinutils:amd64 2.38-4ubuntu2.6 <none>
2024-11-04 09:47:16 status unpacked libbinutils:amd64 2.38-4ubuntu2.6
2024-11-04 09:47:16 status half-configured libbinutils:amd64 2.38-4ubuntu2.6
2024-11-04 09:47:16 status installed libbinutils:amd64 2.38-4ubuntu2.6
2024-11-04 09:47:16 configure libisl23:amd64 0.24-2build1 <none>
2024-11-04 09:47:16 status unpacked libisl23:amd64 0.24-2build1
2024-11-04 09:47:16 status half-configured libisl23:amd64 0.24-2build1
2024-11-04 09:47:16 status installed libisl23:amd64 0.24-2build1
2024-11-04 09:47:16 configure python3-lib2to3:all 3.10.8-1~22.04 <none>
2024-11-04 09:47:16 status unpacked python3-lib2to3:all 3.10.8-1~22.04
2024-11-04 09:47:16 status half-configured python3-lib2to3:all 3.10.8-1~22.04
2024-11-04 09:47:16 status installed python3-lib2to3:all 3.10.8-1~22.04
2024-11-04 09:47:16 configure libalgorithm-diff-xs-perl:amd64 0.04-6build3 <none>
2024-11-04 09:47:16 status unpacked libalgorithm-diff-xs-perl:amd64 0.04-6build3
2024-11-04 09:47:16 status half-configured libalgorithm-diff-xs-perl:amd64 0.04-6build3
2024-11-04 09:47:16 status installed libalgorithm-diff-xs-perl:amd64 0.04-6build3
2024-11-04 09:47:16 configure libcc1-0:amd64 12.3.0-1ubuntu1~22.04 <none>
2024-11-04 09:47:16 status unpacked libcc1-0:amd64 12.3.0-1ubuntu1~22.04
2024-11-04 09:47:16 status half-configured libcc1-0:amd64 12.3.0-1ubuntu1~22.04
2024-11-04 09:47:16 status installed libcc1-0:amd64 12.3.0-1ubuntu1~22.04
2024-11-04 09:47:16 configure liblocale-gettext-perl:amd64 1.07-4build3 <none>
2024-11-04 09:47:16 status unpacked liblocale-gettext-perl:amd64 1.07-4build3
2024-11-04 09:47:16 status half-configured liblocale-gettext-perl:amd64 1.07-4build3
2024-11-04 09:47:16 status installed liblocale-gettext-perl:amd64 1.07-4build3
2024-11-04 09:47:16 configure liblsan0:amd64 12.3.0-1ubuntu1~22.04 <none>
2024-11-04 09:47:16 status unpacked liblsan0:amd64 12.3.0-1ubuntu1~22.04
2024-11-04 09:47:16 status half-configured liblsan0:amd64 12.3.0-1ubuntu1~22.04
2024-11-04 09:47:16 status installed liblsan0:amd64 12.3.0-1ubuntu1~22.04
2024-11-04 09:47:16 configure libitm1:amd64 12.3.0-1ubuntu1~22.04 <none>
2024-11-04 09:47:16 status unpacked libitm1:amd64 12.3.0-1ubuntu1~22.04
2024-11-04 09:47:16 status half-configured libitm1:amd64 12.3.0-1ubuntu1~22.04
2024-11-04 09:47:16 status installed libitm1:amd64 12.3.0-1ubuntu1~22.04
2024-11-04 09:47:16 configure libjs-underscore:all 1.13.2~dfsg-2 <none>
2024-11-04 09:47:16 status unpacked libjs-underscore:all 1.13.2~dfsg-2
2024-11-04 09:47:16 status half-configured libjs-underscore:all 1.13.2~dfsg-2
2024-11-04 09:47:16 status installed libjs-underscore:all 1.13.2~dfsg-2
2024-11-04 09:47:16 configure libalgorithm-merge-perl:all 0.08-3 <none>
2024-11-04 09:47:16 status unpacked libalgorithm-merge-perl:all 0.08-3
2024-11-04 09:47:16 status half-configured libalgorithm-merge-perl:all 0.08-3
2024-11-04 09:47:16 status installed libalgorithm-merge-perl:all 0.08-3
2024-11-04 09:47:16 configure gnupg-utils:amd64 2.2.27-3ubuntu2.1 <none>
2024-11-04 09:47:16 status unpacked gnupg-utils:amd64 2.2.27-3ubuntu2.1
2024-11-04 09:47:16 status half-configured gnupg-utils:amd64 2.2.27-3ubuntu2.1
2024-11-04 09:47:16 status installed gnupg-utils:amd64 2.2.27-3ubuntu2.1
2024-11-04 09:47:16 configure libtsan0:amd64 11.4.0-1ubuntu1~22.04 <none>
2024-11-04 09:47:16 status unpacked libtsan0:amd64 11.4.0-1ubuntu1~22.04
2024-11-04 09:47:16 status half-configured libtsan0:amd64 11.4.0-1ubuntu1~22.04
2024-11-04 09:47:16 status installed libtsan0:amd64 11.4.0-1ubuntu1~22.04
2024-11-04 09:47:16 configure libctf0:amd64 2.38-4ubuntu2.6 <none>
2024-11-04 09:47:16 status unpacked libctf0:amd64 2.38-4ubuntu2.6
2024-11-04 09:47:16 status half-configured libctf0:amd64 2.38-4ubuntu2.6
2024-11-04 09:47:16 status installed libctf0:amd64 2.38-4ubuntu2.6
2024-11-04 09:47:16 configure python3-distutils:all 3.10.8-1~22.04 <none>
2024-11-04 09:47:16 status unpacked python3-distutils:all 3.10.8-1~22.04
2024-11-04 09:47:16 status half-configured python3-distutils:all 3.10.8-1~22.04
2024-11-04 09:47:16 status installed python3-distutils:all 3.10.8-1~22.04
2024-11-04 09:47:16 configure cpp-11:amd64 11.4.0-1ubuntu1~22.04 <none>
2024-11-04 09:47:16 status unpacked cpp-11:amd64 11.4.0-1ubuntu1~22.04
2024-11-04 09:47:16 status half-configured cpp-11:amd64 11.4.0-1ubuntu1~22.04
2024-11-04 09:47:16 status installed cpp-11:amd64 11.4.0-1ubuntu1~22.04
2024-11-04 09:47:16 configure libpython3-dev:amd64 3.10.6-1~22.04.1 <none>
2024-11-04 09:47:16 status unpacked libpython3-dev:amd64 3.10.6-1~22.04.1
2024-11-04 09:47:16 status half-configured libpython3-dev:amd64 3.10.6-1~22.04.1
2024-11-04 09:47:16 status installed libpython3-dev:amd64 3.10.6-1~22.04.1
2024-11-04 09:47:16 configure python3-setuptools:all 59.6.0-1.2ubuntu0.22.04.2 <none>
2024-11-04 09:47:16 status unpacked python3-setuptools:all 59.6.0-1.2ubuntu0.22.04.2
2024-11-04 09:47:16 status half-configured python3-setuptools:all 59.6.0-1.2ubuntu0.22.04.2
2024-11-04 09:47:17 status installed python3-setuptools:all 59.6.0-1.2ubuntu0.22.04.2
2024-11-04 09:47:17 configure python3-wheel:all 0.37.1-2ubuntu0.22.04.1 <none>
2024-11-04 09:47:17 status unpacked python3-wheel:all 0.37.1-2ubuntu0.22.04.1
2024-11-04 09:47:17 status half-configured python3-wheel:all 0.37.1-2ubuntu0.22.04.1
2024-11-04 09:47:17 status installed python3-wheel:all 0.37.1-2ubuntu0.22.04.1
2024-11-04 09:47:17 configure python3-pyasn1-modules:all 0.2.1-1 <none>
2024-11-04 09:47:17 status unpacked python3-pyasn1-modules:all 0.2.1-1
2024-11-04 09:47:17 status half-configured python3-pyasn1-modules:all 0.2.1-1
2024-11-04 09:47:17 status installed python3-pyasn1-modules:all 0.2.1-1
2024-11-04 09:47:17 configure python3-pip:all 22.0.2+dfsg-1ubuntu0.5 <none>
2024-11-04 09:47:17 status unpacked python3-pip:all 22.0.2+dfsg-1ubuntu0.5
2024-11-04 09:47:17 status half-configured python3-pip:all 22.0.2+dfsg-1ubuntu0.5
2024-11-04 09:47:19 status installed python3-pip:all 22.0.2+dfsg-1ubuntu0.5
2024-11-04 09:47:19 configure libjs-sphinxdoc:all 4.3.2-1 <none>
2024-11-04 09:47:19 status unpacked libjs-sphinxdoc:all 4.3.2-1
2024-11-04 09:47:19 status half-configured libjs-sphinxdoc:all 4.3.2-1
2024-11-04 09:47:19 status installed libjs-sphinxdoc:all 4.3.2-1
2024-11-04 09:47:19 configure libgcc-11-dev:amd64 11.4.0-1ubuntu1~22.04 <none>
2024-11-04 09:47:19 status unpacked libgcc-11-dev:amd64 11.4.0-1ubuntu1~22.04
2024-11-04 09:47:19 status half-configured libgcc-11-dev:amd64 11.4.0-1ubuntu1~22.04
2024-11-04 09:47:19 status installed libgcc-11-dev:amd64 11.4.0-1ubuntu1~22.04
2024-11-04 09:47:19 configure cpp:amd64 4:11.2.0-1ubuntu1 <none>
2024-11-04 09:47:19 status unpacked cpp:amd64 4:11.2.0-1ubuntu1
2024-11-04 09:47:19 status half-configured cpp:amd64 4:11.2.0-1ubuntu1
2024-11-04 09:47:19 status installed cpp:amd64 4:11.2.0-1ubuntu1
2024-11-04 09:47:19 configure gnupg:all 2.2.27-3ubuntu2.1 <none>
2024-11-04 09:47:19 status unpacked gnupg:all 2.2.27-3ubuntu2.1
2024-11-04 09:47:19 status half-configured gnupg:all 2.2.27-3ubuntu2.1
2024-11-04 09:47:19 status installed gnupg:all 2.2.27-3ubuntu2.1
2024-11-04 09:47:19 configure binutils-x86-64-linux-gnu:amd64 2.38-4ubuntu2.6 <none>
2024-11-04 09:47:19 status unpacked binutils-x86-64-linux-gnu:amd64 2.38-4ubuntu2.6
2024-11-04 09:47:19 status half-configured binutils-x86-64-linux-gnu:amd64 2.38-4ubuntu2.6
2024-11-04 09:47:19 status installed binutils-x86-64-linux-gnu:amd64 2.38-4ubuntu2.6
2024-11-04 09:47:19 configure python3-ldap:amd64 3.2.0-4ubuntu7.1 <none>
2024-11-04 09:47:19 status unpacked python3-ldap:amd64 3.2.0-4ubuntu7.1
2024-11-04 09:47:19 status half-configured python3-ldap:amd64 3.2.0-4ubuntu7.1
2024-11-04 09:47:19 status installed python3-ldap:amd64 3.2.0-4ubuntu7.1
2024-11-04 09:47:19 configure binutils:amd64 2.38-4ubuntu2.6 <none>
2024-11-04 09:47:19 status unpacked binutils:amd64 2.38-4ubuntu2.6
2024-11-04 09:47:19 status half-configured binutils:amd64 2.38-4ubuntu2.6
2024-11-04 09:47:19 status installed binutils:amd64 2.38-4ubuntu2.6
2024-11-04 09:47:19 configure dpkg-dev:all 1.21.1ubuntu2.3 <none>
2024-11-04 09:47:19 status unpacked dpkg-dev:all 1.21.1ubuntu2.3
2024-11-04 09:47:19 status half-configured dpkg-dev:all 1.21.1ubuntu2.3
2024-11-04 09:47:19 status installed dpkg-dev:all 1.21.1ubuntu2.3
2024-11-04 09:47:19 configure python3-dev:amd64 3.10.6-1~22.04.1 <none>
2024-11-04 09:47:19 status unpacked python3-dev:amd64 3.10.6-1~22.04.1
2024-11-04 09:47:19 status half-configured python3-dev:amd64 3.10.6-1~22.04.1
2024-11-04 09:47:19 status installed python3-dev:amd64 3.10.6-1~22.04.1
2024-11-04 09:47:19 configure libstdc++-11-dev:amd64 11.4.0-1ubuntu1~22.04 <none>
2024-11-04 09:47:19 status unpacked libstdc++-11-dev:amd64 11.4.0-1ubuntu1~22.04
2024-11-04 09:47:19 status half-configured libstdc++-11-dev:amd64 11.4.0-1ubuntu1~22.04
2024-11-04 09:47:19 status installed libstdc++-11-dev:amd64 11.4.0-1ubuntu1~22.04
2024-11-04 09:47:19 configure gcc-11:amd64 11.4.0-1ubuntu1~22.04 <none>
2024-11-04 09:47:19 status unpacked gcc-11:amd64 11.4.0-1ubuntu1~22.04
2024-11-04 09:47:19 status half-configured gcc-11:amd64 11.4.0-1ubuntu1~22.04
2024-11-04 09:47:19 status installed gcc-11:amd64 11.4.0-1ubuntu1~22.04
2024-11-04 09:47:19 configure g++-11:amd64 11.4.0-1ubuntu1~22.04 <none>
2024-11-04 09:47:19 status unpacked g++-11:amd64 11.4.0-1ubuntu1~22.04
2024-11-04 09:47:19 status half-configured g++-11:amd64 11.4.0-1ubuntu1~22.04
2024-11-04 09:47:19 status installed g++-11:amd64 11.4.0-1ubuntu1~22.04
2024-11-04 09:47:19 configure gcc:amd64 4:11.2.0-1ubuntu1 <none>
2024-11-04 09:47:19 status unpacked gcc:amd64 4:11.2.0-1ubuntu1
2024-11-04 09:47:19 status half-configured gcc:amd64 4:11.2.0-1ubuntu1
2024-11-04 09:47:19 status installed gcc:amd64 4:11.2.0-1ubuntu1
2024-11-04 09:47:19 configure g++:amd64 4:11.2.0-1ubuntu1 <none>
2024-11-04 09:47:19 status unpacked g++:amd64 4:11.2.0-1ubuntu1
2024-11-04 09:47:19 status half-configured g++:amd64 4:11.2.0-1ubuntu1
2024-11-04 09:47:19 status installed g++:amd64 4:11.2.0-1ubuntu1
2024-11-04 09:47:19 configure build-essential:amd64 12.9ubuntu3 <none>
2024-11-04 09:47:19 status unpacked build-essential:amd64 12.9ubuntu3
2024-11-04 09:47:19 status half-configured build-essential:amd64 12.9ubuntu3
2024-11-04 09:47:19 status installed build-essential:amd64 12.9ubuntu3
2024-11-04 09:47:19 trigproc libc-bin:amd64 2.35-0ubuntu3.8 <none>
2024-11-04 09:47:19 status half-configured libc-bin:amd64 2.35-0ubuntu3.8
2024-11-04 09:47:19 status installed libc-bin:amd64 2.35-0ubuntu3.8
